Date,Store ID,Product ID,Actual Demand,Predicted Demand,Prediction_Error
2023-08-14,S004,P0019,86,46.384000478779,39.615999521221
2023-08-14,S001,P0019,266,181.2098161099671,84.79018389003289
2023-08-14,S004,P0016,29,79.65798462910169,-50.65798462910169
2023-08-14,S001,P0008,266,187.88607691374773,78.11392308625227
2023-08-14,S003,P0006,16,60.62022455186104,-44.62022455186104
2023-08-14,S005,P0011,183,193.09739255642933,-10.097392556429327
2023-08-14,S005,P0015,430,224.0507967307699,205.9492032692301
2023-08-14,S002,P0013,250,226.09814392176946,23.901856078230537
2023-08-14,S002,P0003,49,73.37552625592338,-24.375526255923376
2023-08-14,S003,P0012,76,84.99531281162416,-8.99531281162416
2023-08-14,S005,P0020,311,250.00481372571738,60.99518627428262
2023-08-14,S001,P0001,72,194.03038327486792,-122.03038327486792
2023-08-14,S001,P0010,15,158.46725773165394,-143.46725773165394
2023-08-14,S001,P0011,116,234.0514033533741,-118.0514033533741
2023-08-14,S001,P0003,267,151.90140770821012,115.09859229178988
2023-08-14,S003,P0005,403,208.60863434991273,194.39136565008727
2023-08-14,S002,P0019,171,133.05943175048003,37.94056824951997
2023-08-14,S004,P0015,156,161.7950674091074,-5.795067409107389
2023-08-14,S003,P0003,45,170.67993611259942,-125.67993611259942
2023-08-14,S004,P0012,44,24.920666760181746,19.079333239818254
2023-08-14,S005,P0004,72,50.1867183944791,21.8132816055209
2023-08-14,S002,P0017,56,53.05104572299143,2.9489542770085677
2023-08-14,S005,P0018,424,231.20623132806014,192.79376867193986
2023-08-14,S002,P0011,87,193.04521157748894,-106.04521157748894
2023-08-14,S004,P0006,106,142.48964057737078,-36.48964057737078
2023-08-14,S002,P0020,202,138.2367050323246,63.76329496767539
2023-08-14,S005,P0002,18,84.70034490625437,-66.70034490625437
2023-08-14,S002,P0015,91,57.841535430907015,33.158464569092985
2023-08-14,S001,P0013,119,110.75064366941149,8.249356330588512
2023-08-14,S005,P0001,12,137.68741804665376,-125.68741804665376
2023-08-14,S003,P0018,8,79.33314031146273,-71.33314031146273
2023-08-14,S003,P0013,77,190.32837850614737,-113.32837850614737
2023-08-14,S003,P0020,131,108.9064522906362,22.093547709363804
2023-08-14,S001,P0005,348,211.7360015256872,136.2639984743128
2023-08-15,S001,P0019,65,71.4394308806103,-6.439430880610303
2023-08-15,S001,P0007,223,231.98499385918933,-8.98499385918933
2023-08-15,S002,P0003,58,113.030174691414,-55.030174691414004
2023-08-15,S001,P0016,336,173.87124869579566,162.12875130420434
2023-08-15,S003,P0008,17,55.53688432539212,-38.53688432539212
2023-08-15,S004,P0017,164,159.05468242150806,4.945317578491938
2023-08-15,S002,P0002,81,137.15070896729554,-56.15070896729554
2023-08-15,S001,P0015,67,69.12466346048075,-2.124663460480747
2023-08-15,S005,P0005,68,131.31112603816518,-63.311126038165185
2023-08-15,S001,P0008,19,32.08406547110769,-13.084065471107692
2023-08-15,S001,P0013,2,61.00599682774259,-59.00599682774259
2023-08-15,S003,P0002,84,170.73072347953422,-86.73072347953422
2023-08-15,S001,P0006,207,200.28268359824364,6.717316401756364
2023-08-15,S005,P0001,451,234.24620724144813,216.75379275855187
2023-08-15,S003,P0001,101,146.38309681313,-45.38309681313001
2023-08-15,S005,P0018,35,37.742769572082125,-2.742769572082125
2023-08-15,S003,P0009,38,128.94668495019982,-90.94668495019982
2023-08-15,S004,P0018,79,105.17859922330848,-26.17859922330848
2023-08-15,S004,P0014,22,51.42158027525977,-29.42158027525977
2023-08-15,S002,P0013,72,61.51202770250313,10.487972297496867
2023-08-15,S001,P0004,95,130.6432461538035,-35.64324615380349
2023-08-15,S005,P0017,33,35.05638074959501,-2.0563807495950073
2023-08-15,S002,P0011,201,200.78500272894536,0.21499727105464217
2023-08-15,S001,P0011,121,183.53714939037275,-62.53714939037275
2023-08-15,S001,P0018,143,187.4382304839133,-44.43823048391329
2023-08-15,S001,P0002,22,114.09041661289751,-92.09041661289751
2023-08-15,S003,P0011,247,213.87419729192783,33.12580270807217
2023-08-15,S001,P0005,2,123.63474405517127,-121.63474405517127
2023-08-15,S002,P0012,56,191.37004020550012,-135.37004020550012
2023-08-15,S004,P0009,246,200.89698348305774,45.10301651694226
2023-08-15,S003,P0020,50,97.1723086897644,-47.17230868976441
2023-08-15,S003,P0004,37,113.41098152086784,-76.41098152086784
2023-08-15,S003,P0003,40,97.18791248828774,-57.187912488287736
2023-08-15,S002,P0007,242,226.6920432884204,15.307956711579607
2023-08-15,S002,P0008,148,187.9993351726717,-39.99933517267169
2023-08-15,S005,P0019,33,158.07098308105083,-125.07098308105083
2023-08-15,S005,P0009,91,45.18262227296236,45.81737772703764
2023-08-15,S005,P0002,242,121.30922918440865,120.69077081559135
2023-08-15,S004,P0010,126,118.60437793206682,7.395622067933175
2023-08-15,S005,P0003,136,129.61638089125046,6.383619108749542
2023-08-15,S004,P0004,64,99.08164059854494,-35.081640598544936
2023-08-15,S003,P0014,72,78.51915407902715,-6.519154079027146
2023-08-15,S002,P0009,99,53.732355321298485,45.267644678701515
2023-08-15,S002,P0015,8,108.98776693953442,-100.98776693953442
2023-08-15,S004,P0003,36,202.691906954086,-166.691906954086
2023-08-15,S004,P0007,44,166.6761751461803,-122.6761751461803
2023-08-15,S001,P0001,289,204.84001891156908,84.15998108843092
2023-08-15,S004,P0001,81,198.58287673723532,-117.58287673723532
2023-08-15,S001,P0003,49,34.294547350094604,14.705452649905396
2023-08-15,S004,P0016,123,100.71137687069466,22.288623129305336
2023-08-15,S001,P0014,105,82.74032357890519,22.25967642109481
2023-08-15,S003,P0016,80,50.276216648077934,29.723783351922066
2023-08-15,S005,P0020,164,167.64367054072227,-3.643670540722269
2023-08-15,S005,P0015,108,199.14247892672466,-91.14247892672466
2023-08-15,S002,P0016,60,53.07458094504068,6.92541905495932
2023-08-15,S002,P0005,16,29.81776397994838,-13.817763979948381
2023-08-15,S003,P0010,109,173.02953907473324,-64.02953907473324
2023-08-15,S005,P0012,77,184.89842372447936,-107.89842372447936
2023-08-15,S004,P0020,42,78.74654836401419,-36.74654836401419
2023-08-15,S003,P0006,162,200.61480577447315,-38.614805774473155
2023-08-15,S003,P0005,231,248.88846094947831,-17.888460949478315
2023-08-15,S005,P0004,154,171.22444917971012,-17.22444917971012
2023-08-15,S004,P0012,45,72.83974054792623,-27.839740547926226
2023-08-15,S002,P0018,192,118.09931813509615,73.90068186490385
2023-08-15,S005,P0008,204,137.1586194060812,66.84138059391881
2023-08-15,S004,P0015,143,73.78482742028444,69.21517257971556
2023-08-15,S004,P0005,71,116.54694618273788,-45.546946182737884
2023-08-15,S002,P0014,145,111.97766175960749,33.022338240392514
2023-08-15,S002,P0017,48,27.75688527591501,20.24311472408499
2023-08-15,S004,P0013,230,121.50808252216382,108.49191747783618
2023-08-15,S003,P0015,140,78.22165407480793,61.77834592519207
2023-08-15,S001,P0009,97,89.02595425864445,7.974045741355553
2023-08-15,S001,P0020,139,192.5631272587746,-53.563127258774614
2023-08-15,S003,P0013,42,55.93106956151837,-13.93106956151837
2023-08-15,S003,P0012,105,73.72086130582318,31.279138694176822
2023-08-15,S002,P0010,135,167.0100834454626,-32.01008344546261
2023-08-15,S005,P0014,251,244.42959398569917,6.570406014300829
2023-08-15,S003,P0017,52,43.09825125966495,8.901748740335051
2023-08-15,S002,P0006,141,106.63080194334913,34.36919805665087
2023-08-15,S002,P0001,63,159.43338447470967,-96.43338447470967
2023-08-15,S005,P0016,276,229.38216629174872,46.61783370825128
2023-08-15,S005,P0013,31,196.42519801118573,-165.42519801118573
2023-08-15,S005,P0007,66,112.87796153493315,-46.87796153493315
2023-08-15,S005,P0006,80,59.88106074519641,20.118939254803593
2023-08-15,S001,P0012,188,181.10797686689,6.892023133110001
2023-08-15,S004,P0002,13,237.97777364593384,-224.97777364593384
2023-08-15,S003,P0018,405,204.4150216082856,200.5849783917144
2023-08-15,S003,P0019,50,44.768233654719836,5.231766345280164
2023-08-15,S005,P0010,87,125.71691940990712,-38.71691940990712
2023-08-15,S003,P0007,66,154.18375665288255,-88.18375665288255
2023-08-15,S004,P0011,161,145.67724041542812,15.322759584571884
2023-08-15,S005,P0011,157,127.54970002747547,29.450299972524533
2023-08-15,S001,P0010,40,68.72306273306344,-28.723062733063443
2023-08-15,S002,P0020,4,75.30418934836433,-71.30418934836433
2023-08-15,S001,P0017,23,44.48051244737587,-21.480512447375872
2023-08-15,S002,P0004,350,211.57719966095232,138.42280033904768
2023-08-15,S002,P0019,92,63.27009693000849,28.729903069991508
2023-08-15,S004,P0019,255,191.2342505772914,63.76574942270861
2023-08-15,S004,P0006,132,131.62092782541725,0.37907217458274545
2023-08-15,S004,P0008,201,221.77980336924077,-20.779803369240767
2023-08-16,S004,P0019,91,110.39335401328549,-19.39335401328549
2023-08-16,S003,P0008,64,148.71574109044582,-84.71574109044582
2023-08-16,S002,P0001,105,60.35953288496597,44.64046711503403
2023-08-16,S004,P0017,336,221.9371653159036,114.0628346840964
2023-08-16,S001,P0002,55,206.42613946351474,-151.42613946351474
2023-08-16,S001,P0005,124,104.07776294096521,19.922237059034785
2023-08-16,S002,P0018,35,30.04433211264842,4.955667887351581
2023-08-16,S002,P0019,351,178.26243932661396,172.73756067338604
2023-08-16,S005,P0014,29,90.24087967886982,-61.24087967886982
2023-08-16,S002,P0017,295,168.61803569871654,126.38196430128346
2023-08-16,S002,P0012,39,178.69031558286486,-139.69031558286486
2023-08-16,S002,P0007,70,110.76313861096622,-40.76313861096622
2023-08-16,S004,P0002,221,142.60467728991853,78.39532271008147
2023-08-16,S005,P0011,56,248.966597455991,-192.966597455991
2023-08-16,S004,P0005,1,112.797484806542,-111.797484806542
2023-08-16,S005,P0013,6,127.81843871274037,-121.81843871274037
2023-08-16,S001,P0018,120,249.77908467564595,-129.77908467564595
2023-08-16,S004,P0001,4,71.25104020107051,-67.25104020107051
2023-08-16,S003,P0006,106,88.84360969631967,17.156390303680325
2023-08-16,S003,P0017,99,242.00060837662937,-143.00060837662937
2023-08-16,S004,P0014,96,70.39735759363737,25.602642406362634
2023-08-16,S003,P0019,225,121.02507909857258,103.97492090142742
2023-08-16,S003,P0018,3,194.2344109780202,-191.2344109780202
2023-08-16,S005,P0008,127,91.81552146715853,35.18447853284147
2023-08-16,S002,P0013,75,39.56101160392859,35.43898839607141
2023-08-16,S002,P0020,55,198.76549532243604,-143.76549532243604
2023-08-16,S003,P0020,119,148.47886625886088,-29.478866258860876
2023-08-16,S005,P0010,64,204.8758133545267,-140.8758133545267
2023-08-16,S004,P0008,63,140.37200287620612,-77.37200287620612
2023-08-16,S003,P0004,20,55.87416292232041,-35.87416292232041
2023-08-16,S001,P0017,32,138.0266368331479,-106.0266368331479
2023-08-16,S002,P0009,8,62.58380531706814,-54.58380531706814
2023-08-16,S005,P0006,100,142.59575534510452,-42.59575534510452
2023-08-16,S002,P0016,292,239.35889528965396,52.64110471034604
2023-08-16,S005,P0017,99,118.57192780698301,-19.571927806983012
2023-08-16,S003,P0016,174,99.33091229453782,74.66908770546218
2023-08-16,S003,P0014,11,241.47440396776813,-230.47440396776813
2023-08-16,S005,P0007,243,162.2837432076451,80.7162567923549
2023-08-16,S003,P0001,159,84.90074913874292,74.09925086125708
2023-08-16,S004,P0018,347,218.7091351217415,128.2908648782585
2023-08-16,S004,P0020,169,109.00543665333169,59.994563346668315
2023-08-16,S004,P0004,407,229.40165545907257,177.59834454092743
2023-08-16,S001,P0004,97,83.27497724337229,13.725022756627709
2023-08-16,S005,P0012,269,153.62342962095272,115.37657037904728
2023-08-16,S004,P0016,28,112.70068268010948,-84.70068268010948
2023-08-16,S002,P0014,280,170.4587525782884,109.5412474217116
2023-08-16,S003,P0012,332,242.90668149021315,89.09331850978685
2023-08-16,S002,P0010,138,104.04840101154917,33.951598988450826
2023-08-16,S001,P0016,46,26.29687789710374,19.70312210289626
2023-08-16,S004,P0003,62,75.69655068431626,-13.696550684316264
2023-08-16,S002,P0003,1,144.49655778990086,-143.49655778990086
2023-08-16,S001,P0020,36,93.38291449738045,-57.382914497380455
2023-08-16,S001,P0001,50,34.17477626573708,15.82522373426292
2023-08-16,S002,P0011,11,105.86417095753308,-94.86417095753308
2023-08-16,S001,P0014,254,154.34140473541305,99.65859526458695
2023-08-16,S004,P0006,318,239.05389248202266,78.94610751797734
2023-08-16,S001,P0006,19,83.42258634145566,-64.42258634145566
2023-08-16,S005,P0001,71,57.35809557495901,13.641904425040991
2023-08-16,S001,P0013,102,88.05056280598711,13.949437194012887
2023-08-16,S005,P0002,207,233.31149728980762,-26.31149728980762
2023-08-16,S005,P0005,148,75.20935694108698,72.79064305891302
2023-08-16,S001,P0009,419,228.40451733964733,190.59548266035267
2023-08-16,S003,P0011,207,130.25109626641762,76.74890373358238
2023-08-16,S003,P0015,146,79.75781243475546,66.24218756524454
2023-08-16,S003,P0013,80,64.1905400253911,15.809459974608899
2023-08-16,S001,P0019,107,95.37047409802688,11.629525901973125
2023-08-16,S003,P0009,400,237.8565984249243,162.1434015750757
2023-08-16,S001,P0007,71,112.32979931207126,-41.32979931207126
2023-08-16,S004,P0012,126,72.18363538608543,53.81636461391457
2023-08-16,S004,P0010,55,156.6818038920036,-101.68180389200359
2023-08-16,S002,P0008,181,181.83183537925999,-0.8318353792599851
2023-08-16,S002,P0002,21,68.83740529718926,-47.837405297189264
2023-08-16,S005,P0020,225,243.26575823528725,-18.26575823528725
2023-08-16,S003,P0007,151,138.12007039525844,12.879929604741562
2023-08-16,S004,P0011,90,86.2770729167878,3.7229270832121983
2023-08-16,S001,P0015,86,49.68064313930489,36.31935686069511
2023-08-16,S005,P0015,272,161.90801962806626,110.09198037193374
2023-08-16,S002,P0006,96,103.42275142192466,-7.422751421924659
2023-08-16,S001,P0010,52,105.94722889490339,-53.94722889490339
2023-08-16,S001,P0003,318,233.48723465537097,84.51276534462903
2023-08-16,S004,P0009,83,103.61571443597023,-20.615714435970233
2023-08-16,S002,P0004,89,149.92597245542936,-60.92597245542936
2023-08-16,S001,P0011,25,32.17683887079562,-7.1768388707956206
2023-08-16,S002,P0015,5,45.260884959082034,-40.260884959082034
2023-08-16,S005,P0016,84,94.17784707586259,-10.177847075862587
2023-08-16,S005,P0004,42,65.51682687141687,-23.516826871416868
2023-08-16,S003,P0003,167,207.65753634301655,-40.657536343016545
2023-08-16,S004,P0007,1,151.7633390390473,-150.7633390390473
2023-08-16,S001,P0008,10,231.20623092489865,-221.20623092489865
2023-08-16,S001,P0012,3,70.9112633851696,-67.9112633851696
2023-08-16,S002,P0005,109,158.74568494692465,-49.745684946924655
2023-08-16,S005,P0003,163,239.48018852802028,-76.48018852802028
2023-08-16,S005,P0019,232,144.99495383843185,87.00504616156815
2023-08-16,S003,P0002,483,247.10797033076,235.89202966924
2023-08-16,S003,P0005,104,138.43855047738862,-34.43855047738862
2023-08-16,S005,P0009,30,207.78515190002184,-177.78515190002184
2023-08-16,S003,P0010,31,70.75630846318961,-39.75630846318961
2023-08-16,S004,P0013,92,102.94694868706591,-10.946948687065913
2023-08-16,S004,P0015,72,37.55219956685562,34.44780043314438
2023-08-17,S001,P0012,13,63.75683255795707,-50.75683255795707
2023-08-17,S005,P0006,1,111.92611782925178,-110.92611782925178
2023-08-17,S002,P0015,34,32.6031996607029,1.3968003392971013
2023-08-17,S001,P0003,285,187.25446256442785,97.74553743557215
2023-08-17,S003,P0020,160,111.32058299266146,48.67941700733854
2023-08-17,S001,P0017,322,235.59612322691862,86.40387677308138
2023-08-17,S002,P0016,0,63.96581561343157,-63.96581561343157
2023-08-17,S004,P0009,51,63.675522110238376,-12.675522110238376
2023-08-17,S001,P0008,42,191.50632528156524,-149.50632528156524
2023-08-17,S005,P0014,24,29.34504588256908,-5.345045882569082
2023-08-17,S005,P0010,262,179.8863413189602,82.1136586810398
2023-08-17,S005,P0016,52,157.695186162938,-105.695186162938
2023-08-17,S002,P0011,300,191.74196288984461,108.25803711015539
2023-08-17,S004,P0007,38,68.36843867945998,-30.368438679459985
2023-08-17,S003,P0019,253,180.2028299862872,72.79717001371279
2023-08-17,S005,P0020,146,90.42008261796184,55.57991738203816
2023-08-17,S003,P0008,76,154.98886260997887,-78.98886260997887
2023-08-17,S005,P0015,74,76.06427022355524,-2.0642702235552406
2023-08-17,S001,P0011,37,69.25937915033654,-32.25937915033654
2023-08-17,S001,P0020,160,164.18294549760884,-4.182945497608841
2023-08-17,S002,P0020,51,102.75388606947268,-51.753886069472685
2023-08-17,S001,P0001,225,122.52141673776384,102.47858326223616
2023-08-17,S005,P0019,38,59.59345851415668,-21.59345851415668
2023-08-17,S001,P0010,300,217.82408447215772,82.17591552784228
2023-08-17,S004,P0014,28,57.78241947966717,-29.78241947966717
2023-08-17,S005,P0004,52,42.212070861121845,9.787929138878155
2023-08-17,S005,P0011,183,190.79049612882108,-7.790496128821076
2023-08-17,S003,P0004,225,225.79321878727217,-0.793218787272167
2023-08-17,S003,P0016,9,182.82080485489837,-173.82080485489837
2023-08-17,S002,P0019,76,68.1611403257391,7.8388596742609025
2023-08-17,S005,P0009,64,87.00882810540548,-23.008828105405485
2023-08-17,S004,P0005,61,110.55526833143381,-49.55526833143381
2023-08-17,S001,P0013,75,90.75620130185894,-15.756201301858937
2023-08-17,S002,P0005,249,166.19743710867095,82.80256289132905
2023-08-17,S004,P0003,272,164.24125983336995,107.75874016663005
2023-08-17,S005,P0001,78,67.58173520562184,10.41826479437816
2023-08-17,S004,P0001,191,190.4813556892637,0.5186443107363061
2023-08-17,S005,P0002,358,182.52580808237292,175.47419191762708
2023-08-17,S003,P0017,109,247.42050323520533,-138.42050323520533
2023-08-17,S005,P0018,18,158.1801333592801,-140.1801333592801
2023-08-17,S004,P0019,87,59.69427617749426,27.30572382250574
2023-08-17,S004,P0006,202,245.9085109211685,-43.9085109211685
2023-08-17,S002,P0001,61,78.7563517809462,-17.756351780946204
2023-08-17,S003,P0003,91,119.26910793779786,-28.269107937797855
2023-08-17,S004,P0015,339,203.90847056404726,135.09152943595274
2023-08-17,S005,P0017,13,194.78723928183354,-181.78723928183354
2023-08-17,S002,P0008,36,241.08116759446335,-205.08116759446335
2023-08-17,S003,P0005,382,249.61114457476003,132.38885542523997
2023-08-17,S002,P0012,159,137.77764359561297,21.22235640438703
2023-08-17,S003,P0010,45,50.7163992301177,-5.716399230117702
2023-08-17,S003,P0001,42,33.764804983997806,8.235195016002194
2023-08-17,S004,P0018,316,174.55104570292968,141.44895429707032
2023-08-17,S004,P0004,30,169.45094730986517,-139.45094730986517
2023-08-17,S004,P0020,70,82.84410301906485,-12.844103019064846
2023-08-17,S001,P0007,178,189.25042227940372,-11.250422279403722
2023-08-17,S005,P0005,38,36.1541505927687,1.8458494072312988
2023-08-17,S001,P0019,183,217.81548157853848,-34.81548157853848
2023-08-17,S001,P0002,11,216.9757610466902,-205.9757610466902
2023-08-17,S001,P0004,156,157.7698385122132,-1.769838512213198
2023-08-17,S004,P0012,109,155.41183670539613,-46.41183670539613
2023-08-17,S003,P0013,367,241.15997644844896,125.84002355155104
2023-08-17,S005,P0013,153,130.0430854209082,22.9569145790918
2023-08-17,S002,P0014,248,144.863530728922,103.136469271078
2023-08-17,S005,P0007,7,83.05717208339735,-76.05717208339735
2023-08-17,S003,P0006,53,193.90613193012626,-140.90613193012626
2023-08-17,S002,P0002,25,102.73470292787749,-77.73470292787749
2023-08-17,S004,P0016,2,42.19781501069576,-40.19781501069576
2023-08-17,S002,P0017,57,103.28397073664871,-46.28397073664871
2023-08-17,S001,P0006,107,140.86290913250303,-33.862909132503034
2023-08-17,S005,P0012,52,167.9515147247165,-115.9515147247165
2023-08-17,S003,P0009,158,86.46890006152688,71.53109993847312
2023-08-17,S002,P0009,70,105.3826987778956,-35.3826987778956
2023-08-17,S002,P0018,44,180.3007161022325,-136.3007161022325
2023-08-17,S003,P0002,50,100.78467823473477,-50.78467823473477
2023-08-17,S003,P0011,200,127.5038509140918,72.4961490859082
2023-08-17,S004,P0010,35,107.56454889779383,-72.56454889779383
2023-08-17,S001,P0014,134,155.64878248814438,-21.648782488144377
2023-08-17,S002,P0004,14,94.50342444649021,-80.50342444649021
2023-08-17,S001,P0018,157,100.06725809610697,56.93274190389303
2023-08-17,S001,P0005,27,24.270713656136593,2.729286343863407
2023-08-17,S002,P0006,97,233.60031650253518,-136.60031650253518
2023-08-17,S003,P0014,179,168.99812014628452,10.00187985371548
2023-08-17,S004,P0013,90,198.5802895629932,-108.58028956299319
2023-08-17,S004,P0011,261,202.09411543950915,58.90588456049085
2023-08-17,S004,P0008,304,234.68262872094215,69.31737127905785
2023-08-17,S002,P0003,375,187.68457651507845,187.31542348492155
2023-08-17,S004,P0017,24,27.128522967823642,-3.128522967823642
2023-08-17,S001,P0009,341,208.58934854146696,132.41065145853304
2023-08-17,S001,P0015,167,94.31289315043824,72.68710684956176
2023-08-17,S003,P0018,170,130.55239695254414,39.44760304745586
2023-08-17,S004,P0002,139,86.01625716849281,52.983742831507186
2023-08-17,S003,P0015,221,133.68492030243806,87.31507969756194
2023-08-17,S001,P0016,158,91.97544499236807,66.02455500763193
2023-08-17,S003,P0012,20,28.291541159386384,-8.291541159386384
2023-08-17,S003,P0007,63,207.99609843326596,-144.99609843326596
2023-08-17,S005,P0003,201,102.3006899949342,98.6993100050658
2023-08-17,S002,P0010,236,190.07089690667988,45.92910309332012
2023-08-17,S005,P0008,4,65.83910542381886,-61.839105423818864
2023-08-17,S002,P0013,65,165.83504528580403,-100.83504528580403
2023-08-17,S002,P0007,211,119.17773441722966,91.82226558277034
2023-08-18,S001,P0013,183,190.00785410340808,-7.007854103408079
2023-08-18,S002,P0011,108,92.37402789002738,15.625972109972622
2023-08-18,S002,P0017,226,156.9814434027183,69.0185565972817
2023-08-18,S003,P0012,38,231.43121772529048,-193.43121772529048
2023-08-18,S001,P0005,188,167.3151824681285,20.684817531871488
2023-08-18,S002,P0001,91,76.21925746315713,14.780742536842865
2023-08-18,S003,P0006,62,40.007050609798625,21.992949390201375
2023-08-18,S004,P0003,66,75.03786304793078,-9.037863047930784
2023-08-18,S004,P0006,240,137.03897726622716,102.96102273377284
2023-08-18,S005,P0017,2,116.09395279700794,-114.09395279700794
2023-08-18,S001,P0014,42,194.03437433789304,-152.03437433789304
2023-08-18,S003,P0011,34,84.1778571491621,-50.177857149162094
2023-08-18,S001,P0016,334,199.49512003312816,134.50487996687184
2023-08-18,S005,P0001,98,66.24366139515729,31.75633860484271
2023-08-18,S002,P0014,232,214.7637392164179,17.23626078358211
2023-08-18,S004,P0019,344,222.02036426617843,121.97963573382157
2023-08-18,S003,P0003,42,137.80589253687629,-95.80589253687629
2023-08-18,S004,P0015,12,47.162274209437896,-35.162274209437896
2023-08-18,S001,P0018,276,169.24069495108546,106.75930504891454
2023-08-18,S005,P0009,201,228.81810602291483,-27.818106022914833
2023-08-18,S001,P0020,69,42.847701246683755,26.152298753316245
2023-08-18,S005,P0019,108,148.50509771174995,-40.505097711749954
2023-08-18,S002,P0006,61,82.26369877759498,-21.263698777594982
2023-08-18,S003,P0008,169,85.69827908093714,83.30172091906286
2023-08-18,S004,P0017,288,179.78816571188446,108.21183428811554
2023-08-18,S001,P0008,203,235.85804510853052,-32.85804510853052
2023-08-18,S001,P0001,293,169.82943786251792,123.17056213748208
2023-08-18,S005,P0011,61,87.83296036168304,-26.832960361683035
2023-08-18,S005,P0003,106,178.67163063855276,-72.67163063855276
2023-08-18,S002,P0007,265,236.27298337930506,28.72701662069494
2023-08-18,S004,P0002,115,62.57243216679552,52.42756783320448
2023-08-18,S001,P0012,42,38.357825815728575,3.6421741842714255
2023-08-18,S005,P0007,282,147.49149170150935,134.50850829849065
2023-08-18,S002,P0019,76,150.92590662143198,-74.92590662143198
2023-08-18,S004,P0013,67,41.69625143799465,25.303748562005353
2023-08-18,S003,P0017,311,164.2688543094057,146.7311456905943
2023-08-18,S003,P0010,106,78.20983334417014,27.790166655829864
2023-08-18,S005,P0012,30,70.35288363821286,-40.35288363821286
2023-08-18,S001,P0002,70,37.20420735029063,32.79579264970937
2023-08-18,S002,P0018,184,233.14592906106947,-49.14592906106947
2023-08-18,S002,P0012,42,58.46330452462337,-16.463304524623368
2023-08-18,S003,P0005,0,217.3295258444045,-217.3295258444045
2023-08-18,S001,P0006,38,149.55161460760695,-111.55161460760695
2023-08-18,S002,P0005,319,249.99343229896488,69.00656770103512
2023-08-18,S004,P0005,23,190.84374240409363,-167.84374240409363
2023-08-18,S004,P0016,55,89.49991463741316,-34.499914637413156
2023-08-18,S004,P0001,23,95.75322632377419,-72.75322632377419
2023-08-18,S005,P0018,287,230.77289020358762,56.22710979641238
2023-08-18,S002,P0002,135,77.7503102272047,57.24968977279531
2023-08-18,S005,P0014,402,240.07124398469597,161.92875601530403
2023-08-18,S002,P0008,228,118.00363894701627,109.99636105298373
2023-08-18,S001,P0009,124,211.07594940227403,-87.07594940227403
2023-08-18,S004,P0014,232,118.47467800595786,113.52532199404214
2023-08-18,S001,P0004,1,52.387913077182645,-51.387913077182645
2023-08-18,S003,P0014,99,142.1864841877496,-43.18648418774961
2023-08-18,S003,P0009,32,74.78476820976653,-42.784768209766526
2023-08-18,S003,P0002,174,123.82856567820767,50.17143432179233
2023-08-18,S002,P0015,421,237.63812450279727,183.36187549720273
2023-08-18,S002,P0016,251,132.0978975832187,118.9021024167813
2023-08-18,S002,P0003,45,57.36308254049936,-12.363082540499363
2023-08-18,S002,P0004,339,205.37129567829777,133.62870432170223
2023-08-18,S005,P0005,3,52.55825212365784,-49.55825212365784
2023-08-18,S004,P0011,7,35.52727804731114,-28.527278047311142
2023-08-18,S001,P0003,112,213.42813174808492,-101.42813174808492
2023-08-18,S003,P0020,134,74.75564114946104,59.24435885053896
2023-08-18,S002,P0009,434,226.78290783673503,207.21709216326497
2023-08-18,S001,P0017,350,228.5830419130374,121.41695808696261
2023-08-18,S005,P0004,11,28.523633678190834,-17.523633678190834
2023-08-18,S005,P0013,37,211.05825590334257,-174.05825590334257
2023-08-18,S004,P0008,239,134.47652439274373,104.52347560725627
2023-08-18,S003,P0004,11,181.13262229288284,-170.13262229288284
2023-08-18,S001,P0015,318,217.3762806638764,100.6237193361236
2023-08-18,S001,P0010,326,190.20243910859085,135.79756089140915
2023-08-18,S005,P0010,18,41.68684351906728,-23.68684351906728
2023-08-18,S002,P0013,119,105.47110622722982,13.528893772770175
2023-08-18,S002,P0020,66,167.60691341441907,-101.60691341441907
2023-08-18,S005,P0008,360,236.0055297797963,123.99447022020371
2023-08-18,S005,P0015,41,112.58595876660485,-71.58595876660485
2023-08-18,S003,P0018,74,102.86602079701186,-28.866020797011856
2023-08-18,S003,P0007,273,211.63681104397955,61.36318895602045
2023-08-18,S001,P0011,121,95.25691216816591,25.74308783183409
2023-08-18,S004,P0007,8,65.16888251614284,-57.168882516142844
2023-08-18,S003,P0019,1,104.79293160780787,-103.79293160780787
2023-08-18,S005,P0016,97,134.49164744510517,-37.49164744510517
2023-08-18,S003,P0001,146,92.96651970431822,53.033480295681784
2023-08-18,S004,P0009,139,195.859106294765,-56.85910629476501
2023-08-18,S003,P0013,163,190.04895859890524,-27.048958598905244
2023-08-18,S003,P0016,87,188.50948871012497,-101.50948871012497
2023-08-18,S004,P0020,46,232.13516700227137,-186.13516700227137
2023-08-18,S002,P0010,63,63.75676919232467,-0.7567691923246684
2023-08-18,S004,P0012,165,84.10256780411856,80.89743219588144
2023-08-18,S003,P0015,28,78.02322668507088,-50.02322668507088
2023-08-18,S004,P0010,200,128.26182048177105,71.73817951822895
2023-08-18,S005,P0006,78,66.95483080619732,11.045169193802678
2023-08-18,S005,P0002,252,144.47520329140377,107.52479670859623
2023-08-18,S001,P0007,90,77.30935711141166,12.690642888588343
2023-08-18,S004,P0004,138,189.31085296717532,-51.31085296717532
2023-08-18,S005,P0020,207,112.33145302250767,94.66854697749233
2023-08-18,S004,P0018,371,209.2184115554237,161.7815884445763
2023-08-18,S001,P0019,2,140.24091211725437,-138.24091211725437
2023-08-19,S005,P0003,56,49.33789857893902,6.6621014210609815
2023-08-19,S001,P0010,249,182.38996030922453,66.61003969077547
2023-08-19,S005,P0015,97,91.13064517801445,5.869354821985553
2023-08-19,S005,P0007,461,234.38567803438423,226.61432196561577
2023-08-19,S005,P0002,25,99.76367941014524,-74.76367941014524
2023-08-19,S001,P0013,22,40.48374064442504,-18.48374064442504
2023-08-19,S004,P0010,22,247.4855135867179,-225.4855135867179
2023-08-19,S003,P0011,362,230.28734282401723,131.71265717598277
2023-08-19,S001,P0012,201,200.9902514317668,0.009748568233192145
2023-08-19,S005,P0004,359,216.11286708986688,142.88713291013312
2023-08-19,S005,P0005,25,42.77990030688591,-17.779900306885907
2023-08-19,S004,P0019,372,222.85888716768426,149.14111283231574
2023-08-19,S001,P0008,57,164.89453563358853,-107.89453563358853
2023-08-19,S001,P0011,35,57.82795021389029,-22.82795021389029
2023-08-19,S003,P0007,116,74.56778074181119,41.43221925818881
2023-08-19,S002,P0006,4,44.136617842467615,-40.136617842467615
2023-08-19,S002,P0002,81,76.15748893621173,4.842511063788265
2023-08-19,S001,P0020,141,210.42327030347792,-69.42327030347792
2023-08-19,S001,P0009,92,82.00171105311938,9.99828894688062
2023-08-19,S002,P0011,285,203.68406344431202,81.31593655568798
2023-08-19,S004,P0015,298,159.49232735803793,138.50767264196207
2023-08-19,S005,P0012,102,76.21119706638837,25.788802933611635
2023-08-19,S003,P0010,168,224.98748652588,-56.98748652588
2023-08-19,S003,P0017,129,147.12019411366572,-18.12019411366572
2023-08-19,S004,P0006,7,40.19951325259848,-33.19951325259848
2023-08-19,S003,P0009,103,90.5756452512801,12.424354748719907
2023-08-19,S003,P0013,33,79.15053100360637,-46.150531003606375
2023-08-19,S002,P0004,286,182.75619446961645,103.24380553038355
2023-08-19,S004,P0013,152,90.01714611921852,61.98285388078148
2023-08-19,S002,P0015,267,194.78357140645977,72.21642859354023
2023-08-19,S005,P0009,87,212.77432605713562,-125.77432605713562
2023-08-19,S005,P0018,73,121.32647340285871,-48.32647340285871
2023-08-19,S001,P0014,250,200.1652520069805,49.834747993019505
2023-08-19,S001,P0007,32,57.32397492513894,-25.32397492513894
2023-08-19,S004,P0009,169,90.52804065191788,78.47195934808212
2023-08-19,S004,P0012,267,170.19207023336617,96.80792976663383
2023-08-19,S002,P0005,51,74.6110217808444,-23.611021780844396
2023-08-19,S005,P0001,304,208.6016023884232,95.3983976115768
2023-08-19,S003,P0005,136,117.45283369336761,18.54716630663239
2023-08-19,S003,P0003,61,159.50804241851125,-98.50804241851125
2023-08-19,S001,P0006,15,118.49508933999834,-103.49508933999834
2023-08-19,S003,P0002,124,215.04816301490024,-91.04816301490024
2023-08-19,S003,P0015,239,195.96407137210326,43.03592862789674
2023-08-19,S001,P0019,208,113.17435353319621,94.82564646680379
2023-08-19,S005,P0013,221,195.67252022374635,25.327479776253654
2023-08-19,S005,P0016,277,153.29408975934462,123.70591024065538
2023-08-19,S001,P0015,249,158.50341085472695,90.49658914527305
2023-08-19,S002,P0008,254,130.60891112304546,123.39108887695454
2023-08-19,S001,P0003,253,169.32854074683843,83.67145925316157
2023-08-19,S004,P0011,173,138.45122919097537,34.54877080902463
2023-08-19,S005,P0020,132,69.26423867397506,62.73576132602494
2023-08-19,S004,P0005,229,172.77825124365035,56.221748756349655
2023-08-19,S003,P0020,86,90.49348930522189,-4.493489305221885
2023-08-19,S001,P0002,102,79.57145234162886,22.428547658371144
2023-08-19,S002,P0012,150,207.9486444160941,-57.94864441609411
2023-08-19,S002,P0009,267,141.76360526753103,125.23639473246897
2023-08-19,S004,P0016,107,53.850739012183965,53.149260987816035
2023-08-19,S001,P0018,78,52.92731575492479,25.07268424507521
2023-08-19,S002,P0003,54,98.83453729761851,-44.83453729761851
2023-08-19,S004,P0001,145,174.16627884292677,-29.166278842926772
2023-08-19,S002,P0016,404,230.12197810812125,173.87802189187875
2023-08-19,S003,P0014,169,120.05666517586883,48.94333482413117
2023-08-19,S005,P0014,74,130.1187848521294,-56.11878485212941
2023-08-19,S003,P0001,42,71.8149561286358,-29.8149561286358
2023-08-19,S003,P0019,62,84.68076621951332,-22.680766219513316
2023-08-19,S002,P0001,107,72.32517942458873,34.674820575411275
2023-08-19,S001,P0005,43,31.012184830541344,11.987815169458656
2023-08-19,S003,P0016,110,204.33757716909048,-94.33757716909048
2023-08-19,S005,P0017,195,96.52471397173349,98.47528602826651
2023-08-19,S001,P0016,68,49.679121975751116,18.320878024248884
2023-08-19,S004,P0018,123,197.44481307722606,-74.44481307722606
2023-08-19,S002,P0017,0,91.36008825683348,-91.36008825683348
2023-08-19,S004,P0004,127,79.45754732693206,47.54245267306794
2023-08-19,S002,P0014,113,70.02960166843127,42.97039833156873
2023-08-19,S004,P0020,29,140.1477963727013,-111.1477963727013
2023-08-19,S004,P0003,171,206.18629672390318,-35.18629672390318
2023-08-19,S003,P0006,160,177.0497934690892,-17.049793469089195
2023-08-19,S003,P0012,313,214.49881850458706,98.50118149541294
2023-08-19,S002,P0010,57,48.43953646858364,8.56046353141636
2023-08-19,S004,P0014,54,193.33616751654353,-139.33616751654353
2023-08-19,S005,P0006,25,147.8421585208455,-122.84215852084549
2023-08-19,S001,P0017,185,129.21369257655005,55.786307423449955
2023-08-19,S004,P0008,66,220.4025130044721,-154.4025130044721
2023-08-19,S001,P0004,3,88.29311756306083,-85.29311756306083
2023-08-19,S004,P0007,94,144.64715053174217,-50.64715053174217
2023-08-19,S003,P0008,55,37.6454449881756,17.354555011824402
2023-08-19,S001,P0001,39,153.4443029752719,-114.44430297527191
2023-08-19,S004,P0017,113,190.93034619697062,-77.93034619697062
2023-08-19,S005,P0010,18,48.571471113397365,-30.571471113397365
2023-08-19,S002,P0018,83,58.17100430167329,24.828995698326707
2023-08-19,S005,P0011,4,222.99483814607402,-218.99483814607402
2023-08-19,S005,P0008,296,172.9592413617509,123.04075863824909
2023-08-19,S003,P0018,51,141.68823167344476,-90.68823167344476
2023-08-19,S002,P0007,29,40.88681181443201,-11.886811814432008
2023-08-19,S002,P0019,93,68.41427183606692,24.585728163933084
2023-08-19,S004,P0002,52,157.53310960511516,-105.53310960511516
2023-08-19,S002,P0020,148,113.5217794356152,34.4782205643848
2023-08-19,S002,P0013,31,106.26777584496966,-75.26777584496966
2023-08-19,S005,P0019,21,203.56807153096804,-182.56807153096804
2023-08-19,S003,P0004,216,122.33833820764323,93.66166179235677
2023-08-20,S004,P0007,147,85.9574736948689,61.042526305131105
2023-08-20,S004,P0018,114,147.07847099774813,-33.07847099774813
2023-08-20,S004,P0004,7,216.51340949762374,-209.51340949762374
2023-08-20,S001,P0007,97,189.16223677722678,-92.16223677722678
2023-08-20,S003,P0014,92,179.93205948884366,-87.93205948884366
2023-08-20,S004,P0008,71,50.76307848843868,20.23692151156132
2023-08-20,S005,P0004,28,26.772615274199154,1.227384725800846
2023-08-20,S004,P0020,188,167.3935698919455,20.606430108054496
2023-08-20,S005,P0008,68,89.91037436117517,-21.910374361175172
2023-08-20,S004,P0012,20,30.318344884833323,-10.318344884833323
2023-08-20,S001,P0011,399,210.21231185209973,188.78768814790027
2023-08-20,S002,P0010,143,148.70442281852598,-5.704422818525984
2023-08-20,S002,P0002,89,121.23718515201898,-32.23718515201898
2023-08-20,S005,P0020,110,110.08697152038604,-0.08697152038604372
2023-08-20,S005,P0002,70,46.8128196402655,23.187180359734498
2023-08-20,S003,P0018,58,51.152850007677614,6.847149992322386
2023-08-20,S004,P0016,20,45.49720094243867,-25.497200942438667
2023-08-20,S005,P0005,128,112.9324335608124,15.067566439187601
2023-08-20,S003,P0015,81,79.61702106434547,1.3829789356545348
2023-08-20,S002,P0004,136,137.16786140677334,-1.1678614067733406
2023-08-20,S005,P0015,41,65.84040944334123,-24.84040944334123
2023-08-20,S002,P0020,116,106.4284949861999,9.571505013800106
2023-08-20,S003,P0002,375,226.2400468298856,148.7599531701144
2023-08-20,S005,P0013,50,215.1433304327885,-165.1433304327885
2023-08-20,S005,P0010,23,60.8700583584241,-37.8700583584241
2023-08-20,S001,P0015,47,240.71598637911478,-193.71598637911478
2023-08-20,S003,P0020,200,128.91478720756402,71.08521279243598
2023-08-20,S001,P0003,230,139.61808417631391,90.38191582368609
2023-08-20,S003,P0013,27,131.76738986045206,-104.76738986045206
2023-08-20,S004,P0014,240,223.34335312474235,16.65664687525765
2023-08-20,S002,P0009,185,245.10176153740287,-60.101761537402865
2023-08-20,S002,P0003,124,168.51675135659366,-44.51675135659366
2023-08-20,S001,P0020,42,60.416727173060565,-18.416727173060565
2023-08-20,S003,P0016,338,183.43619941793548,154.56380058206452
2023-08-20,S004,P0019,301,245.76020208322075,55.23979791677925
2023-08-20,S004,P0009,135,184.26275694341666,-49.26275694341666
2023-08-20,S002,P0013,479,248.7653833807721,230.2346166192279
2023-08-20,S002,P0015,159,121.98709745829791,37.01290254170209
2023-08-20,S001,P0010,210,128.96323754589298,81.03676245410702
2023-08-20,S001,P0017,389,242.11854309149766,146.88145690850234
2023-08-20,S002,P0016,45,27.41230638453436,17.58769361546564
2023-08-20,S003,P0009,53,208.20899927277634,-155.20899927277634
2023-08-20,S005,P0016,63,87.79873213308412,-24.798732133084116
2023-08-20,S004,P0010,15,132.87180505307458,-117.87180505307458
2023-08-20,S001,P0019,183,235.9492649421444,-52.949264942144396
2023-08-20,S003,P0001,61,54.52452631653739,6.47547368346261
2023-08-20,S003,P0004,44,50.68704775751229,-6.687047757512289
2023-08-20,S003,P0012,72,87.49070474862373,-15.490704748623727
2023-08-20,S004,P0011,151,155.57787131261392,-4.577871312613922
2023-08-20,S005,P0006,94,188.28684150116504,-94.28684150116504
2023-08-20,S004,P0001,315,205.3063211727569,109.6936788272431
2023-08-20,S004,P0013,4,36.96781589799815,-32.96781589799815
2023-08-20,S002,P0005,76,64.78291107509841,11.217088924901589
2023-08-20,S004,P0005,34,86.63337493268887,-52.63337493268887
2023-08-20,S001,P0004,40,30.350750738708484,9.649249261291516
2023-08-20,S001,P0018,117,213.14473564643976,-96.14473564643976
2023-08-20,S001,P0006,36,214.1446257097263,-178.1446257097263
2023-08-20,S003,P0007,42,53.2593499237845,-11.259349923784498
2023-08-20,S001,P0002,84,192.83419626986068,-108.83419626986068
2023-08-20,S002,P0012,42,54.21562054630999,-12.215620546309992
2023-08-20,S003,P0010,242,236.5271742488223,5.472825751177709
2023-08-20,S002,P0008,459,242.69503783379258,216.30496216620742
2023-08-20,S003,P0017,49,32.196450858325875,16.803549141674125
2023-08-20,S002,P0018,163,223.59725180793822,-60.59725180793822
2023-08-20,S002,P0019,31,44.44592563935589,-13.445925639355892
2023-08-20,S005,P0003,145,171.19719878354238,-26.197198783542376
2023-08-20,S001,P0012,54,110.87007023408586,-56.87007023408586
2023-08-20,S005,P0007,47,66.80653671994492,-19.806536719944916
2023-08-20,S004,P0002,97,123.22620419613651,-26.226204196136507
2023-08-20,S002,P0007,244,153.5636799508386,90.4363200491614
2023-08-20,S001,P0001,31,92.10645697309513,-61.106456973095135
2023-08-20,S001,P0008,272,181.43519390830204,90.56480609169796
2023-08-20,S005,P0012,191,112.48614072517319,78.51385927482681
2023-08-20,S003,P0008,225,153.72677211563314,71.27322788436686
2023-08-20,S005,P0019,137,134.06959008672305,2.9304099132769466
2023-08-20,S002,P0006,322,188.12628495035017,133.87371504964983
2023-08-20,S004,P0017,113,113.97412390183564,-0.9741239018356396
2023-08-20,S002,P0011,136,226.87025106516774,-90.87025106516774
2023-08-20,S005,P0011,14,191.42421690513805,-177.42421690513805
2023-08-20,S005,P0018,56,27.82606515396725,28.17393484603275
2023-08-20,S005,P0014,25,60.20654735711429,-35.20654735711429
2023-08-20,S003,P0005,71,176.27430726080524,-105.27430726080524
2023-08-20,S001,P0014,280,162.27012575099985,117.72987424900015
2023-08-20,S005,P0001,89,130.30251829487378,-41.30251829487378
2023-08-20,S002,P0014,216,124.60899856275262,91.39100143724738
2023-08-20,S003,P0003,107,76.28432731881651,30.71567268118349
2023-08-20,S005,P0017,20,116.30862065418478,-96.30862065418478
2023-08-20,S001,P0016,242,141.22656367323668,100.77343632676332
2023-08-20,S004,P0003,183,160.9104356173757,22.089564382624303
2023-08-20,S002,P0017,308,179.09729744255145,128.90270255744855
2023-08-20,S001,P0013,343,175.613935338337,167.386064661663
2023-08-20,S004,P0015,357,248.64439559920226,108.35560440079774
2023-08-20,S004,P0006,183,160.3009783162326,22.6990216837674
2023-08-20,S003,P0006,84,66.74812694093885,17.251873059061154
2023-08-20,S001,P0005,25,217.247212411129,-192.247212411129
2023-08-20,S003,P0011,38,36.59124716306923,1.4087528369307734
2023-08-20,S005,P0009,134,83.96743448196759,50.03256551803241
2023-08-20,S003,P0019,362,246.32102482991257,115.67897517008743
2023-08-20,S001,P0009,91,229.24697120521353,-138.24697120521353
2023-08-20,S002,P0001,37,110.03311929079689,-73.03311929079689
2023-08-21,S004,P0015,15,38.64473066691778,-23.64473066691778
2023-08-21,S005,P0020,1,53.40874581272374,-52.40874581272374
2023-08-21,S003,P0014,401,216.16004482592166,184.83995517407834
2023-08-21,S005,P0002,125,69.8629386393958,55.13706136060421
2023-08-21,S002,P0010,217,188.22202841471523,28.777971585284774
2023-08-21,S002,P0018,70,37.340122821517525,32.659877178482475
2023-08-21,S001,P0010,48,168.75398486598937,-120.75398486598937
2023-08-21,S005,P0006,38,147.49635107690438,-109.49635107690438
2023-08-21,S001,P0012,387,249.39480613340083,137.60519386659917
2023-08-21,S004,P0007,154,188.74874314834977,-34.748743148349774
2023-08-21,S005,P0012,53,48.62974155861383,4.37025844138617
2023-08-21,S002,P0016,273,144.0132627082382,128.9867372917618
2023-08-21,S001,P0009,112,81.29370965601538,30.70629034398462
2023-08-21,S002,P0005,28,193.5423851074985,-165.5423851074985
2023-08-21,S002,P0009,36,111.33465210170908,-75.33465210170908
2023-08-21,S004,P0008,146,156.18045185711838,-10.180451857118385
2023-08-21,S003,P0019,100,50.560615568577475,49.439384431422525
2023-08-21,S004,P0009,280,215.6867166935874,64.31328330641259
2023-08-21,S005,P0014,32,71.47822282319476,-39.478222823194756
2023-08-21,S003,P0009,287,155.79879907883122,131.20120092116878
2023-08-21,S001,P0016,19,169.55281695857644,-150.55281695857644
2023-08-21,S005,P0013,26,58.99716528264713,-32.99716528264713
2023-08-21,S004,P0004,7,69.92121071142867,-62.92121071142867
2023-08-21,S005,P0010,81,187.00908336509906,-106.00908336509906
2023-08-21,S001,P0006,115,214.8697967979357,-99.86979679793569
2023-08-21,S002,P0012,181,144.2810826442318,36.71891735576821
2023-08-21,S003,P0015,16,109.86528203134054,-93.86528203134054
2023-08-21,S003,P0002,146,244.47022153776447,-98.47022153776447
2023-08-21,S003,P0016,117,164.4672823822297,-47.46728238222971
2023-08-21,S005,P0019,320,177.19347225505948,142.80652774494052
2023-08-21,S005,P0009,11,43.676983580898025,-32.676983580898025
2023-08-21,S003,P0017,289,187.34527990069478,101.65472009930522
2023-08-21,S002,P0014,277,231.8259517933597,45.17404820664029
2023-08-21,S004,P0017,138,87.21785062296487,50.782149377035125
2023-08-21,S005,P0018,125,138.18846088056478,-13.188460880564776
2023-08-21,S004,P0018,99,137.48587020767513,-38.485870207675134
2023-08-21,S004,P0003,163,214.604929560995,-51.604929560995004
2023-08-21,S005,P0017,25,152.12209809831052,-127.12209809831052
2023-08-21,S002,P0001,17,78.43337411704681,-61.43337411704681
2023-08-21,S004,P0001,149,112.5619065629154,36.4380934370846
2023-08-21,S004,P0005,211,151.39571690014867,59.60428309985133
2023-08-21,S003,P0011,73,236.6113678600197,-163.6113678600197
2023-08-21,S001,P0002,154,100.37736436070452,53.62263563929548
2023-08-21,S002,P0019,33,42.06061160042083,-9.060611600420827
2023-08-21,S003,P0008,138,169.04348662767666,-31.043486627676657
2023-08-21,S005,P0011,92,59.92989024796856,32.07010975203144
2023-08-21,S002,P0011,92,46.21290679034212,45.78709320965788
2023-08-21,S001,P0008,226,234.83877048507583,-8.838770485075827
2023-08-21,S005,P0007,205,162.05580042548183,42.944199574518166
2023-08-21,S002,P0002,186,126.63871637230807,59.36128362769193
2023-08-21,S003,P0010,137,138.41100415197582,-1.411004151975817
2023-08-21,S002,P0008,56,49.599425407214994,6.400574592785006
2023-08-21,S003,P0005,38,155.61564201813076,-117.61564201813076
2023-08-21,S002,P0007,196,192.4412680220927,3.558731977907314
2023-08-21,S003,P0013,71,83.16574890736581,-12.16574890736581
2023-08-21,S004,P0006,99,178.56029180792729,-79.56029180792729
2023-08-21,S005,P0001,44,163.65704900451743,-119.65704900451743
2023-08-21,S003,P0006,10,37.58028859667809,-27.580288596678088
2023-08-21,S001,P0004,31,185.81390152798264,-154.81390152798264
2023-08-21,S004,P0020,73,82.03558613961508,-9.035586139615077
2023-08-21,S003,P0001,26,30.21386424859918,-4.2138642485991795
2023-08-21,S004,P0011,42,83.17780560103955,-41.17780560103955
2023-08-21,S001,P0018,41,34.5935580481451,6.406441951854902
2023-08-21,S001,P0005,142,78.91554193767723,63.08445806232277
2023-08-21,S002,P0017,241,211.30296451357844,29.697035486421555
2023-08-21,S004,P0016,256,166.22552390102385,89.77447609897615
2023-08-21,S002,P0006,14,211.89174676735246,-197.89174676735246
2023-08-21,S003,P0012,202,134.14176203922375,67.85823796077625
2023-08-21,S005,P0003,44,38.35933769942636,5.640662300573638
2023-08-21,S001,P0001,115,62.1075728380377,52.8924271619623
2023-08-21,S002,P0003,56,73.90619369553116,-17.906193695531158
2023-08-21,S001,P0013,132,95.03398511962428,36.966014880375724
2023-08-21,S004,P0014,334,228.08758595833393,105.91241404166607
2023-08-21,S003,P0018,274,153.91632375404708,120.08367624595292
2023-08-21,S005,P0008,50,33.48824288617163,16.511757113828367
2023-08-21,S002,P0020,48,109.47052733376319,-61.47052733376319
2023-08-21,S003,P0004,25,37.8463457883031,-12.846345788303097
2023-08-21,S003,P0007,29,168.27033523786798,-139.27033523786798
2023-08-21,S003,P0020,69,47.90220446434631,21.097795535653688
2023-08-21,S001,P0020,25,34.680983923005215,-9.680983923005215
2023-08-21,S004,P0013,133,149.69211774772555,-16.692117747725547
2023-08-21,S001,P0017,280,226.89253665489764,53.10746334510236
2023-08-21,S001,P0014,45,229.20523647978035,-184.20523647978035
2023-08-21,S002,P0013,65,56.74964331688312,8.250356683116877
2023-08-21,S002,P0004,70,64.81390067712948,5.186099322870518
2023-08-21,S004,P0002,186,153.7463530699934,32.253646930006596
2023-08-21,S005,P0015,16,205.5254221270622,-189.5254221270622
2023-08-21,S005,P0016,72,129.37992383357857,-57.37992383357857
2023-08-21,S001,P0007,244,134.748684076571,109.25131592342899
2023-08-21,S004,P0012,161,129.82907961387616,31.17092038612384
2023-08-21,S002,P0015,209,184.38932078960391,24.610679210396086
2023-08-21,S004,P0019,36,68.21653215577152,-32.21653215577152
2023-08-21,S004,P0010,105,179.1325537907078,-74.13255379070779
2023-08-21,S001,P0003,102,89.10200836015315,12.89799163984685
2023-08-21,S001,P0019,23,138.54205917109084,-115.54205917109084
2023-08-21,S005,P0004,119,66.44916406774632,52.550835932253676
2023-08-21,S005,P0005,33,104.14542115360575,-71.14542115360575
2023-08-21,S001,P0015,392,211.76939640354078,180.23060359645922
2023-08-22,S003,P0002,20,241.21286802597683,-221.21286802597683
2023-08-22,S004,P0003,179,171.3901667319658,7.609833268034208
2023-08-22,S001,P0001,143,92.11771612015121,50.882283879848785
2023-08-22,S001,P0010,382,193.34144116934,188.65855883066
2023-08-22,S005,P0017,196,109.83461107368043,86.16538892631957
2023-08-22,S002,P0015,49,55.680575045297076,-6.680575045297076
2023-08-22,S002,P0001,84,82.84856276899916,1.1514372310008412
2023-08-22,S003,P0012,220,158.19490445222908,61.80509554777092
2023-08-22,S003,P0014,171,128.5782354684825,42.42176453151751
2023-08-22,S004,P0001,168,194.24151526955842,-26.24151526955842
2023-08-22,S004,P0009,197,164.40422792615124,32.595772073848764
2023-08-22,S004,P0008,69,107.78312116773651,-38.78312116773651
2023-08-22,S004,P0005,228,138.2413500545547,89.75864994544531
2023-08-22,S005,P0015,58,109.51838575186923,-51.51838575186923
2023-08-22,S002,P0019,60,131.14437241342586,-71.14437241342586
2023-08-22,S001,P0006,108,77.60531392528469,30.39468607471531
2023-08-22,S005,P0008,84,48.39901520487956,35.60098479512044
2023-08-22,S001,P0002,152,176.33828529744585,-24.33828529744585
2023-08-22,S002,P0012,110,234.83793610017784,-124.83793610017784
2023-08-22,S004,P0007,93,128.60858296531228,-35.60858296531228
2023-08-22,S003,P0016,127,242.41559222426957,-115.41559222426957
2023-08-22,S004,P0016,218,155.01764572628184,62.98235427371816
2023-08-22,S003,P0011,335,225.3291257427574,109.67087425724259
2023-08-22,S002,P0020,77,84.12892622366309,-7.128926223663086
2023-08-22,S004,P0019,133,200.46368911014747,-67.46368911014747
2023-08-22,S003,P0006,19,30.340332437440168,-11.340332437440168
2023-08-22,S002,P0009,50,69.20153144996789,-19.201531449967888
2023-08-22,S003,P0018,83,224.1883216619043,-141.1883216619043
2023-08-22,S005,P0010,330,208.00725249132307,121.99274750867693
2023-08-22,S003,P0020,10,67.40222225907058,-57.402222259070584
2023-08-22,S002,P0010,15,34.571517818244104,-19.571517818244104
2023-08-22,S004,P0013,0,240.67797580126643,-240.67797580126643
2023-08-22,S001,P0020,179,240.37344764258523,-61.37344764258523
2023-08-22,S002,P0013,217,241.8763643482652,-24.876364348265213
2023-08-22,S003,P0004,214,152.86972201225007,61.130277987749935
2023-08-22,S005,P0013,170,146.52931151623403,23.47068848376597
2023-08-22,S001,P0017,17,27.389214467671138,-10.389214467671138
2023-08-22,S002,P0016,147,90.00814818249336,56.99185181750664
2023-08-22,S001,P0011,27,30.471116732386236,-3.4711167323862355
2023-08-22,S004,P0014,300,190.12224540960375,109.87775459039625
2023-08-22,S001,P0003,153,163.9396820526585,-10.939682052658497
2023-08-22,S003,P0001,209,153.16286530602122,55.83713469397878
2023-08-22,S004,P0004,39,40.77165711942337,-1.7716571194233666
2023-08-22,S004,P0018,127,162.90700370546284,-35.90700370546284
2023-08-22,S001,P0014,23,25.32210985521982,-2.3221098552198214
2023-08-22,S001,P0015,44,26.519428661489655,17.480571338510345
2023-08-22,S004,P0020,133,108.29756743232389,24.702432567676112
2023-08-22,S001,P0009,96,64.67172080654694,31.328279193453056
2023-08-22,S005,P0014,247,241.5707591086187,5.429240891381312
2023-08-22,S001,P0004,55,162.08941255873293,-107.08941255873293
2023-08-22,S005,P0006,178,190.6146249427067,-12.614624942706712
2023-08-22,S005,P0003,42,135.37179846192163,-93.37179846192163
2023-08-22,S001,P0019,395,196.8151479230321,198.1848520769679
2023-08-22,S002,P0003,34,43.51106502702788,-9.511065027027882
2023-08-22,S004,P0015,130,103.21234686658516,26.787653133414835
2023-08-22,S003,P0007,149,232.9916598929396,-83.9916598929396
2023-08-22,S002,P0007,42,33.127634618129036,8.872365381870964
2023-08-22,S004,P0017,160,180.00719994265376,-20.007199942653756
2023-08-22,S002,P0004,35,79.10383039341303,-44.103830393413034
2023-08-22,S002,P0018,41,60.63812720519803,-19.638127205198032
2023-08-22,S004,P0002,138,73.14208022657658,64.85791977342342
2023-08-22,S002,P0006,41,38.9533218416297,2.046678158370298
2023-08-22,S002,P0008,28,86.15775977815872,-58.15775977815872
2023-08-22,S003,P0019,408,249.22658649059684,158.77341350940316
2023-08-22,S003,P0017,249,157.86254050369013,91.13745949630987
2023-08-22,S003,P0009,89,68.43997269340758,20.560027306592417
2023-08-22,S003,P0015,59,52.148995927570525,6.851004072429475
2023-08-22,S005,P0007,190,153.46304009952223,36.53695990047777
2023-08-22,S005,P0020,220,242.56130922954344,-22.56130922954344
2023-08-22,S003,P0005,66,74.16062030503127,-8.160620305031273
2023-08-22,S001,P0018,33,122.72352579427246,-89.72352579427246
2023-08-22,S004,P0010,75,110.40889260184844,-35.408892601848436
2023-08-22,S003,P0013,268,158.0403666446254,109.95963335537459
2023-08-22,S005,P0018,62,55.54773955167087,6.4522604483291275
2023-08-22,S002,P0005,227,122.05713019762885,104.94286980237115
2023-08-22,S005,P0002,18,59.248094249861936,-41.248094249861936
2023-08-22,S005,P0012,30,121.49668017593484,-91.49668017593484
2023-08-22,S001,P0012,166,154.34543892745376,11.654561072546244
2023-08-22,S003,P0010,214,146.50330350437923,67.49669649562077
2023-08-22,S001,P0005,39,57.22961553123457,-18.229615531234572
2023-08-22,S005,P0019,378,237.82800107767997,140.17199892232003
2023-08-22,S005,P0016,83,247.8649226164069,-164.8649226164069
2023-08-22,S002,P0017,87,240.35497006232356,-153.35497006232356
2023-08-22,S003,P0008,48,193.66581916798236,-145.66581916798236
2023-08-22,S005,P0004,3,198.65125573579508,-195.65125573579508
2023-08-22,S001,P0007,245,160.82636752749534,84.17363247250466
2023-08-22,S002,P0011,3,232.79245220035227,-229.79245220035227
2023-08-22,S001,P0013,159,95.90365592606554,63.09634407393446
2023-08-22,S004,P0006,188,117.40961771422178,70.59038228577822
2023-08-22,S002,P0002,33,117.49936431866729,-84.49936431866729
2023-08-22,S005,P0009,37,211.52484357811153,-174.52484357811153
2023-08-22,S003,P0003,101,101.43732203936764,-0.43732203936764336
2023-08-22,S005,P0005,27,124.64005709686109,-97.64005709686109
2023-08-22,S001,P0008,23,43.08689693115275,-20.08689693115275
2023-08-22,S004,P0012,56,80.18873936606212,-24.188739366062123
2023-08-22,S005,P0011,200,138.64615048634857,61.353849513651426
2023-08-22,S004,P0011,149,136.75029448694625,12.249705513053755
2023-08-22,S001,P0016,24,86.19454566238949,-62.19454566238949
2023-08-22,S005,P0001,29,121.22881692101447,-92.22881692101447
2023-08-23,S003,P0002,85,137.2036344226343,-52.20363442263431
2023-08-23,S002,P0006,110,92.84318773439486,17.15681226560514
2023-08-23,S005,P0012,151,186.13852052301877,-35.13852052301877
2023-08-23,S002,P0010,150,92.23169989939055,57.76830010060945
2023-08-23,S001,P0011,383,230.2196146967679,152.7803853032321
2023-08-23,S003,P0007,226,130.30145577949315,95.69854422050685
2023-08-23,S004,P0002,31,26.74984867740983,4.25015132259017
2023-08-23,S004,P0011,350,243.62291583263976,106.37708416736024
2023-08-23,S003,P0018,77,193.09995612333495,-116.09995612333495
2023-08-23,S002,P0018,440,235.9591596606801,204.0408403393199
2023-08-23,S002,P0017,276,244.63823327379748,31.361766726202518
2023-08-23,S001,P0007,29,138.41084390567516,-109.41084390567516
2023-08-23,S004,P0016,172,203.13585133987414,-31.135851339874137
2023-08-23,S001,P0005,179,247.33036056338165,-68.33036056338165
2023-08-23,S005,P0004,144,106.26115999055003,37.73884000944997
2023-08-23,S001,P0016,73,233.45667612083736,-160.45667612083736
2023-08-23,S003,P0014,327,243.56225909475927,83.43774090524073
2023-08-23,S003,P0012,202,142.53245175494618,59.46754824505382
2023-08-23,S004,P0017,142,74.61723130468005,67.38276869531995
2023-08-23,S004,P0013,76,115.93824667071743,-39.93824667071743
2023-08-23,S001,P0010,41,175.2536260436371,-134.2536260436371
2023-08-23,S003,P0009,72,74.79465446449757,-2.794654464497569
2023-08-23,S001,P0001,33,218.99193560277882,-185.99193560277882
2023-08-23,S002,P0009,194,180.8508516090577,13.149148390942287
2023-08-23,S005,P0020,160,152.772526232646,7.227473767354013
2023-08-23,S005,P0015,112,93.96352101972337,18.036478980276627
2023-08-23,S002,P0003,85,46.77886164623783,38.22113835376217
2023-08-23,S003,P0019,195,102.51942421866926,92.48057578133074
2023-08-23,S001,P0009,32,31.59903062117081,0.40096937882918837
2023-08-23,S004,P0014,39,45.99245885852889,-6.992458858528892
2023-08-23,S001,P0018,273,245.87610695040905,27.123893049590947
2023-08-23,S002,P0013,96,108.86330934869471,-12.863309348694713
2023-08-23,S005,P0003,65,80.21995228628572,-15.219952286285718
2023-08-23,S004,P0020,371,223.0599872086089,147.9400127913911
2023-08-23,S004,P0007,50,61.04533008485885,-11.045330084858847
2023-08-23,S005,P0008,40,106.90554005212243,-66.90554005212243
2023-08-23,S005,P0019,171,235.3704392167769,-64.3704392167769
2023-08-23,S005,P0016,90,71.75240287911816,18.247597120881835
2023-08-23,S003,P0008,99,247.25872296768813,-148.25872296768813
2023-08-23,S002,P0011,23,74.4996213806026,-51.499621380602605
2023-08-23,S002,P0002,105,150.81026172320367,-45.810261723203666
2023-08-23,S003,P0015,342,171.73193933863,170.26806066137
2023-08-23,S001,P0008,109,61.61442486085258,47.38557513914742
2023-08-23,S005,P0011,204,159.65701991373902,44.34298008626098
2023-08-23,S004,P0012,162,120.93851044931847,41.06148955068153
2023-08-23,S002,P0004,21,153.72635815377367,-132.72635815377367
2023-08-23,S003,P0010,177,172.85799036168504,4.14200963831496
2023-08-23,S001,P0012,30,39.218280079418946,-9.218280079418946
2023-08-23,S004,P0015,314,212.5458544285924,101.4541455714076
2023-08-23,S005,P0014,4,109.09453139578193,-105.09453139578193
2023-08-23,S002,P0008,252,130.066663867452,121.93333613254799
2023-08-23,S004,P0010,147,81.16124592020765,65.83875407979235
2023-08-23,S003,P0017,121,70.50788721337165,50.492112786628354
2023-08-23,S005,P0002,115,110.75471889607422,4.245281103925777
2023-08-23,S003,P0005,230,123.19153053875738,106.80846946124262
2023-08-23,S005,P0007,26,114.96788672809015,-88.96788672809015
2023-08-23,S002,P0005,287,191.8329301923609,95.16706980763911
2023-08-23,S005,P0018,123,246.74197250295992,-123.74197250295992
2023-08-23,S002,P0007,244,209.85243646663343,34.147563533366565
2023-08-23,S004,P0005,94,47.65774103806007,46.34225896193993
2023-08-23,S004,P0006,245,211.13248292072143,33.86751707927857
2023-08-23,S005,P0005,306,165.69689237015342,140.30310762984658
2023-08-23,S003,P0003,17,194.04902636622091,-177.04902636622091
2023-08-23,S005,P0001,215,216.2593148967777,-1.2593148967777097
2023-08-23,S001,P0013,42,75.7518803138862,-33.751880313886204
2023-08-23,S005,P0009,354,248.32860427006403,105.67139572993597
2023-08-23,S003,P0016,419,216.8373059887747,202.1626940112253
2023-08-23,S003,P0011,160,93.67090404359345,66.32909595640655
2023-08-23,S002,P0012,237,249.7502632111063,-12.7502632111063
2023-08-23,S001,P0003,203,171.60006178214542,31.399938217854583
2023-08-23,S004,P0004,124,179.9875745254311,-55.987574525431114
2023-08-23,S004,P0018,66,62.37739392315984,3.6226060768401567
2023-08-23,S005,P0013,2,29.042223113318812,-27.042223113318812
2023-08-23,S001,P0017,44,95.19427853177825,-51.19427853177825
2023-08-23,S002,P0016,6,28.22500583528972,-22.22500583528972
2023-08-23,S001,P0002,261,231.0734487975718,29.926551202428186
2023-08-23,S001,P0020,78,218.54263992022004,-140.54263992022004
2023-08-23,S003,P0020,43,94.3026725418975,-51.30267254189749
2023-08-23,S005,P0010,26,73.57053135938435,-47.57053135938435
2023-08-23,S003,P0013,208,194.68420925638065,13.315790743619345
2023-08-23,S001,P0019,216,124.47974694130625,91.52025305869375
2023-08-23,S003,P0004,286,216.384861600467,69.61513839953301
2023-08-23,S002,P0020,160,164.20115343766946,-4.201153437669461
2023-08-23,S004,P0019,133,177.9418329667193,-44.94183296671929
2023-08-23,S003,P0006,452,236.2046614384032,215.7953385615968
2023-08-23,S003,P0001,307,178.34134262528318,128.65865737471682
2023-08-23,S005,P0006,320,215.0063245789238,104.9936754210762
2023-08-23,S002,P0019,177,159.69007818107036,17.309921818929638
2023-08-23,S004,P0009,44,98.14977041953307,-54.14977041953307
2023-08-23,S001,P0006,78,53.22719378324854,24.772806216751462
2023-08-23,S002,P0001,65,133.57748331114402,-68.57748331114402
2023-08-23,S001,P0015,333,216.24577935452197,116.75422064547803
2023-08-23,S005,P0017,58,146.90705992067416,-88.90705992067416
2023-08-23,S002,P0015,171,198.46203805279777,-27.462038052797766
2023-08-23,S004,P0003,385,246.7835220039508,138.2164779960492
2023-08-23,S001,P0014,14,35.69839458409086,-21.698394584090863
2023-08-23,S001,P0004,89,48.8658354314087,40.1341645685913
2023-08-23,S002,P0014,113,63.3120081220905,49.6879918779095
2023-08-23,S004,P0001,45,45.66157168450371,-0.6615716845037127
2023-08-24,S002,P0002,86,45.54747035908059,40.45252964091941
2023-08-24,S005,P0003,281,213.40836599578302,67.59163400421698
2023-08-24,S002,P0007,361,225.0410563676723,135.9589436323277
2023-08-24,S003,P0011,65,242.64321229204478,-177.64321229204478
2023-08-24,S004,P0017,309,222.04735163744613,86.95264836255387
2023-08-24,S004,P0010,6,41.587292477632275,-35.587292477632275
2023-08-24,S005,P0004,196,124.25129512726096,71.74870487273904
2023-08-24,S002,P0018,265,217.71116316951168,47.28883683048832
2023-08-24,S003,P0016,145,100.63506117841365,44.36493882158635
2023-08-24,S005,P0019,203,160.6127737671298,42.387226232870205
2023-08-24,S005,P0014,180,155.85896393572364,24.141036064276364
2023-08-24,S002,P0011,377,192.96846292455672,184.03153707544328
2023-08-24,S001,P0008,84,92.78600495480254,-8.786004954802536
2023-08-24,S001,P0002,83,101.92702828487569,-18.92702828487569
2023-08-24,S003,P0010,201,139.67872932436262,61.32127067563738
2023-08-24,S001,P0012,200,220.53393179559686,-20.533931795596857
2023-08-24,S002,P0005,56,117.59675218671936,-61.59675218671936
2023-08-24,S003,P0017,11,32.06422161574625,-21.06422161574625
2023-08-24,S002,P0019,405,224.001432149916,180.998567850084
2023-08-24,S005,P0007,59,119.96320302850762,-60.96320302850762
2023-08-24,S004,P0006,364,200.27567508213468,163.72432491786532
2023-08-24,S001,P0013,16,62.72411894023338,-46.72411894023338
2023-08-24,S004,P0012,121,95.50798608419689,25.492013915803113
2023-08-24,S005,P0005,72,98.83039310551351,-26.830393105513508
2023-08-24,S005,P0002,99,54.9275332266173,44.0724667733827
2023-08-24,S004,P0015,66,190.2486334095541,-124.24863340955409
2023-08-24,S001,P0003,121,200.27775429507756,-79.27775429507756
2023-08-24,S001,P0019,142,227.2730410729621,-85.27304107296209
2023-08-24,S002,P0016,29,42.04601351227558,-13.046013512275579
2023-08-24,S001,P0011,92,110.8083494353985,-18.808349435398497
2023-08-24,S004,P0005,25,46.24560975914835,-21.24560975914835
2023-08-24,S005,P0012,413,222.84763494804133,190.15236505195867
2023-08-24,S005,P0017,127,129.520100875085,-2.5201008750850065
2023-08-24,S003,P0001,86,206.708134610534,-120.70813461053399
2023-08-24,S001,P0007,11,165.46919612808722,-154.46919612808722
2023-08-24,S003,P0019,116,67.46322494759067,48.536775052409325
2023-08-24,S002,P0006,230,160.08251993843982,69.91748006156018
2023-08-24,S002,P0009,99,77.89326810684588,21.10673189315412
2023-08-24,S003,P0009,184,123.57460893288015,60.42539106711985
2023-08-24,S003,P0014,37,57.35794661123157,-20.35794661123157
2023-08-24,S002,P0017,76,126.88079183679667,-50.880791836796675
2023-08-24,S004,P0016,356,183.79658594813856,172.20341405186144
2023-08-24,S003,P0012,141,224.07635425836963,-83.07635425836963
2023-08-24,S001,P0009,114,163.6724714406339,-49.6724714406339
2023-08-24,S001,P0004,74,207.6345966515358,-133.6345966515358
2023-08-24,S001,P0001,244,133.9568091450418,110.0431908549582
2023-08-24,S004,P0014,189,121.00169269923339,67.99830730076661
2023-08-24,S002,P0010,200,245.8152740755079,-45.81527407550789
2023-08-24,S005,P0008,109,126.94607173139656,-17.946071731396557
2023-08-24,S002,P0020,16,62.03192982626547,-46.03192982626547
2023-08-24,S003,P0013,34,153.17887043569374,-119.17887043569374
2023-08-24,S005,P0010,407,222.71021642445754,184.28978357554246
2023-08-24,S003,P0020,43,147.96972524789675,-104.96972524789675
2023-08-24,S001,P0020,275,143.80129779551902,131.19870220448098
2023-08-24,S001,P0017,223,128.9057181162583,94.0942818837417
2023-08-24,S001,P0010,214,118.39568149681128,95.60431850318872
2023-08-24,S002,P0003,7,119.64144113953733,-112.64144113953733
2023-08-24,S003,P0002,313,226.20813362745537,86.79186637254463
2023-08-24,S003,P0015,21,82.82787764815055,-61.82787764815055
2023-08-24,S001,P0006,149,93.86827387648628,55.131726123513715
2023-08-24,S003,P0008,370,192.4028413148094,177.5971586851906
2023-08-24,S005,P0015,122,179.8651525362011,-57.865152536201094
2023-08-24,S005,P0020,46,168.1981886486558,-122.19818864865579
2023-08-24,S002,P0004,157,87.13899028421696,69.86100971578304
2023-08-24,S004,P0009,8,169.49507557902893,-161.49507557902893
2023-08-24,S004,P0008,100,230.49213954052,-130.49213954052
2023-08-24,S004,P0013,191,198.01496627668752,-7.014966276687517
2023-08-24,S005,P0011,13,113.75304494925825,-100.75304494925825
2023-08-24,S005,P0009,171,125.1638350239009,45.8361649760991
2023-08-24,S003,P0006,110,189.30565821781272,-79.30565821781272
2023-08-24,S002,P0014,332,235.73633401057708,96.26366598942292
2023-08-24,S003,P0003,72,179.9444528797319,-107.9444528797319
2023-08-24,S002,P0008,195,106.94904125154159,88.05095874845841
2023-08-24,S001,P0015,27,157.29351195963443,-130.29351195963443
2023-08-24,S005,P0018,57,67.58908470870489,-10.589084708704888
2023-08-24,S005,P0006,323,178.25986810419056,144.74013189580944
2023-08-24,S001,P0005,92,233.78278308153023,-141.78278308153023
2023-08-24,S001,P0018,234,225.57494841558417,8.425051584415826
2023-08-24,S005,P0001,19,241.41161784657533,-222.41161784657533
2023-08-24,S003,P0018,83,139.47211469861145,-56.47211469861145
2023-08-24,S002,P0015,83,216.20039589560304,-133.20039589560304
2023-08-24,S004,P0001,64,41.805130884904884,22.194869115095116
2023-08-24,S002,P0001,51,35.65383135018874,15.346168649811261
2023-08-24,S001,P0016,352,179.0838352596448,172.9161647403552
2023-08-24,S004,P0018,28,62.32736057793005,-34.32736057793005
2023-08-24,S003,P0005,175,97.1705392740019,77.8294607259981
2023-08-24,S004,P0007,366,215.83293660978103,150.16706339021897
2023-08-24,S001,P0014,27,90.72441747380395,-63.72441747380395
2023-08-24,S004,P0002,119,161.69536582948308,-42.69536582948308
2023-08-24,S004,P0011,79,91.21611833581909,-12.21611833581909
2023-08-24,S004,P0019,298,228.50409135252488,69.49590864747512
2023-08-24,S004,P0003,60,56.38201791515604,3.617982084843959
2023-08-24,S004,P0004,201,227.0884667913021,-26.088466791302096
2023-08-24,S005,P0016,32,54.749953348915824,-22.749953348915824
2023-08-24,S003,P0004,37,40.99485421017931,-3.9948542101793123
2023-08-24,S002,P0012,60,93.89538688915786,-33.89538688915786
2023-08-24,S003,P0007,61,74.78078295391362,-13.780782953913615
2023-08-24,S005,P0013,180,173.52731864891268,6.472681351087317
2023-08-24,S002,P0013,70,44.93428529329401,25.06571470670599
2023-08-24,S004,P0020,19,134.4446266490341,-115.44462664903409
2023-08-25,S004,P0011,112,150.38723709635673,-38.38723709635673
2023-08-25,S005,P0020,54,51.84466739320948,2.155332606790523
2023-08-25,S001,P0014,118,147.9563121787582,-29.956312178758196
2023-08-25,S005,P0006,93,61.36420256905791,31.63579743094209
2023-08-25,S001,P0011,171,92.80947027526827,78.19052972473173
2023-08-25,S005,P0015,87,209.30895798169053,-122.30895798169053
2023-08-25,S005,P0010,43,244.38647119838254,-201.38647119838254
2023-08-25,S002,P0014,1,44.34895557639737,-43.34895557639737
2023-08-25,S001,P0019,148,83.20350622999604,64.79649377000396
2023-08-25,S003,P0011,51,31.484840291053786,19.515159708946214
2023-08-25,S002,P0018,175,133.8496682809715,41.150331719028486
2023-08-25,S004,P0007,164,207.04901712598655,-43.04901712598655
2023-08-25,S004,P0010,23,112.72518868564231,-89.72518868564231
2023-08-25,S002,P0019,308,226.195644762597,81.804355237403
2023-08-25,S004,P0004,84,218.25645226390122,-134.25645226390122
2023-08-25,S002,P0012,151,79.36142848626929,71.63857151373071
2023-08-25,S003,P0016,27,148.12998947380112,-121.12998947380112
2023-08-25,S002,P0001,405,244.52622600076177,160.47377399923823
2023-08-25,S005,P0019,169,120.03599793502207,48.96400206497793
2023-08-25,S001,P0001,92,125.01460955428195,-33.01460955428195
2023-08-25,S004,P0002,60,147.1571660530559,-87.1571660530559
2023-08-25,S005,P0008,138,96.30857643381108,41.69142356618892
2023-08-25,S003,P0019,137,139.80845493976938,-2.8084549397693763
2023-08-25,S002,P0007,240,241.72272533245376,-1.7227253324537628
2023-08-25,S004,P0008,127,147.1782401960644,-20.178240196064394
2023-08-25,S002,P0010,60,194.46745409404537,-134.46745409404537
2023-08-25,S005,P0011,19,131.63234100817,-112.63234100816999
2023-08-25,S004,P0009,61,46.545294425088684,14.454705574911316
2023-08-25,S003,P0003,70,115.38872911415382,-45.38872911415382
2023-08-25,S005,P0002,171,211.98013417495264,-40.98013417495264
2023-08-25,S002,P0006,232,172.81566694371026,59.184333056289745
2023-08-25,S002,P0005,205,126.82600886188254,78.17399113811746
2023-08-25,S002,P0015,216,143.33929985064293,72.66070014935707
2023-08-25,S003,P0005,137,184.1706768549342,-47.170676854934186
2023-08-25,S001,P0008,115,121.27206537959114,-6.27206537959114
2023-08-25,S004,P0015,21,162.94958054109173,-141.94958054109173
2023-08-25,S002,P0003,83,45.61899741791217,37.38100258208783
2023-08-25,S001,P0017,116,207.83512371598079,-91.83512371598079
2023-08-25,S002,P0011,119,100.77553359636062,18.224466403639383
2023-08-25,S003,P0008,5,36.198898139289554,-31.198898139289554
2023-08-25,S004,P0014,32,36.68060823091122,-4.6806082309112185
2023-08-25,S004,P0003,66,105.54952116975079,-39.54952116975079
2023-08-25,S005,P0017,176,166.65008199433487,9.349918005665131
2023-08-25,S002,P0013,220,118.36167225516476,101.63832774483524
2023-08-25,S004,P0012,57,121.60290282183473,-64.60290282183473
2023-08-25,S005,P0013,86,76.38946492189626,9.610535078103737
2023-08-25,S003,P0004,29,113.37469036645047,-84.37469036645047
2023-08-25,S005,P0016,54,33.30839839357054,20.691601606429458
2023-08-25,S001,P0004,139,78.90639373222092,60.09360626777908
2023-08-25,S004,P0001,182,148.1102433877582,33.8897566122418
2023-08-25,S003,P0020,350,211.98898746495325,138.01101253504675
2023-08-25,S005,P0004,156,182.44913569586436,-26.449135695864356
2023-08-25,S004,P0019,55,58.59839212986765,-3.598392129867648
2023-08-25,S003,P0001,314,165.9111263126416,148.0888736873584
2023-08-25,S002,P0017,72,74.05317113366874,-2.053171133668741
2023-08-25,S004,P0018,7,50.2787110064458,-43.2787110064458
2023-08-25,S001,P0010,5,34.58861718472906,-29.58861718472906
2023-08-25,S002,P0016,48,50.6049782116998,-2.6049782116998017
2023-08-25,S004,P0005,273,194.72985474619065,78.27014525380935
2023-08-25,S004,P0016,185,99.97475955399221,85.02524044600779
2023-08-25,S005,P0007,99,52.62161623640111,46.37838376359889
2023-08-25,S005,P0014,53,184.8617708173083,-131.8617708173083
2023-08-25,S005,P0003,66,193.4407213478127,-127.44072134781271
2023-08-25,S001,P0003,88,57.18325979920462,30.81674020079538
2023-08-25,S003,P0007,140,151.72474207667926,-11.724742076679263
2023-08-25,S001,P0016,415,234.9613604983167,180.0386395016833
2023-08-25,S003,P0013,171,90.7714176657376,80.2285823342624
2023-08-25,S004,P0006,386,218.3857998990983,167.6142001009017
2023-08-25,S002,P0009,311,208.25156725287871,102.74843274712129
2023-08-25,S005,P0005,37,26.71493171768958,10.28506828231042
2023-08-25,S001,P0002,12,233.13298224946624,-221.13298224946624
2023-08-25,S001,P0012,60,88.74503658532444,-28.745036585324442
2023-08-25,S003,P0017,80,116.80284206976631,-36.802842069766314
2023-08-25,S001,P0013,387,217.74724835009584,169.25275164990416
2023-08-25,S001,P0007,216,181.16336135599738,34.83663864400262
2023-08-25,S001,P0018,43,130.31211792101004,-87.31211792101004
2023-08-25,S005,P0001,251,194.4150220827044,56.58497791729559
2023-08-25,S001,P0005,7,223.67775037488366,-216.67775037488366
2023-08-25,S005,P0018,90,134.44184341662378,-44.44184341662378
2023-08-25,S003,P0012,221,130.79811549301058,90.20188450698942
2023-08-25,S002,P0008,102,61.10204588625436,40.89795411374564
2023-08-25,S003,P0010,8,48.601901228032716,-40.601901228032716
2023-08-25,S005,P0009,296,227.08361962866826,68.91638037133174
2023-08-25,S003,P0014,98,243.78879960373564,-145.78879960373564
2023-08-25,S001,P0020,364,213.1208574237703,150.8791425762297
2023-08-25,S003,P0002,125,85.7922533558488,39.2077466441512
2023-08-25,S002,P0002,79,238.5139858025388,-159.5139858025388
2023-08-25,S005,P0012,93,135.59608071933013,-42.59608071933013
2023-08-25,S004,P0020,44,31.82525759510537,12.17474240489463
2023-08-25,S003,P0015,41,85.49955383137114,-44.499553831371145
2023-08-25,S004,P0013,121,147.1616703128244,-26.161670312824413
2023-08-25,S003,P0006,43,28.145860215194773,14.854139784805227
2023-08-25,S001,P0006,69,164.62784346135135,-95.62784346135135
2023-08-25,S002,P0004,56,41.04805170613071,14.951948293869293
2023-08-25,S004,P0017,115,136.93271492203394,-21.932714922033938
2023-08-25,S003,P0018,143,123.89286949531089,19.10713050468911
2023-08-25,S002,P0020,33,167.29480304555602,-134.29480304555602
2023-08-25,S001,P0009,237,205.8179374060291,31.182062593970898
2023-08-25,S001,P0015,35,187.01010275109314,-152.01010275109314
2023-08-25,S003,P0009,33,30.602564664063152,2.397435335936848
2023-08-26,S001,P0015,386,210.09700966587104,175.90299033412896
2023-08-26,S003,P0014,275,172.7865897143585,102.21341028564149
2023-08-26,S004,P0017,32,104.90933740595983,-72.90933740595983
2023-08-26,S001,P0018,41,213.01671592139758,-172.01671592139758
2023-08-26,S003,P0013,99,196.91109968802408,-97.91109968802408
2023-08-26,S004,P0020,219,164.6005827083814,54.39941729161859
2023-08-26,S003,P0005,140,83.78443041890506,56.21556958109494
2023-08-26,S004,P0002,108,143.31048619860456,-35.310486198604565
2023-08-26,S004,P0006,174,170.78354323139416,3.2164567686058376
2023-08-26,S002,P0010,4,25.801050894315267,-21.801050894315267
2023-08-26,S005,P0008,132,140.5513049164942,-8.551304916494189
2023-08-26,S003,P0019,46,115.58887899565536,-69.58887899565536
2023-08-26,S003,P0017,207,157.70169826510153,49.29830173489847
2023-08-26,S002,P0017,56,127.84000991630364,-71.84000991630364
2023-08-26,S004,P0008,184,121.04032671390627,62.95967328609373
2023-08-26,S002,P0006,22,175.13144383730247,-153.13144383730247
2023-08-26,S002,P0009,300,149.75121112503166,150.24878887496834
2023-08-26,S005,P0005,40,103.7385300557986,-63.738530055798606
2023-08-26,S002,P0007,75,48.551500494580466,26.448499505419534
2023-08-26,S005,P0009,56,32.13739291031197,23.862607089688026
2023-08-26,S001,P0012,137,218.22433374144566,-81.22433374144566
2023-08-26,S005,P0010,89,81.67213891784166,7.327861082158336
2023-08-26,S001,P0020,438,222.65927162033068,215.34072837966932
2023-08-26,S001,P0007,66,39.84338918497144,26.156610815028557
2023-08-26,S004,P0010,17,124.25857624339068,-107.25857624339068
2023-08-26,S002,P0015,170,217.86283217955173,-47.86283217955173
2023-08-26,S005,P0006,71,58.956768578626225,12.043231421373775
2023-08-26,S004,P0011,160,214.8087314087984,-54.808731408798394
2023-08-26,S002,P0020,23,188.82657972224877,-165.82657972224877
2023-08-26,S002,P0014,104,67.25842786107643,36.74157213892357
2023-08-26,S001,P0001,150,136.29069727426014,13.70930272573986
2023-08-26,S005,P0020,60,57.924812734400064,2.0751872655999364
2023-08-26,S005,P0015,352,178.2914433935859,173.7085566064141
2023-08-26,S003,P0011,225,118.31531650581951,106.68468349418049
2023-08-26,S001,P0011,272,202.26200115487381,69.73799884512619
2023-08-26,S001,P0014,82,57.231213300463935,24.768786699536065
2023-08-26,S003,P0020,30,29.791640578621184,0.20835942137881602
2023-08-26,S001,P0006,2,201.22436986207038,-199.22436986207038
2023-08-26,S004,P0001,75,44.45495165296791,30.545048347032093
2023-08-26,S005,P0002,195,104.50595551015874,90.49404448984126
2023-08-26,S005,P0004,61,120.45853819752637,-59.458538197526366
2023-08-26,S002,P0016,90,104.84449118301268,-14.844491183012678
2023-08-26,S003,P0006,406,211.29368346557334,194.70631653442666
2023-08-26,S005,P0007,165,168.34651819331657,-3.3465181933165695
2023-08-26,S003,P0015,362,231.06297935012668,130.93702064987332
2023-08-26,S003,P0003,283,153.01454202648773,129.98545797351227
2023-08-26,S001,P0019,16,146.86140755814444,-130.86140755814444
2023-08-26,S005,P0014,89,118.32772347016669,-29.32772347016669
2023-08-26,S004,P0009,112,114.6637676456138,-2.6637676456138024
2023-08-26,S005,P0011,102,51.41768191109753,50.58231808890247
2023-08-26,S005,P0016,23,57.1758261752376,-34.1758261752376
2023-08-26,S005,P0003,155,84.75837862809169,70.24162137190831
2023-08-26,S002,P0005,4,58.54696631312686,-54.54696631312686
2023-08-26,S001,P0003,14,102.00854743504823,-88.00854743504823
2023-08-26,S003,P0007,70,109.64192793123306,-39.641927931233056
2023-08-26,S001,P0013,29,81.54520860099063,-52.545208600990634
2023-08-26,S001,P0004,255,148.4526480208704,106.54735197912959
2023-08-26,S001,P0016,139,86.2000819528796,52.7999180471204
2023-08-26,S003,P0018,94,54.88940822135231,39.11059177864769
2023-08-26,S002,P0008,203,233.86082544566648,-30.860825445666478
2023-08-26,S004,P0004,32,75.89537242667592,-43.89537242667592
2023-08-26,S001,P0010,216,184.39796737102296,31.602032628977042
2023-08-26,S005,P0012,142,243.54237617014041,-101.54237617014041
2023-08-26,S003,P0010,96,199.47353103018696,-103.47353103018696
2023-08-26,S004,P0003,162,157.59613652372167,4.403863476278332
2023-08-26,S002,P0019,167,211.57716345565598,-44.57716345565598
2023-08-26,S004,P0007,27,216.40935118002733,-189.40935118002733
2023-08-26,S002,P0003,64,162.96933055526296,-98.96933055526296
2023-08-26,S004,P0016,382,247.56664818926993,134.43335181073007
2023-08-26,S005,P0013,61,166.30989614444695,-105.30989614444695
2023-08-26,S001,P0009,201,170.73617935323534,30.263820646764657
2023-08-26,S001,P0002,58,143.9455923626433,-85.94559236264331
2023-08-26,S005,P0017,26,220.7462559132062,-194.7462559132062
2023-08-26,S004,P0019,21,28.94563826804432,-7.94563826804432
2023-08-26,S003,P0004,74,122.896000868459,-48.896000868459
2023-08-26,S004,P0005,323,164.749113213084,158.250886786916
2023-08-26,S003,P0002,36,25.982475414096086,10.017524585903914
2023-08-26,S004,P0018,439,234.11148703743407,204.88851296256593
2023-08-26,S004,P0012,8,29.01008244007994,-21.01008244007994
2023-08-26,S004,P0015,76,177.21335419183356,-101.21335419183356
2023-08-26,S001,P0008,360,230.27525863820352,129.72474136179648
2023-08-26,S002,P0002,10,33.4556258415239,-23.455625841523897
2023-08-26,S002,P0011,112,78.52861399251287,33.471386007487126
2023-08-26,S004,P0013,60,237.46316161182023,-177.46316161182023
2023-08-26,S002,P0004,39,44.91624090779396,-5.916240907793963
2023-08-26,S001,P0005,72,137.00870039067746,-65.00870039067746
2023-08-26,S003,P0012,58,37.87917475010312,20.120825249896882
2023-08-26,S002,P0012,203,182.35480834645574,20.64519165354426
2023-08-26,S002,P0001,81,49.97050406526256,31.02949593473744
2023-08-26,S003,P0008,115,125.22510775928419,-10.225107759284185
2023-08-26,S003,P0009,36,32.66754628216512,3.3324537178348805
2023-08-26,S005,P0018,50,216.9061669155883,-166.9061669155883
2023-08-26,S002,P0013,87,57.78530601270165,29.214693987298347
2023-08-26,S003,P0001,213,217.70035134706336,-4.700351347063361
2023-08-26,S004,P0014,30,152.74282388342692,-122.74282388342692
2023-08-26,S002,P0018,218,163.32069194361776,54.67930805638224
2023-08-26,S005,P0001,267,149.97075637929458,117.02924362070542
2023-08-26,S001,P0017,40,99.1040905047202,-59.104090504720205
2023-08-26,S005,P0019,22,78.09585178749239,-56.09585178749239
2023-08-26,S003,P0016,16,103.95668193221223,-87.95668193221223
2023-08-27,S002,P0004,86,120.38500316085043,-34.38500316085043
2023-08-27,S001,P0011,5,32.67772410809687,-27.677724108096868
2023-08-27,S004,P0014,80,42.25695515723544,37.74304484276456
2023-08-27,S005,P0007,56,59.26922486497455,-3.2692248649745466
2023-08-27,S001,P0004,80,54.80515901988713,25.194840980112872
2023-08-27,S003,P0006,44,101.35934497140147,-57.35934497140147
2023-08-27,S004,P0015,232,186.24894023891494,45.75105976108506
2023-08-27,S005,P0006,15,41.410883086460615,-26.410883086460615
2023-08-27,S005,P0017,41,97.90207618529598,-56.90207618529598
2023-08-27,S001,P0009,325,201.2080909816235,123.79190901837649
2023-08-27,S002,P0016,199,155.78348478075605,43.216515219243945
2023-08-27,S005,P0020,72,181.04366017081577,-109.04366017081577
2023-08-27,S005,P0015,190,118.93111279457469,71.06888720542531
2023-08-27,S002,P0003,127,128.88834551575604,-1.8883455157560434
2023-08-27,S001,P0006,0,55.17829229832978,-55.17829229832978
2023-08-27,S004,P0001,263,145.9899192155426,117.01008078445739
2023-08-27,S003,P0008,241,197.41006653734928,43.58993346265072
2023-08-27,S002,P0014,298,221.5637488676643,76.43625113233571
2023-08-27,S001,P0019,96,224.88007117825788,-128.88007117825788
2023-08-27,S004,P0003,175,147.67400532380805,27.325994676191954
2023-08-27,S002,P0011,11,218.36881915138054,-207.36881915138054
2023-08-27,S001,P0017,261,220.99484968438003,40.00515031561997
2023-08-27,S001,P0014,307,243.63968946242403,63.36031053757597
2023-08-27,S002,P0020,40,89.21739253253503,-49.21739253253503
2023-08-27,S005,P0001,89,153.54456654418044,-64.54456654418044
2023-08-27,S001,P0003,233,239.55699533406687,-6.556995334066869
2023-08-27,S005,P0014,34,42.92121728348593,-8.92121728348593
2023-08-27,S001,P0020,199,126.8936351077806,72.1063648922194
2023-08-27,S004,P0010,184,106.98573688742118,77.01426311257882
2023-08-27,S001,P0007,127,63.638781943493825,63.361218056506175
2023-08-27,S005,P0018,358,225.48068694082792,132.51931305917208
2023-08-27,S005,P0005,278,190.4672644621598,87.53273553784021
2023-08-27,S001,P0005,173,113.93525882315862,59.06474117684138
2023-08-27,S005,P0009,23,75.43205123817012,-52.43205123817012
2023-08-27,S005,P0012,19,155.6483384782955,-136.6483384782955
2023-08-27,S001,P0015,152,239.03695462561603,-87.03695462561603
2023-08-27,S003,P0012,47,25.809305453220702,21.190694546779298
2023-08-27,S003,P0004,71,43.7600528562873,27.239947143712698
2023-08-27,S005,P0019,87,63.61421510482205,23.38578489517795
2023-08-27,S003,P0017,21,46.84199189418007,-25.84199189418007
2023-08-27,S001,P0018,166,129.55980418375168,36.44019581624832
2023-08-27,S002,P0002,74,77.09227278393274,-3.092272783932742
2023-08-27,S001,P0013,14,95.71524310915794,-81.71524310915794
2023-08-27,S002,P0009,41,53.04384073147901,-12.043840731479008
2023-08-27,S001,P0008,81,50.16577776905399,30.83422223094601
2023-08-27,S004,P0002,46,118.87124758274484,-72.87124758274484
2023-08-27,S004,P0006,184,224.2877746392134,-40.28777463921341
2023-08-27,S003,P0002,276,139.06164344862526,136.93835655137474
2023-08-27,S004,P0012,146,134.67505195789516,11.324948042104836
2023-08-27,S005,P0003,119,75.00723029382169,43.99276970617831
2023-08-27,S003,P0013,114,81.06871383063242,32.93128616936758
2023-08-27,S002,P0015,59,138.80981612106694,-79.80981612106694
2023-08-27,S004,P0005,141,201.1448020467609,-60.1448020467609
2023-08-27,S003,P0007,40,38.94194021727367,1.0580597827263318
2023-08-27,S002,P0008,244,123.22060364289632,120.77939635710368
2023-08-27,S001,P0002,120,134.11302259041122,-14.11302259041122
2023-08-27,S004,P0016,152,96.23773147471519,55.76226852528481
2023-08-27,S005,P0016,311,220.62014707241457,90.37985292758543
2023-08-27,S001,P0010,463,233.42536786606388,229.57463213393612
2023-08-27,S004,P0017,7,45.521068374234005,-38.521068374234005
2023-08-27,S003,P0010,56,82.94108793553619,-26.94108793553619
2023-08-27,S003,P0005,37,90.64536269770304,-53.645362697703035
2023-08-27,S004,P0020,14,200.9985138234942,-186.9985138234942
2023-08-27,S005,P0013,159,102.77557202805139,56.224427971948614
2023-08-27,S001,P0012,25,173.34358333539024,-148.34358333539024
2023-08-27,S002,P0013,260,209.93103061091892,50.068969389081076
2023-08-27,S002,P0018,13,45.80528591483892,-32.80528591483892
2023-08-27,S005,P0008,115,208.01750416876405,-93.01750416876405
2023-08-27,S002,P0001,172,194.1859343579825,-22.18593435798249
2023-08-27,S003,P0014,170,87.85020878264913,82.14979121735087
2023-08-27,S004,P0018,173,182.28933295469,-9.289332954689996
2023-08-27,S002,P0017,86,92.49105421622443,-6.491054216224427
2023-08-27,S003,P0015,289,165.49073809674167,123.50926190325833
2023-08-27,S004,P0011,61,50.88585836062623,10.11414163937377
2023-08-27,S003,P0020,128,194.8444931416384,-66.8444931416384
2023-08-27,S003,P0016,205,103.14277746774025,101.85722253225975
2023-08-27,S003,P0001,385,240.3040674082958,144.6959325917042
2023-08-27,S005,P0011,89,70.53514114350776,18.464858856492242
2023-08-27,S004,P0019,118,147.81057594755885,-29.810575947558846
2023-08-27,S002,P0006,98,163.57484668934177,-65.57484668934177
2023-08-27,S005,P0002,268,226.84253446209914,41.15746553790086
2023-08-27,S002,P0005,132,81.24305048492585,50.756949515074155
2023-08-27,S003,P0019,73,125.38964087950427,-52.38964087950427
2023-08-27,S004,P0007,193,161.21404434024106,31.78595565975894
2023-08-27,S003,P0011,46,81.81034973329065,-35.81034973329065
2023-08-27,S002,P0019,114,237.16175899587137,-123.16175899587137
2023-08-27,S004,P0009,228,218.931325100248,9.068674899752011
2023-08-27,S005,P0004,107,55.386001039054975,51.613998960945025
2023-08-27,S004,P0013,144,185.22549422215246,-41.22549422215246
2023-08-27,S001,P0016,137,119.09983575441447,17.90016424558553
2023-08-27,S002,P0007,254,173.77265699823522,80.22734300176478
2023-08-27,S001,P0001,204,197.5680693440545,6.431930655945507
2023-08-27,S005,P0010,142,225.15670671941467,-83.15670671941467
2023-08-27,S003,P0018,227,168.84220193082405,58.15779806917595
2023-08-27,S004,P0008,123,229.4541325373246,-106.4541325373246
2023-08-27,S002,P0010,421,247.0227089877933,173.9772910122067
2023-08-27,S003,P0003,127,82.97155414496422,44.028445855035784
2023-08-27,S003,P0009,270,219.73330592406143,50.266694075938574
2023-08-27,S004,P0004,352,176.55602332981675,175.44397667018325
2023-08-27,S002,P0012,260,232.8513603152938,27.14863968470621
2023-08-28,S003,P0016,80,164.46807974587932,-84.46807974587932
2023-08-28,S002,P0015,16,69.83347783912637,-53.833477839126374
2023-08-28,S004,P0002,42,167.42538737730263,-125.42538737730263
2023-08-28,S003,P0014,90,134.84035226069733,-44.84035226069733
2023-08-28,S004,P0005,8,141.13781484915683,-133.13781484915683
2023-08-28,S003,P0013,109,72.73568788677596,36.26431211322404
2023-08-28,S005,P0014,75,173.92831975194963,-98.92831975194963
2023-08-28,S005,P0020,123,139.10159130010476,-16.101591300104758
2023-08-28,S005,P0018,127,181.22265002762953,-54.22265002762953
2023-08-28,S002,P0001,422,242.5936441380464,179.4063558619536
2023-08-28,S002,P0005,267,147.42695062562177,119.57304937437823
2023-08-28,S002,P0013,55,223.12023502314207,-168.12023502314207
2023-08-28,S004,P0018,33,191.61081433208847,-158.61081433208847
2023-08-28,S002,P0008,358,190.08352515714114,167.91647484285886
2023-08-28,S004,P0012,171,87.41890984085131,83.58109015914869
2023-08-28,S002,P0004,51,38.10925673916927,12.890743260830732
2023-08-28,S004,P0009,76,238.4385879822138,-162.4385879822138
2023-08-28,S001,P0005,143,87.03665679077443,55.96334320922557
2023-08-28,S002,P0009,164,178.26883292629765,-14.268832926297648
2023-08-28,S001,P0007,49,26.378302582230333,22.621697417769667
2023-08-28,S004,P0017,41,149.28699764607472,-108.28699764607472
2023-08-28,S002,P0010,17,54.83863473602452,-37.83863473602452
2023-08-28,S005,P0012,301,249.4828097659826,51.51719023401739
2023-08-28,S004,P0004,354,188.2085693868761,165.7914306131239
2023-08-28,S004,P0008,32,50.03777633775633,-18.037776337756327
2023-08-28,S003,P0010,276,187.27145167325858,88.72854832674142
2023-08-28,S004,P0020,97,75.80851149325929,21.19148850674071
2023-08-28,S001,P0015,108,130.37330280822027,-22.373302808220274
2023-08-28,S003,P0005,67,41.789921974340075,25.210078025659925
2023-08-28,S005,P0008,37,170.78638219864916,-133.78638219864916
2023-08-28,S002,P0019,59,211.96249139153258,-152.96249139153258
2023-08-28,S004,P0016,268,161.05536886484276,106.94463113515724
2023-08-28,S004,P0011,89,155.70237413772713,-66.70237413772713
2023-08-28,S001,P0010,33,140.10308218386632,-107.10308218386632
2023-08-28,S001,P0020,38,50.705888485021376,-12.705888485021376
2023-08-28,S004,P0013,97,92.0177028209165,4.982297179083503
2023-08-28,S003,P0004,26,104.80405692089158,-78.80405692089158
2023-08-28,S003,P0007,3,215.59184279213991,-212.59184279213991
2023-08-28,S005,P0005,38,78.43299688015503,-40.43299688015503
2023-08-28,S005,P0016,25,134.18097698007676,-109.18097698007676
2023-08-28,S005,P0015,86,200.59134479058594,-114.59134479058594
2023-08-28,S005,P0019,71,168.54409914876715,-97.54409914876715
2023-08-28,S002,P0007,130,65.17534739231513,64.82465260768487
2023-08-28,S003,P0006,132,87.72104251827773,44.27895748172227
2023-08-28,S002,P0011,333,193.89770006145454,139.10229993854546
2023-08-28,S002,P0014,35,159.13285685855698,-124.13285685855698
2023-08-28,S001,P0006,43,142.61570799374635,-99.61570799374635
2023-08-28,S003,P0015,353,203.55376838903885,149.44623161096115
2023-08-28,S004,P0003,11,50.207866647765684,-39.207866647765684
2023-08-28,S001,P0014,341,192.4992163890181,148.5007836109819
2023-08-28,S003,P0001,79,97.16283491924514,-18.162834919245142
2023-08-28,S004,P0001,410,242.7954734368265,167.2045265631735
2023-08-28,S004,P0019,337,178.64153733257808,158.35846266742192
2023-08-28,S001,P0011,27,76.52287879017666,-49.52287879017666
2023-08-28,S003,P0011,115,112.747393155226,2.252606844773993
2023-08-28,S001,P0017,67,155.69252863789194,-88.69252863789194
2023-08-28,S003,P0019,266,216.764976408763,49.235023591236995
2023-08-28,S003,P0008,105,128.0288545297837,-23.0288545297837
2023-08-28,S003,P0017,256,245.0226524313212,10.977347568678795
2023-08-28,S004,P0010,154,94.390684630387,59.609315369613
2023-08-28,S005,P0010,120,171.51700560394562,-51.51700560394562
2023-08-28,S001,P0001,189,95.2057408354072,93.7942591645928
2023-08-28,S002,P0020,367,202.35576993898513,164.64423006101487
2023-08-28,S004,P0014,12,215.45244229910355,-203.45244229910355
2023-08-28,S003,P0012,226,232.5646967697702,-6.564696769770194
2023-08-28,S001,P0013,7,96.64001147710161,-89.64001147710161
2023-08-28,S001,P0018,298,185.01600863790713,112.98399136209287
2023-08-28,S005,P0013,25,31.916559480546027,-6.916559480546027
2023-08-28,S005,P0006,79,233.17566816413085,-154.17566816413085
2023-08-28,S003,P0018,18,114.01935004986223,-96.01935004986223
2023-08-28,S001,P0016,131,247.12925610352687,-116.12925610352687
2023-08-28,S002,P0018,66,228.18621248140045,-162.18621248140045
2023-08-28,S003,P0002,49,155.24258717410595,-106.24258717410595
2023-08-28,S003,P0020,31,44.35378133596288,-13.353781335962879
2023-08-28,S005,P0002,44,54.16694723241278,-10.166947232412781
2023-08-28,S001,P0019,158,216.70832259415113,-58.70832259415113
2023-08-28,S001,P0008,63,81.68650398083344,-18.686503980833436
2023-08-28,S005,P0009,159,156.93463530929114,2.0653646907088614
2023-08-28,S003,P0003,15,92.00373548493815,-77.00373548493815
2023-08-28,S005,P0003,100,167.22805196477987,-67.22805196477987
2023-08-28,S001,P0012,78,71.67043409547432,6.32956590452568
2023-08-28,S005,P0017,194,245.26246018011113,-51.262460180111134
2023-08-28,S002,P0002,124,236.94787373625172,-112.94787373625172
2023-08-28,S002,P0012,349,188.99489358383732,160.00510641616268
2023-08-28,S005,P0001,38,26.846560321269692,11.153439678730308
2023-08-28,S001,P0004,13,104.22631486565547,-91.22631486565547
2023-08-28,S002,P0003,318,203.912324362736,114.087675637264
2023-08-28,S005,P0004,65,99.05953768989201,-34.05953768989201
2023-08-28,S003,P0009,323,244.96357617541565,78.03642382458435
2023-08-28,S005,P0007,304,223.55297734290764,80.44702265709236
2023-08-28,S005,P0011,116,177.25891005513938,-61.25891005513938
2023-08-28,S004,P0015,219,181.44014351231732,37.55985648768268
2023-08-28,S002,P0006,5,95.54564011964322,-90.54564011964322
2023-08-28,S002,P0017,58,97.42497314165212,-39.42497314165212
2023-08-28,S004,P0007,78,61.636137155288736,16.363862844711264
2023-08-28,S001,P0003,226,163.74899895140862,62.25100104859138
2023-08-28,S001,P0009,306,198.66213252033896,107.33786747966104
2023-08-28,S002,P0016,71,189.32031748923157,-118.32031748923157
2023-08-29,S003,P0016,204,126.9698372495206,77.0301627504794
2023-08-29,S003,P0017,19,33.59292866568177,-14.592928665681768
2023-08-29,S005,P0019,139,88.96331413090985,50.03668586909015
2023-08-29,S002,P0012,6,48.457262367703095,-42.457262367703095
2023-08-29,S005,P0018,41,32.35325009893535,8.646749901064652
2023-08-29,S005,P0001,11,211.50843181943662,-200.50843181943662
2023-08-29,S003,P0006,27,84.08653656589593,-57.086536565895926
2023-08-29,S003,P0004,124,114.11650195849387,9.88349804150613
2023-08-29,S005,P0010,394,216.8233160548255,177.1766839451745
2023-08-29,S001,P0005,30,103.87232966261416,-73.87232966261416
2023-08-29,S004,P0014,115,130.8838405523024,-15.883840552302388
2023-08-29,S003,P0002,68,92.13517982712278,-24.135179827122784
2023-08-29,S001,P0003,80,116.11383238549962,-36.11383238549962
2023-08-29,S004,P0007,90,53.08899578420704,36.91100421579296
2023-08-29,S004,P0015,90,118.23484790592363,-28.23484790592363
2023-08-29,S002,P0013,162,130.40959776554075,31.590402234459248
2023-08-29,S002,P0003,47,67.15438405063958,-20.154384050639578
2023-08-29,S004,P0012,300,188.04730015715558,111.95269984284442
2023-08-29,S002,P0011,230,153.6713666150959,76.3286333849041
2023-08-29,S004,P0010,55,240.8902268553452,-185.8902268553452
2023-08-29,S001,P0012,14,80.53059847605374,-66.53059847605374
2023-08-29,S002,P0018,65,170.80755013089896,-105.80755013089896
2023-08-29,S004,P0019,26,31.827787831632634,-5.827787831632634
2023-08-29,S005,P0013,51,157.50439671889416,-106.50439671889416
2023-08-29,S001,P0017,243,204.33479168381797,38.66520831618203
2023-08-29,S001,P0009,150,180.63954212040233,-30.639542120402325
2023-08-29,S004,P0003,169,164.68069582130272,4.31930417869728
2023-08-29,S003,P0009,163,152.21944536954146,10.78055463045854
2023-08-29,S005,P0017,152,158.39540807863307,-6.395408078633068
2023-08-29,S001,P0008,212,143.4448122482155,68.5551877517845
2023-08-29,S005,P0012,361,220.97816897338402,140.02183102661598
2023-08-29,S002,P0009,86,202.18932436519611,-116.18932436519611
2023-08-29,S003,P0019,6,38.81675033863132,-32.81675033863132
2023-08-29,S003,P0010,140,97.19972683255315,42.800273167446846
2023-08-29,S004,P0016,13,56.11402123053227,-43.11402123053227
2023-08-29,S002,P0019,188,172.94765114276373,15.052348857236268
2023-08-29,S001,P0010,290,175.43882414262129,114.56117585737871
2023-08-29,S004,P0002,18,78.72848841667889,-60.728488416678886
2023-08-29,S001,P0002,69,99.11287500063958,-30.112875000639576
2023-08-29,S005,P0020,152,160.19759826888736,-8.197598268887361
2023-08-29,S004,P0005,133,78.66586613080676,54.33413386919324
2023-08-29,S005,P0008,52,88.01052940666426,-36.01052940666426
2023-08-29,S002,P0008,53,29.184094115169614,23.815905884830386
2023-08-29,S004,P0020,11,137.77682301945867,-126.77682301945867
2023-08-29,S003,P0008,171,178.73041911299418,-7.730419112994184
2023-08-29,S004,P0018,2,29.617265917078782,-27.617265917078782
2023-08-29,S004,P0004,70,62.48502860988549,7.5149713901145105
2023-08-29,S001,P0013,183,101.58365466799563,81.41634533200437
2023-08-29,S003,P0012,214,233.7853735346597,-19.785373534659698
2023-08-29,S001,P0018,162,237.02029614421247,-75.02029614421247
2023-08-29,S004,P0017,271,209.7544989365373,61.24550106346271
2023-08-29,S004,P0011,167,114.2518166649682,52.7481833350318
2023-08-29,S004,P0006,98,159.37867959780993,-61.378679597809935
2023-08-29,S005,P0002,27,61.236797583235045,-34.236797583235045
2023-08-29,S002,P0016,139,247.53389102289856,-108.53389102289856
2023-08-29,S005,P0016,53,97.86261793150857,-44.86261793150857
2023-08-29,S002,P0010,319,200.3573032068267,118.64269679317329
2023-08-29,S003,P0005,173,114.6097462260687,58.390253773931306
2023-08-29,S002,P0002,119,204.15767707758772,-85.15767707758772
2023-08-29,S003,P0020,8,107.56000032840018,-99.56000032840018
2023-08-29,S005,P0011,159,115.85029968441455,43.14970031558545
2023-08-29,S005,P0007,86,69.26388757591207,16.736112424087935
2023-08-29,S003,P0007,35,158.35020339649986,-123.35020339649986
2023-08-29,S001,P0004,33,36.41346606955443,-3.413466069554431
2023-08-29,S003,P0003,96,94.0942907436816,1.9057092563184028
2023-08-29,S004,P0009,1,27.46680842100841,-26.46680842100841
2023-08-29,S001,P0015,319,166.3775268175416,152.6224731824584
2023-08-29,S002,P0015,304,189.73082394956464,114.26917605043536
2023-08-29,S005,P0004,63,125.43270079806467,-62.43270079806467
2023-08-29,S005,P0003,18,52.350449531943184,-34.350449531943184
2023-08-29,S002,P0017,24,107.88626601355702,-83.88626601355702
2023-08-29,S002,P0005,91,75.95064204251736,15.049357957482641
2023-08-29,S001,P0019,308,234.50625261425142,73.49374738574858
2023-08-29,S003,P0013,205,141.5801987180712,63.41980128192881
2023-08-29,S004,P0013,239,122.23284541487118,116.76715458512882
2023-08-29,S005,P0014,303,181.0841242580408,121.91587574195921
2023-08-29,S005,P0015,34,39.79239612846692,-5.792396128466919
2023-08-29,S002,P0014,63,81.14195338528987,-18.141953385289867
2023-08-29,S001,P0006,58,95.89928278826096,-37.89928278826096
2023-08-29,S002,P0006,357,185.44004332562366,171.55995667437634
2023-08-29,S001,P0020,55,110.39139343851394,-55.391393438513944
2023-08-29,S001,P0016,259,139.517871758367,119.482128241633
2023-08-29,S005,P0006,4,210.2781866862232,-206.2781866862232
2023-08-29,S003,P0018,122,113.25459717130792,8.745402828692079
2023-08-29,S002,P0020,228,152.4540656076938,75.54593439230621
2023-08-29,S002,P0007,85,106.88012513738153,-21.880125137381526
2023-08-29,S003,P0011,121,75.47741086812073,45.52258913187927
2023-08-29,S004,P0001,27,67.13376388974251,-40.13376388974251
2023-08-29,S002,P0004,67,112.37313305460714,-45.37313305460714
2023-08-29,S002,P0001,77,156.67316682105042,-79.67316682105042
2023-08-29,S005,P0005,27,26.432034186850046,0.5679658131499536
2023-08-29,S001,P0011,402,232.943242632468,169.056757367532
2023-08-29,S003,P0014,69,51.88119840015861,17.11880159984139
2023-08-29,S001,P0007,287,187.77846902722212,99.22153097277788
2023-08-29,S001,P0014,239,235.80345485517933,3.196545144820675
2023-08-29,S005,P0009,124,69.07614330814965,54.92385669185035
2023-08-29,S004,P0008,172,91.16928268964676,80.83071731035324
2023-08-30,S001,P0011,342,212.6107458488105,129.3892541511895
2023-08-30,S004,P0014,36,70.09637471607692,-34.09637471607692
2023-08-30,S005,P0003,24,27.91139757780519,-3.9113975778051895
2023-08-30,S002,P0018,84,108.00699728819012,-24.00699728819012
2023-08-30,S005,P0017,88,150.78342684327566,-62.78342684327566
2023-08-30,S004,P0001,131,248.71323846681736,-117.71323846681736
2023-08-30,S001,P0008,51,39.276327060858705,11.723672939141295
2023-08-30,S005,P0013,189,166.013656459833,22.986343540167013
2023-08-30,S005,P0006,48,31.795732531937688,16.204267468062312
2023-08-30,S001,P0019,57,77.97638837030081,-20.97638837030081
2023-08-30,S003,P0014,248,190.44920663670217,57.55079336329783
2023-08-30,S001,P0014,299,228.23012767377378,70.76987232622622
2023-08-30,S005,P0008,424,236.0677530067715,187.9322469932285
2023-08-30,S003,P0011,41,114.78319465068176,-73.78319465068176
2023-08-30,S001,P0017,226,169.81222475535543,56.18777524464457
2023-08-30,S005,P0010,52,27.65866417781774,24.34133582218226
2023-08-30,S003,P0008,152,82.12792628358233,69.87207371641767
2023-08-30,S002,P0020,36,46.53142759317711,-10.531427593177114
2023-08-30,S001,P0001,309,231.22183041054842,77.77816958945158
2023-08-30,S004,P0012,69,110.43768352564223,-41.43768352564223
2023-08-30,S003,P0003,391,227.1805673263592,163.8194326736408
2023-08-30,S001,P0012,40,145.00242278524252,-105.00242278524252
2023-08-30,S005,P0002,47,25.224589899587443,21.775410100412557
2023-08-30,S003,P0002,2,181.6630780679456,-179.6630780679456
2023-08-30,S002,P0016,56,186.79328719955896,-130.79328719955896
2023-08-30,S002,P0006,5,100.20551449308635,-95.20551449308635
2023-08-30,S001,P0006,82,119.30465777561227,-37.30465777561227
2023-08-30,S002,P0013,133,99.45317928639861,33.54682071360139
2023-08-30,S002,P0002,102,56.21306298645243,45.78693701354757
2023-08-30,S002,P0003,408,211.763178048776,196.236821951224
2023-08-30,S004,P0013,223,192.40998066013339,30.590019339866615
2023-08-30,S004,P0003,366,192.00729585937006,173.99270414062994
2023-08-30,S005,P0011,294,178.40934962641455,115.59065037358545
2023-08-30,S003,P0015,28,36.12956877111901,-8.129568771119011
2023-08-30,S004,P0010,247,130.50938372814534,116.49061627185466
2023-08-30,S002,P0011,52,121.81609929758088,-69.81609929758088
2023-08-30,S004,P0007,46,111.02485029946354,-65.02485029946354
2023-08-30,S002,P0014,419,244.24760059167187,174.75239940832813
2023-08-30,S004,P0018,162,135.9470590817669,26.052940918233105
2023-08-30,S001,P0004,43,27.14872104497789,15.85127895502211
2023-08-30,S004,P0002,172,197.56871406809307,-25.568714068093072
2023-08-30,S004,P0015,321,187.98435128575954,133.01564871424046
2023-08-30,S001,P0009,187,100.71342278811659,86.28657721188341
2023-08-30,S002,P0008,170,205.41368667692421,-35.413686676924215
2023-08-30,S004,P0020,238,136.96569844531922,101.03430155468078
2023-08-30,S003,P0019,20,81.47548694703846,-61.47548694703846
2023-08-30,S005,P0016,73,43.82097515527488,29.17902484472512
2023-08-30,S003,P0005,79,150.6052740173817,-71.6052740173817
2023-08-30,S003,P0009,156,182.03007902566168,-26.030079025661678
2023-08-30,S001,P0005,323,162.20826424175112,160.79173575824888
2023-08-30,S004,P0011,123,81.48787991756336,41.51212008243664
2023-08-30,S003,P0020,280,185.28826468896102,94.71173531103898
2023-08-30,S005,P0012,14,109.94878819257656,-95.94878819257656
2023-08-30,S003,P0004,5,33.808108622229724,-28.808108622229724
2023-08-30,S005,P0009,98,91.49132558151581,6.5086744184841905
2023-08-30,S001,P0007,111,74.74503635155037,36.25496364844963
2023-08-30,S004,P0008,231,139.3062175678955,91.69378243210451
2023-08-30,S005,P0005,232,201.5986248001705,30.401375199829488
2023-08-30,S003,P0017,180,95.38286750579982,84.61713249420018
2023-08-30,S004,P0017,35,49.419261621669136,-14.419261621669136
2023-08-30,S005,P0018,248,132.23271283465908,115.76728716534092
2023-08-30,S003,P0016,31,32.12170957211214,-1.1217095721121382
2023-08-30,S002,P0007,358,191.30547519411778,166.69452480588222
2023-08-30,S005,P0019,9,226.4180633844976,-217.4180633844976
2023-08-30,S001,P0020,46,31.370457613582175,14.629542386417825
2023-08-30,S001,P0018,25,163.67378546583882,-138.67378546583882
2023-08-30,S005,P0001,87,70.87577564754349,16.12422435245651
2023-08-30,S001,P0016,86,107.29109235166266,-21.291092351662655
2023-08-30,S003,P0006,81,137.90629983370326,-56.90629983370326
2023-08-30,S003,P0012,177,208.90672757185553,-31.906727571855527
2023-08-30,S002,P0012,30,110.40830012125667,-80.40830012125667
2023-08-30,S003,P0001,221,132.218641031625,88.781358968375
2023-08-30,S005,P0020,73,125.19383760628068,-52.19383760628068
2023-08-30,S004,P0019,368,244.02339468385344,123.97660531614656
2023-08-30,S004,P0006,26,83.24796556869984,-57.24796556869984
2023-08-30,S002,P0010,139,187.41858952208196,-48.41858952208196
2023-08-30,S001,P0010,17,132.8658396281163,-115.8658396281163
2023-08-30,S002,P0004,66,79.45507826464024,-13.455078264640235
2023-08-30,S003,P0013,50,93.2721958714161,-43.2721958714161
2023-08-30,S001,P0013,111,163.84697421663935,-52.84697421663935
2023-08-30,S002,P0005,55,159.20162876762214,-104.20162876762214
2023-08-30,S002,P0019,96,59.37954622434211,36.62045377565789
2023-08-30,S002,P0017,168,108.73664848629721,59.26335151370279
2023-08-30,S001,P0015,16,27.107340997313827,-11.107340997313827
2023-08-30,S002,P0015,20,70.63113170369024,-50.631131703690244
2023-08-30,S004,P0004,43,24.713883487583985,18.286116512416015
2023-08-30,S003,P0010,169,103.95994549784928,65.04005450215072
2023-08-30,S004,P0009,88,236.90328783776005,-148.90328783776005
2023-08-30,S001,P0002,63,60.53769230438775,2.462307695612253
2023-08-30,S003,P0018,159,97.8417000249051,61.158299975094906
2023-08-30,S005,P0014,225,170.76999213136435,54.23000786863565
2023-08-30,S005,P0015,31,29.60350551725736,1.3964944827426393
2023-08-30,S001,P0003,177,196.95438113114795,-19.954381131147954
2023-08-30,S002,P0001,467,241.7396794620093,225.2603205379907
2023-08-30,S005,P0004,110,142.79545761187256,-32.795457611872564
2023-08-30,S002,P0009,266,145.07074925319193,120.92925074680807
2023-08-30,S003,P0007,58,51.98126754312818,6.018732456871817
2023-08-30,S004,P0005,11,33.64700351302611,-22.647003513026107
2023-08-30,S004,P0016,41,37.918228089004174,3.081771910995826
2023-08-31,S001,P0010,216,141.36904071892974,74.63095928107026
2023-08-31,S005,P0020,257,194.04003988757376,62.959960112426245
2023-08-31,S004,P0019,94,68.77880506262443,25.22119493737557
2023-08-31,S001,P0017,32,119.17393378554698,-87.17393378554698
2023-08-31,S001,P0012,127,84.98977653840387,42.01022346159613
2023-08-31,S005,P0004,4,112.5006864015482,-108.5006864015482
2023-08-31,S001,P0020,40,28.065244037546165,11.934755962453835
2023-08-31,S004,P0003,123,183.66231429124764,-60.66231429124764
2023-08-31,S003,P0001,183,224.06780333655752,-41.06780333655752
2023-08-31,S005,P0017,170,172.68265760574525,-2.6826576057452485
2023-08-31,S002,P0017,151,225.41284336453134,-74.41284336453134
2023-08-31,S003,P0004,309,191.70309359790514,117.29690640209486
2023-08-31,S002,P0002,173,172.9514295706017,0.048570429398296255
2023-08-31,S004,P0018,285,206.15473951627365,78.84526048372635
2023-08-31,S001,P0004,92,46.179604046142174,45.820395953857826
2023-08-31,S004,P0001,10,68.21258541356013,-58.212585413560134
2023-08-31,S003,P0020,108,93.48440965744237,14.51559034255763
2023-08-31,S005,P0009,10,27.537111321150974,-17.537111321150974
2023-08-31,S001,P0019,275,215.85724970731115,59.142750292688845
2023-08-31,S005,P0002,251,227.7371583817495,23.26284161825049
2023-08-31,S003,P0011,31,48.16332479340008,-17.16332479340008
2023-08-31,S001,P0001,64,79.44265961620255,-15.442659616202548
2023-08-31,S001,P0014,159,101.41771540574354,57.582284594256464
2023-08-31,S001,P0006,99,170.08574184531432,-71.08574184531432
2023-08-31,S001,P0011,198,109.21955676392616,88.78044323607384
2023-08-31,S002,P0014,135,163.20396938408703,-28.20396938408703
2023-08-31,S005,P0011,208,225.5319828704924,-17.531982870492413
2023-08-31,S002,P0016,35,169.60081163925184,-134.60081163925184
2023-08-31,S002,P0020,165,91.90526731510619,73.09473268489381
2023-08-31,S005,P0007,232,134.5357274388673,97.4642725611327
2023-08-31,S002,P0006,156,115.95806065438796,40.041939345612036
2023-08-31,S005,P0006,48,87.91006492913465,-39.91006492913465
2023-08-31,S003,P0013,136,227.08759248769036,-91.08759248769036
2023-08-31,S005,P0003,49,180.69942632325296,-131.69942632325296
2023-08-31,S005,P0013,422,226.65613874939106,195.34386125060894
2023-08-31,S005,P0014,31,51.80728504997285,-20.807285049972847
2023-08-31,S002,P0015,99,126.44096166001015,-27.440961660010146
2023-08-31,S005,P0015,63,106.89180939000744,-43.89180939000744
2023-08-31,S003,P0014,131,76.58529264445878,54.414707355541225
2023-08-31,S003,P0003,35,161.36517303048618,-126.36517303048618
2023-08-31,S002,P0005,40,92.69036191280736,-52.69036191280736
2023-08-31,S004,P0009,191,226.20600261731084,-35.206002617310844
2023-08-31,S002,P0018,0,58.161506724666424,-58.161506724666424
2023-08-31,S004,P0010,216,109.16323323830937,106.83676676169063
2023-08-31,S004,P0007,50,87.29975466620067,-37.29975466620067
2023-08-31,S001,P0015,127,144.4611817988466,-17.46118179884661
2023-08-31,S005,P0008,295,194.2416068528142,100.75839314718581
2023-08-31,S003,P0015,31,78.10876503589179,-47.10876503589179
2023-08-31,S002,P0019,71,148.1377141001842,-77.13771410018421
2023-08-31,S001,P0009,214,177.17683426795566,36.823165732044345
2023-08-31,S004,P0004,38,82.08263477038787,-44.08263477038787
2023-08-31,S003,P0007,11,70.52084393233554,-59.52084393233554
2023-08-31,S003,P0009,257,242.17416780837289,14.825832191627114
2023-08-31,S003,P0019,43,54.020733595297884,-11.020733595297884
2023-08-31,S003,P0016,305,215.70805437561876,89.29194562438124
2023-08-31,S002,P0012,114,123.82533682136369,-9.825336821363692
2023-08-31,S002,P0007,18,34.742064629533274,-16.742064629533274
2023-08-31,S001,P0003,3,148.3596794214311,-145.3596794214311
2023-08-31,S004,P0008,106,205.97272320386037,-99.97272320386037
2023-08-31,S004,P0011,107,129.29925598173122,-22.29925598173122
2023-08-31,S002,P0010,38,105.04831517546171,-67.04831517546171
2023-08-31,S002,P0001,79,85.84149796631385,-6.841497966313852
2023-08-31,S003,P0018,12,32.45818662305095,-20.45818662305095
2023-08-31,S001,P0016,3,33.51558431039416,-30.51558431039416
2023-08-31,S002,P0004,155,90.19625014189631,64.80374985810369
2023-08-31,S003,P0006,209,114.33143811714012,94.66856188285988
2023-08-31,S003,P0008,263,192.59553691533472,70.40446308466528
2023-08-31,S001,P0005,30,37.64985279911389,-7.649852799113887
2023-08-31,S004,P0015,194,168.36720537176814,25.632794628231863
2023-08-31,S003,P0010,67,244.35549414384855,-177.35549414384855
2023-08-31,S004,P0002,153,155.35931412875186,-2.359314128751862
2023-08-31,S004,P0016,65,169.05361013809613,-104.05361013809613
2023-08-31,S005,P0010,71,249.50063682727932,-178.50063682727932
2023-08-31,S004,P0012,72,44.71007918137201,27.28992081862799
2023-08-31,S004,P0014,67,178.37396944658894,-111.37396944658894
2023-08-31,S004,P0005,212,191.08971687326692,20.910283126733077
2023-08-31,S001,P0002,147,163.3003292589721,-16.300329258972113
2023-08-31,S002,P0008,89,132.50850351878728,-43.50850351878728
2023-08-31,S001,P0008,69,40.12716865849279,28.872831341507208
2023-08-31,S005,P0016,157,203.64785073012246,-46.64785073012246
2023-08-31,S002,P0009,292,195.03595321332563,96.96404678667437
2023-08-31,S003,P0017,149,100.37714750043529,48.622852499564715
2023-08-31,S005,P0012,231,126.34525644453947,104.65474355546053
2023-08-31,S005,P0018,64,141.94598463494162,-77.94598463494162
2023-08-31,S003,P0005,12,107.55336015462575,-95.55336015462575
2023-08-31,S004,P0013,213,128.25528510382037,84.74471489617963
2023-08-31,S001,P0007,165,225.29394797836943,-60.29394797836943
2023-08-31,S002,P0003,99,52.40318961460258,46.59681038539742
2023-08-31,S005,P0005,15,28.50184178704359,-13.501841787043588
2023-08-31,S002,P0013,83,153.42922170346685,-70.42922170346685
2023-08-31,S002,P0011,83,235.38311191569386,-152.38311191569386
2023-08-31,S001,P0018,361,227.1599941774444,133.8400058225556
2023-08-31,S004,P0017,205,110.94756777349892,94.05243222650108
2023-08-31,S003,P0002,258,222.0217206557619,35.9782793442381
2023-08-31,S003,P0012,46,169.57588307656084,-123.57588307656084
2023-08-31,S001,P0013,175,152.3379979583791,22.662002041620894
2023-08-31,S005,P0001,24,123.90362608057421,-99.90362608057421
2023-08-31,S004,P0020,119,87.90727388829345,31.092726111706554
2023-09-01,S004,P0002,41,44.140967646375316,-3.140967646375316
2023-09-01,S002,P0013,52,35.109161865150156,16.890838134849844
2023-09-01,S002,P0019,254,174.86457670390155,79.13542329609845
2023-09-01,S004,P0010,13,93.40973274257738,-80.40973274257738
2023-09-01,S004,P0014,80,82.80626525597552,-2.806265255975518
2023-09-01,S003,P0018,82,211.33042663022934,-129.33042663022934
2023-09-01,S002,P0007,336,181.57744903247942,154.42255096752058
2023-09-01,S002,P0003,102,53.12671650508395,48.87328349491605
2023-09-01,S001,P0015,191,165.02642185374333,25.97357814625667
2023-09-01,S002,P0009,46,186.30234172233372,-140.30234172233372
2023-09-01,S005,P0016,161,135.5114111825855,25.488588817414495
2023-09-01,S003,P0007,52,57.17668771444676,-5.176687714446757
2023-09-01,S001,P0007,43,144.73201805973434,-101.73201805973434
2023-09-01,S005,P0007,197,186.91638080626097,10.083619193739025
2023-09-01,S002,P0004,48,74.34727584899832,-26.347275848998322
2023-09-01,S001,P0018,34,173.17153621014256,-139.17153621014256
2023-09-01,S005,P0003,3,97.75942290981669,-94.75942290981669
2023-09-01,S002,P0006,30,71.01838022995742,-41.018380229957415
2023-09-01,S005,P0011,71,51.58681196680402,19.41318803319598
2023-09-01,S003,P0020,55,45.592101041861554,9.407898958138446
2023-09-01,S003,P0004,47,32.53310541664979,14.46689458335021
2023-09-01,S001,P0014,66,74.8466592090108,-8.846659209010795
2023-09-01,S003,P0005,32,196.53271361207788,-164.53271361207788
2023-09-01,S003,P0011,170,213.00993959825547,-43.00993959825547
2023-09-01,S004,P0016,253,148.93138921334037,104.06861078665963
2023-09-01,S004,P0006,166,199.51174176222202,-33.511741762222016
2023-09-01,S002,P0002,336,237.31895354368902,98.68104645631098
2023-09-01,S002,P0001,201,169.52070714663722,31.47929285336278
2023-09-01,S001,P0003,263,202.17808622347144,60.82191377652856
2023-09-01,S001,P0005,65,165.62393959747948,-100.62393959747948
2023-09-01,S001,P0010,174,94.87215137305532,79.12784862694468
2023-09-01,S001,P0012,176,117.12327303007652,58.87672696992348
2023-09-01,S002,P0008,131,247.17723402163756,-116.17723402163756
2023-09-01,S004,P0015,303,230.78671053608912,72.21328946391088
2023-09-01,S002,P0010,15,33.345457635199864,-18.345457635199864
2023-09-01,S003,P0012,164,137.47478514000426,26.525214859995742
2023-09-01,S005,P0005,167,118.01210844539804,48.98789155460196
2023-09-01,S002,P0011,366,220.53715801013198,145.46284198986802
2023-09-01,S004,P0013,78,120.71277915301573,-42.71277915301573
2023-09-01,S001,P0006,338,238.20745740189363,99.79254259810637
2023-09-01,S003,P0014,99,84.90472915149928,14.095270848500718
2023-09-01,S004,P0009,41,30.258607737493094,10.741392262506906
2023-09-01,S002,P0005,39,201.3768071251675,-162.3768071251675
2023-09-01,S003,P0003,61,115.40307547835027,-54.403075478350274
2023-09-01,S004,P0005,27,123.17100821204502,-96.17100821204502
2023-09-01,S003,P0019,207,145.22333962237957,61.77666037762043
2023-09-01,S005,P0013,63,59.002762121188255,3.9972378788117453
2023-09-01,S005,P0002,16,36.58535764165987,-20.58535764165987
2023-09-01,S002,P0020,10,78.83735659191177,-68.83735659191177
2023-09-01,S004,P0003,121,61.60049992510699,59.39950007489301
2023-09-01,S004,P0011,102,179.44299868779808,-77.44299868779808
2023-09-01,S001,P0013,141,72.86543132008399,68.13456867991601
2023-09-01,S003,P0009,179,175.1264270037861,3.873572996213909
2023-09-01,S005,P0001,208,187.30115388303648,20.698846116963523
2023-09-01,S001,P0009,232,127.19454596682533,104.80545403317467
2023-09-01,S004,P0004,277,148.05552607989944,128.94447392010056
2023-09-01,S001,P0019,19,37.72463437970049,-18.72463437970049
2023-09-01,S003,P0016,94,146.90018050375312,-52.90018050375312
2023-09-01,S003,P0010,39,176.40195740683845,-137.40195740683845
2023-09-01,S003,P0015,88,53.1740174338662,34.8259825661338
2023-09-01,S002,P0012,288,156.51730179864745,131.48269820135255
2023-09-01,S004,P0012,31,46.810528581422886,-15.810528581422886
2023-09-01,S005,P0017,178,177.84921465881467,0.15078534118532616
2023-09-01,S003,P0008,97,220.60660542493275,-123.60660542493275
2023-09-01,S004,P0007,61,144.61506169175112,-83.61506169175112
2023-09-01,S002,P0018,0,47.14619244778214,-47.14619244778214
2023-09-01,S004,P0008,9,111.66759470612504,-102.66759470612504
2023-09-01,S005,P0008,130,168.65963890719735,-38.65963890719735
2023-09-01,S005,P0010,269,224.50378501538842,44.49621498461158
2023-09-01,S003,P0017,160,223.91095427267584,-63.91095427267584
2023-09-01,S005,P0018,101,62.67884923318098,38.32115076681902
2023-09-01,S004,P0020,65,46.81829866246085,18.181701337539153
2023-09-01,S001,P0008,229,161.4903792240175,67.50962077598251
2023-09-01,S003,P0006,350,247.51879242481454,102.48120757518546
2023-09-01,S005,P0009,76,89.89817122200964,-13.898171222009637
2023-09-01,S005,P0019,20,221.3371017729056,-201.3371017729056
2023-09-01,S005,P0006,293,182.7562297092665,110.2437702907335
2023-09-01,S004,P0001,168,154.45505140752954,13.544948592470462
2023-09-01,S005,P0004,320,228.31022060596473,91.68977939403527
2023-09-01,S005,P0015,68,174.5680863923683,-106.56808639236829
2023-09-01,S001,P0002,159,116.92755951796187,42.07244048203813
2023-09-01,S001,P0020,75,96.21352756696405,-21.213527566964046
2023-09-01,S002,P0016,106,127.77715040268095,-21.777150402680945
2023-09-01,S004,P0019,162,84.32619328470008,77.67380671529992
2023-09-01,S002,P0017,30,41.480954544999406,-11.480954544999406
2023-09-01,S002,P0015,165,187.7558758650248,-22.75587586502479
2023-09-01,S002,P0014,191,178.46613116821425,12.533868831785753
2023-09-01,S001,P0016,47,123.95084155983949,-76.95084155983949
2023-09-01,S003,P0013,259,171.08316277010732,87.91683722989268
2023-09-01,S001,P0004,433,218.51183731624485,214.48816268375515
2023-09-01,S001,P0011,186,137.19835542901166,48.801644570988344
2023-09-01,S001,P0017,74,116.12788469644192,-42.127884696441924
2023-09-01,S001,P0001,90,66.50367460430766,23.496325395692338
2023-09-01,S005,P0020,131,244.1897080278232,-113.1897080278232
2023-09-01,S005,P0014,242,224.29121009079427,17.708789909205734
2023-09-01,S004,P0018,103,104.3817603768918,-1.3817603768918048
2023-09-01,S003,P0001,13,121.71258575286396,-108.71258575286396
2023-09-01,S005,P0012,1,61.31811374380521,-60.31811374380521
2023-09-01,S004,P0017,123,95.58680445630984,27.413195543690165
2023-09-02,S002,P0012,72,36.72257452332508,35.27742547667492
2023-09-02,S002,P0015,86,81.68171485862644,4.318285141373565
2023-09-02,S003,P0016,191,148.59559849511157,42.404401504888426
2023-09-02,S003,P0018,324,203.77537931213504,120.22462068786496
2023-09-02,S004,P0016,305,189.0262056753225,115.9737943246775
2023-09-02,S004,P0008,247,179.8439768072693,67.15602319273069
2023-09-02,S004,P0011,71,54.57628686606478,16.423713133935223
2023-09-02,S004,P0020,120,62.95761032741888,57.04238967258112
2023-09-02,S001,P0005,138,89.34902026695619,48.65097973304381
2023-09-02,S001,P0009,92,180.36814585372684,-88.36814585372684
2023-09-02,S001,P0002,104,211.08972087300867,-107.08972087300867
2023-09-02,S003,P0010,274,154.16031918662782,119.83968081337218
2023-09-02,S005,P0010,193,230.12728850011962,-37.12728850011962
2023-09-02,S005,P0003,375,233.14168235249969,141.85831764750031
2023-09-02,S002,P0007,111,128.4568969522411,-17.456896952241095
2023-09-02,S003,P0005,265,162.34520821230956,102.65479178769044
2023-09-02,S001,P0001,8,92.92644673326697,-84.92644673326697
2023-09-02,S003,P0007,8,103.97091614651453,-95.97091614651453
2023-09-02,S003,P0013,160,135.57982321857975,24.420176781420253
2023-09-02,S005,P0002,109,120.40098764921993,-11.400987649219928
2023-09-02,S003,P0011,32,30.83965476440028,1.1603452355997206
2023-09-02,S004,P0006,236,149.50446886564907,86.49553113435093
2023-09-02,S002,P0005,133,132.06806287188397,0.9319371281160329
2023-09-02,S003,P0003,187,104.12306124424379,82.87693875575621
2023-09-02,S001,P0007,33,97.27443538454997,-64.27443538454997
2023-09-02,S005,P0009,60,228.8004780407456,-168.8004780407456
2023-09-02,S001,P0014,39,198.45516863418317,-159.45516863418317
2023-09-02,S001,P0011,18,32.935116212223534,-14.935116212223534
2023-09-02,S001,P0016,38,209.58233444180206,-171.58233444180206
2023-09-02,S005,P0005,141,199.72421421789699,-58.724214217896986
2023-09-02,S005,P0015,144,187.46384741333225,-43.463847413332246
2023-09-02,S005,P0006,112,188.31199631622349,-76.31199631622349
2023-09-02,S003,P0012,257,155.8889425618902,101.11105743810981
2023-09-02,S004,P0009,125,155.6488106116231,-30.648810611623105
2023-09-02,S001,P0018,301,221.9889823201429,79.0110176798571
2023-09-02,S002,P0010,175,104.56575608999486,70.43424391000514
2023-09-02,S001,P0017,30,27.611994889941798,2.3880051100582023
2023-09-02,S001,P0013,103,140.82088825158172,-37.82088825158172
2023-09-02,S002,P0016,168,141.76136004693183,26.238639953068173
2023-09-02,S002,P0006,46,242.9951555185799,-196.9951555185799
2023-09-02,S005,P0001,166,92.04520406689636,73.95479593310364
2023-09-02,S003,P0006,314,240.6198635179113,73.38013648208869
2023-09-02,S005,P0018,177,237.12144515000261,-60.121445150002614
2023-09-02,S002,P0014,110,82.19460533273639,27.805394667263613
2023-09-02,S004,P0004,83,48.13849313964636,34.86150686035364
2023-09-02,S001,P0019,342,171.2897783080375,170.7102216919625
2023-09-02,S002,P0013,84,88.82612369795766,-4.826123697957655
2023-09-02,S003,P0009,73,54.81331642676554,18.18668357323446
2023-09-02,S005,P0004,114,58.26667199939112,55.73332800060888
2023-09-02,S005,P0012,48,65.5523021457119,-17.552302145711906
2023-09-02,S001,P0003,81,95.94468645372604,-14.944686453726035
2023-09-02,S004,P0015,271,204.57957784938566,66.42042215061434
2023-09-02,S004,P0013,15,92.02177268576486,-77.02177268576486
2023-09-02,S001,P0020,39,48.50029872603136,-9.50029872603136
2023-09-02,S001,P0006,426,210.54159219790904,215.45840780209096
2023-09-02,S002,P0011,77,173.23448526834324,-96.23448526834324
2023-09-02,S002,P0003,217,133.68340751059736,83.31659248940264
2023-09-02,S003,P0002,65,36.813779636051834,28.186220363948166
2023-09-02,S002,P0017,113,182.74531091918277,-69.74531091918277
2023-09-02,S005,P0011,58,103.92803385342563,-45.92803385342563
2023-09-02,S003,P0014,152,206.60487340614623,-54.604873406146226
2023-09-02,S001,P0010,47,167.77286265497116,-120.77286265497116
2023-09-02,S003,P0019,144,126.79114455475599,17.208855445244012
2023-09-02,S005,P0013,2,102.71052345779896,-100.71052345779896
2023-09-02,S004,P0019,44,93.78036227630975,-49.780362276309745
2023-09-02,S005,P0019,355,236.39725062319667,118.60274937680333
2023-09-02,S002,P0020,83,86.88280708076132,-3.8828070807613244
2023-09-02,S004,P0003,23,183.3016716497707,-160.3016716497707
2023-09-02,S003,P0004,150,239.90771172522295,-89.90771172522295
2023-09-02,S005,P0017,71,58.655080967956735,12.344919032043265
2023-09-02,S002,P0004,171,84.36643489153437,86.63356510846563
2023-09-02,S002,P0001,111,87.93014906120175,23.069850938798254
2023-09-02,S001,P0012,88,99.9070193829657,-11.9070193829657
2023-09-02,S004,P0005,180,103.70445063984977,76.29554936015023
2023-09-02,S004,P0002,36,71.77667922579747,-35.776679225797466
2023-09-02,S004,P0017,391,217.37530889206266,173.62469110793734
2023-09-02,S005,P0014,29,27.29136315160838,1.7086368483916203
2023-09-02,S002,P0009,209,106.29921466042532,102.70078533957468
2023-09-02,S004,P0018,96,59.09392572216626,36.90607427783374
2023-09-02,S004,P0012,247,128.1726317370708,118.82736826292921
2023-09-02,S002,P0008,176,95.70151967526692,80.29848032473308
2023-09-02,S003,P0017,66,205.9295252721463,-139.9295252721463
2023-09-02,S003,P0020,54,33.592866002356345,20.407133997643655
2023-09-02,S003,P0001,36,53.91102639528185,-17.91102639528185
2023-09-02,S003,P0015,153,156.37749116730157,-3.377491167301571
2023-09-02,S002,P0019,134,178.84500427590558,-44.84500427590558
2023-09-02,S005,P0016,63,155.16337437418076,-92.16337437418076
2023-09-02,S002,P0002,324,241.09001685025447,82.90998314974553
2023-09-02,S004,P0010,415,233.373983560292,181.626016439708
2023-09-02,S005,P0020,58,72.69872964981096,-14.698729649810957
2023-09-02,S001,P0015,22,24.788127067426558,-2.788127067426558
2023-09-02,S005,P0008,56,140.86281910120755,-84.86281910120755
2023-09-02,S004,P0001,136,71.10544162977533,64.89455837022467
2023-09-02,S004,P0007,301,223.48786769089014,77.51213230910986
2023-09-02,S002,P0018,364,179.62847435443513,184.37152564556487
2023-09-02,S004,P0014,171,145.4310737915893,25.568926208410687
2023-09-02,S001,P0008,112,204.19783288321787,-92.19783288321787
2023-09-02,S003,P0008,15,169.21504701141396,-154.21504701141396
2023-09-02,S001,P0004,219,107.99669468989066,111.00330531010934
2023-09-03,S005,P0020,431,242.46796572828828,188.53203427171172
2023-09-03,S001,P0012,125,135.42756509397583,-10.42756509397583
2023-09-03,S004,P0017,8,52.1926060605511,-44.1926060605511
2023-09-03,S001,P0019,171,213.37999636698567,-42.379996366985665
2023-09-03,S005,P0019,10,206.95936393072571,-196.95936393072571
2023-09-03,S001,P0011,70,229.38452938140966,-159.38452938140966
2023-09-03,S002,P0016,6,95.74344004884233,-89.74344004884233
2023-09-03,S005,P0011,120,68.68459058085091,51.31540941914909
2023-09-03,S002,P0002,1,184.8772893882396,-183.8772893882396
2023-09-03,S003,P0002,93,79.79205944873627,13.207940551263732
2023-09-03,S005,P0003,12,33.417464013852964,-21.417464013852964
2023-09-03,S002,P0014,47,132.19207056170217,-85.19207056170217
2023-09-03,S003,P0013,165,237.52496209409526,-72.52496209409526
2023-09-03,S004,P0004,139,123.2004644421151,15.799535557884894
2023-09-03,S003,P0014,67,81.92042277124494,-14.920422771244944
2023-09-03,S002,P0020,203,123.42986230108085,79.57013769891915
2023-09-03,S003,P0017,101,144.7686955226422,-43.76869552264219
2023-09-03,S001,P0009,115,155.10978000753238,-40.10978000753238
2023-09-03,S003,P0018,126,227.74161509542398,-101.74161509542398
2023-09-03,S003,P0015,61,48.10579237852863,12.894207621471367
2023-09-03,S003,P0016,219,138.40613750864327,80.59386249135673
2023-09-03,S001,P0015,11,32.46515380047481,-21.46515380047481
2023-09-03,S002,P0012,436,235.04895145242995,200.95104854757005
2023-09-03,S002,P0007,184,215.74713504290423,-31.747135042904233
2023-09-03,S004,P0011,77,191.10545075395265,-114.10545075395265
2023-09-03,S004,P0007,124,144.7808030199448,-20.780803019944813
2023-09-03,S004,P0008,36,109.54429313171488,-73.54429313171488
2023-09-03,S002,P0018,156,223.48290520197412,-67.48290520197412
2023-09-03,S003,P0009,251,185.62921893568745,65.37078106431255
2023-09-03,S002,P0005,302,234.85063326438075,67.14936673561925
2023-09-03,S005,P0008,56,105.86568614086315,-49.86568614086315
2023-09-03,S002,P0010,55,224.94016303458562,-169.94016303458562
2023-09-03,S001,P0006,33,202.615912327337,-169.615912327337
2023-09-03,S004,P0009,157,123.69779716573197,33.30220283426803
2023-09-03,S002,P0019,135,127.68338783477975,7.316612165220249
2023-09-03,S004,P0010,312,195.00492637965817,116.99507362034183
2023-09-03,S001,P0014,185,156.90572026582038,28.094279734179622
2023-09-03,S002,P0004,77,77.62745104756709,-0.6274510475670922
2023-09-03,S003,P0003,1,217.74662160563827,-216.74662160563827
2023-09-03,S003,P0019,149,86.10105886998406,62.89894113001594
2023-09-03,S003,P0011,258,140.97115189875007,117.02884810124993
2023-09-03,S005,P0002,216,188.13793183745878,27.86206816254122
2023-09-03,S001,P0001,62,48.031814723529976,13.968185276470024
2023-09-03,S005,P0012,154,112.37890065668557,41.62109934331443
2023-09-03,S001,P0003,38,69.75274994490246,-31.75274994490246
2023-09-03,S005,P0007,192,150.0037312460047,41.99626875399531
2023-09-03,S002,P0008,20,73.61081205967366,-53.61081205967366
2023-09-03,S005,P0013,375,211.19796740397777,163.80203259602223
2023-09-03,S005,P0017,345,190.6012393993421,154.3987606006579
2023-09-03,S004,P0003,111,101.45343730904017,9.546562690959831
2023-09-03,S001,P0007,162,214.89420899182352,-52.89420899182352
2023-09-03,S003,P0012,150,192.8440149405925,-42.8440149405925
2023-09-03,S003,P0020,344,190.14666052676768,153.85333947323232
2023-09-03,S005,P0005,47,40.916476461899265,6.083523538100735
2023-09-03,S001,P0010,113,246.9166931361395,-133.9166931361395
2023-09-03,S001,P0018,45,180.93215532057616,-135.93215532057616
2023-09-03,S005,P0001,10,135.85520065051963,-125.85520065051963
2023-09-03,S001,P0013,173,134.25980261873184,38.74019738126816
2023-09-03,S005,P0010,85,218.79059974934302,-133.79059974934302
2023-09-03,S002,P0003,297,239.77127491152459,57.228725088475414
2023-09-03,S004,P0020,150,131.19488624232298,18.80511375767702
2023-09-03,S001,P0005,181,181.25721689746825,-0.25721689746825405
2023-09-03,S005,P0009,157,182.99818723708432,-25.998187237084323
2023-09-03,S002,P0011,147,106.51319216011586,40.486807839884136
2023-09-03,S004,P0015,127,107.82480214073536,19.175197859264642
2023-09-03,S003,P0010,432,216.60324433060197,215.39675566939803
2023-09-03,S004,P0012,199,108.47724091879371,90.52275908120629
2023-09-03,S002,P0013,217,204.19726366693652,12.802736333063478
2023-09-03,S004,P0002,131,166.71300600296803,-35.71300600296803
2023-09-03,S004,P0016,268,172.08348450090307,95.91651549909693
2023-09-03,S005,P0014,440,223.94321769335443,216.05678230664557
2023-09-03,S004,P0005,53,173.70212566513885,-120.70212566513885
2023-09-03,S002,P0009,2,29.97487209005834,-27.97487209005834
2023-09-03,S004,P0013,224,237.99469142993166,-13.994691429931663
2023-09-03,S002,P0001,9,23.524113719819013,-14.524113719819013
2023-09-03,S001,P0008,65,195.39978977618483,-130.39978977618483
2023-09-03,S005,P0016,138,170.85263475231523,-32.852634752315225
2023-09-03,S004,P0014,127,70.13658613174033,56.86341386825967
2023-09-03,S003,P0005,378,198.84949875517003,179.15050124482997
2023-09-03,S005,P0018,327,164.09663715297,162.90336284703
2023-09-03,S003,P0008,361,231.74395920436694,129.25604079563306
2023-09-03,S003,P0007,11,107.00046312759383,-96.00046312759383
2023-09-03,S004,P0001,52,109.6523628412051,-57.652362841205104
2023-09-03,S005,P0006,296,203.12602760714412,92.87397239285588
2023-09-03,S003,P0001,82,149.32699752068356,-67.32699752068356
2023-09-03,S002,P0006,29,26.761828595358224,2.2381714046417756
2023-09-03,S001,P0020,39,25.723661274950814,13.276338725049186
2023-09-03,S002,P0017,92,149.0220828676059,-57.02208286760589
2023-09-03,S004,P0019,100,104.35080722802917,-4.3508072280291685
2023-09-03,S005,P0004,169,131.62601597849726,37.373984021502736
2023-09-03,S001,P0016,39,119.96930136846174,-80.96930136846174
2023-09-03,S004,P0006,7,246.45253270185697,-239.45253270185697
2023-09-03,S003,P0006,52,56.920956001101615,-4.920956001101615
2023-09-03,S001,P0017,62,197.9081423658082,-135.9081423658082
2023-09-03,S001,P0004,77,50.72639393648666,26.27360606351334
2023-09-03,S003,P0004,91,62.02721593466043,28.972784065339567
2023-09-03,S001,P0002,87,152.73540616203059,-65.73540616203059
2023-09-03,S004,P0018,177,219.27652467471148,-42.27652467471148
2023-09-03,S002,P0015,150,84.88904336385286,65.11095663614714
2023-09-03,S005,P0015,179,156.1197582320686,22.88024176793141
2023-09-04,S005,P0020,264,229.0159568782401,34.984043121759896
2023-09-04,S005,P0008,27,145.02744121349497,-118.02744121349497
2023-09-04,S003,P0020,50,241.12188073761155,-191.12188073761155
2023-09-04,S002,P0013,36,94.65341006470646,-58.65341006470646
2023-09-04,S003,P0004,204,143.25611308079607,60.74388691920393
2023-09-04,S004,P0001,276,212.50188506818898,63.49811493181102
2023-09-04,S003,P0001,34,60.0327248343699,-26.0327248343699
2023-09-04,S003,P0009,88,113.59224682892739,-25.592246828927387
2023-09-04,S002,P0002,84,232.48612942203664,-148.48612942203664
2023-09-04,S005,P0014,15,87.97907877697003,-72.97907877697003
2023-09-04,S002,P0018,121,85.77692401672186,35.223075983278136
2023-09-04,S005,P0012,93,51.81542983921349,41.18457016078651
2023-09-04,S002,P0001,168,187.6802827503322,-19.680282750332196
2023-09-04,S001,P0008,172,123.6326461177029,48.367353882297095
2023-09-04,S004,P0002,311,158.6175768848404,152.3824231151596
2023-09-04,S001,P0012,34,80.32572824494957,-46.32572824494957
2023-09-04,S002,P0019,139,91.18026613801612,47.81973386198388
2023-09-04,S001,P0006,6,39.141411411783395,-33.141411411783395
2023-09-04,S002,P0020,12,191.63648094353636,-179.63648094353636
2023-09-04,S001,P0017,20,51.479214279813164,-31.479214279813164
2023-09-04,S002,P0017,71,100.17163012311119,-29.171630123111186
2023-09-04,S005,P0017,82,234.50527142892378,-152.50527142892378
2023-09-04,S004,P0017,326,224.7041737717957,101.2958262282043
2023-09-04,S005,P0019,5,142.73106161029887,-137.73106161029887
2023-09-04,S004,P0003,98,166.1982567705196,-68.1982567705196
2023-09-04,S003,P0019,336,193.81655527605636,142.18344472394364
2023-09-04,S004,P0019,15,101.16714352129344,-86.16714352129344
2023-09-04,S004,P0014,241,219.60737390289466,21.392626097105335
2023-09-04,S001,P0003,77,47.29886732350121,29.701132676498787
2023-09-04,S003,P0014,133,96.72033459888883,36.279665401111174
2023-09-04,S005,P0004,3,141.0704448027704,-138.0704448027704
2023-09-04,S002,P0004,8,181.267982387213,-173.267982387213
2023-09-04,S003,P0002,130,120.58990251024073,9.410097489759266
2023-09-04,S004,P0010,318,165.3650880155165,152.6349119844835
2023-09-04,S002,P0003,42,52.372445144676476,-10.372445144676476
2023-09-04,S005,P0011,133,96.43805255981897,36.56194744018103
2023-09-04,S005,P0013,49,32.339815232826425,16.660184767173575
2023-09-04,S001,P0004,283,147.8821877631397,135.1178122368603
2023-09-04,S002,P0011,39,96.87869812505892,-57.87869812505892
2023-09-04,S004,P0015,111,220.24107024683394,-109.24107024683394
2023-09-04,S001,P0010,14,224.59608698691585,-210.59608698691585
2023-09-04,S001,P0019,127,79.35789129771564,47.64210870228436
2023-09-04,S003,P0017,264,179.67211281609178,84.32788718390822
2023-09-04,S001,P0015,312,227.36518046983446,84.63481953016554
2023-09-04,S001,P0018,118,77.08749595716114,40.91250404283886
2023-09-04,S001,P0014,237,127.40662806704955,109.59337193295045
2023-09-04,S003,P0008,88,49.72107786428677,38.27892213571323
2023-09-04,S003,P0012,133,201.71239371611995,-68.71239371611995
2023-09-04,S001,P0007,75,72.16665862665059,2.8333413733494126
2023-09-04,S003,P0003,34,70.6955594594325,-36.6955594594325
2023-09-04,S001,P0001,34,35.41265275660555,-1.412652756605553
2023-09-04,S003,P0011,323,188.842460486456,134.157539513544
2023-09-04,S005,P0009,53,76.25760709377352,-23.257607093773515
2023-09-04,S001,P0016,122,108.44250112832952,13.557498871670475
2023-09-04,S005,P0018,69,229.45954108793325,-160.45954108793325
2023-09-04,S005,P0002,26,43.44179591643825,-17.441795916438252
2023-09-04,S002,P0010,352,242.48379315318732,109.51620684681268
2023-09-04,S004,P0009,40,82.27409946937422,-42.27409946937422
2023-09-04,S004,P0006,44,95.5416974877109,-51.541697487710906
2023-09-04,S002,P0005,129,93.97785043190135,35.022149568098655
2023-09-04,S003,P0018,108,141.07663593843301,-33.076635938433014
2023-09-04,S005,P0006,48,199.5078135690108,-151.5078135690108
2023-09-04,S001,P0011,129,104.7207373337153,24.279262666284694
2023-09-04,S002,P0006,40,38.163733796902875,1.836266203097125
2023-09-04,S005,P0007,43,119.54428997577298,-76.54428997577298
2023-09-04,S003,P0007,415,207.81840667675596,207.18159332324404
2023-09-04,S002,P0016,33,169.84509246938848,-136.84509246938848
2023-09-04,S002,P0014,39,27.247819893599058,11.752180106400942
2023-09-04,S003,P0013,144,72.55889331930717,71.44110668069283
2023-09-04,S005,P0015,131,118.97160258265245,12.028397417347549
2023-09-04,S005,P0003,36,174.2047436888741,-138.2047436888741
2023-09-04,S001,P0002,18,63.405749395295516,-45.405749395295516
2023-09-04,S003,P0006,283,167.10675466617823,115.89324533382177
2023-09-04,S005,P0001,44,32.523508284700256,11.476491715299744
2023-09-04,S005,P0005,194,204.40920317986757,-10.409203179867575
2023-09-04,S004,P0018,143,109.92251548909786,33.07748451090214
2023-09-04,S004,P0016,135,81.48710442074571,53.51289557925429
2023-09-04,S004,P0005,3,198.53385708458745,-195.53385708458745
2023-09-04,S002,P0015,9,39.57952423023886,-30.57952423023886
2023-09-04,S004,P0013,39,24.763281963238512,14.236718036761488
2023-09-04,S001,P0009,87,169.42512228520422,-82.42512228520422
2023-09-04,S002,P0009,355,180.88282949190352,174.11717050809648
2023-09-04,S003,P0010,31,44.348643634899304,-13.348643634899304
2023-09-04,S003,P0005,125,128.5642600509737,-3.564260050973701
2023-09-04,S003,P0016,41,197.95609983288745,-156.95609983288745
2023-09-04,S004,P0012,90,84.45364170295375,5.546358297046254
2023-09-04,S004,P0004,186,200.46465480719468,-14.464654807194677
2023-09-04,S003,P0015,157,84.72767582547522,72.27232417452478
2023-09-04,S002,P0008,52,47.18122269782356,4.818777302176443
2023-09-04,S001,P0005,104,164.51389302269945,-60.51389302269945
2023-09-04,S005,P0016,366,246.20182439202057,119.79817560797943
2023-09-04,S002,P0012,218,196.23712320551255,21.762876794487454
2023-09-04,S004,P0007,9,67.28817818777486,-58.28817818777486
2023-09-04,S004,P0011,325,162.10561887626557,162.89438112373443
2023-09-04,S004,P0008,21,236.01508551199566,-215.01508551199566
2023-09-04,S004,P0020,111,194.73833469730562,-83.73833469730562
2023-09-04,S005,P0010,77,95.05480502282853,-18.054805022828532
2023-09-04,S001,P0013,81,188.68310047433994,-107.68310047433994
2023-09-04,S002,P0007,29,88.14445757149616,-59.14445757149616
2023-09-05,S002,P0009,150,81.01287789115548,68.98712210884452
2023-09-05,S003,P0013,26,117.82099535047598,-91.82099535047598
2023-09-05,S004,P0011,70,49.17628936401462,20.82371063598538
2023-09-05,S002,P0006,108,149.67190495124623,-41.67190495124623
2023-09-05,S004,P0002,142,96.19493745146042,45.80506254853958
2023-09-05,S001,P0012,272,185.82197152007564,86.17802847992436
2023-09-05,S002,P0020,6,47.34253319889939,-41.34253319889939
2023-09-05,S003,P0006,56,189.82107917662358,-133.82107917662358
2023-09-05,S001,P0017,10,238.41191719960744,-228.41191719960744
2023-09-05,S004,P0020,72,119.8375226488667,-47.837522648866695
2023-09-05,S003,P0012,70,158.50575460853435,-88.50575460853435
2023-09-05,S004,P0012,20,71.19096355811774,-51.190963558117744
2023-09-05,S005,P0008,22,30.51434198500351,-8.514341985003512
2023-09-05,S002,P0017,87,92.01195330018089,-5.011953300180892
2023-09-05,S001,P0001,15,132.73734800559862,-117.73734800559862
2023-09-05,S002,P0004,78,214.77611320398324,-136.77611320398324
2023-09-05,S002,P0002,234,141.7801171128517,92.21988288714829
2023-09-05,S004,P0013,160,211.41042034246072,-51.410420342460725
2023-09-05,S004,P0017,56,89.08203675788661,-33.08203675788661
2023-09-05,S002,P0001,269,136.13137094904192,132.86862905095808
2023-09-05,S001,P0013,22,63.37912652372137,-41.37912652372137
2023-09-05,S001,P0016,172,94.03701205396277,77.96298794603723
2023-09-05,S005,P0010,98,140.33188801826117,-42.33188801826117
2023-09-05,S003,P0019,10,212.71246777770295,-202.71246777770295
2023-09-05,S005,P0012,130,146.0049880179207,-16.00498801792071
2023-09-05,S003,P0008,16,190.64783128929145,-174.64783128929145
2023-09-05,S003,P0010,405,232.24902160181932,172.75097839818068
2023-09-05,S004,P0005,130,120.74344786479503,9.25655213520497
2023-09-05,S001,P0008,288,150.89376247000013,137.10623752999987
2023-09-05,S003,P0020,122,139.08202431782996,-17.082024317829962
2023-09-05,S002,P0011,116,185.61829798798522,-69.61829798798522
2023-09-05,S004,P0015,278,202.62071754466012,75.37928245533988
2023-09-05,S005,P0019,262,242.7818743071818,19.218125692818205
2023-09-05,S003,P0002,171,97.8862337879375,73.1137662120625
2023-09-05,S005,P0013,169,225.06611689028006,-56.06611689028006
2023-09-05,S004,P0003,63,53.389564088871225,9.610435911128775
2023-09-05,S005,P0017,25,114.06749109078487,-89.06749109078487
2023-09-05,S004,P0019,80,195.14100269178078,-115.14100269178078
2023-09-05,S005,P0004,128,200.93556814734347,-72.93556814734347
2023-09-05,S001,P0004,74,81.12771708340375,-7.127717083403752
2023-09-05,S004,P0001,291,145.62368716075548,145.37631283924452
2023-09-05,S003,P0001,9,75.48294365648599,-66.48294365648599
2023-09-05,S004,P0018,98,188.02459331467395,-90.02459331467395
2023-09-05,S005,P0001,374,243.98186618384818,130.01813381615182
2023-09-05,S005,P0005,58,58.92705269028215,-0.927052690282153
2023-09-05,S005,P0018,188,211.01671801237325,-23.016718012373246
2023-09-05,S005,P0009,296,193.5933895418097,102.4066104581903
2023-09-05,S003,P0015,152,89.31275998465907,62.68724001534093
2023-09-05,S004,P0004,45,82.82877485099493,-37.82877485099493
2023-09-05,S003,P0016,64,55.50702264585493,8.492977354145069
2023-09-05,S004,P0008,175,139.02226109114224,35.97773890885776
2023-09-05,S002,P0012,102,58.35513688469484,43.64486311530516
2023-09-05,S001,P0009,153,213.60292220529368,-60.60292220529368
2023-09-05,S004,P0009,153,168.49910726997496,-15.499107269974957
2023-09-05,S003,P0003,185,107.57791100982814,77.42208899017186
2023-09-05,S005,P0002,22,46.029754080851546,-24.029754080851546
2023-09-05,S002,P0010,40,216.04432746725104,-176.04432746725104
2023-09-05,S003,P0009,312,183.33079377353909,128.66920622646091
2023-09-05,S003,P0004,105,70.15669469342163,34.84330530657837
2023-09-05,S003,P0018,70,119.53034961832378,-49.53034961832378
2023-09-05,S001,P0011,203,136.0967548724488,66.9032451275512
2023-09-05,S002,P0016,122,85.02401314565083,36.97598685434917
2023-09-05,S001,P0006,449,223.82756705763092,225.17243294236908
2023-09-05,S003,P0014,307,196.2531050961125,110.7468949038875
2023-09-05,S002,P0014,75,72.70464244250257,2.295357557497425
2023-09-05,S001,P0019,172,159.0704544291786,12.929545570821404
2023-09-05,S001,P0002,25,75.60811603939061,-50.60811603939061
2023-09-05,S002,P0015,302,168.61823133171237,133.38176866828763
2023-09-05,S005,P0015,195,104.82487798572316,90.17512201427684
2023-09-05,S005,P0006,146,78.07437060438116,67.92562939561884
2023-09-05,S002,P0018,15,55.9219673487828,-40.9219673487828
2023-09-05,S002,P0005,314,159.86696863148904,154.13303136851096
2023-09-05,S002,P0003,188,108.48056781713228,79.51943218286772
2023-09-05,S004,P0007,4,94.99400051988806,-90.99400051988806
2023-09-05,S001,P0015,2,171.74030710991008,-169.74030710991008
2023-09-05,S003,P0017,188,230.70574881624026,-42.70574881624026
2023-09-05,S005,P0016,172,135.4491106432406,36.5508893567594
2023-09-05,S003,P0007,25,46.759507098802146,-21.759507098802146
2023-09-05,S002,P0007,36,112.65746594914117,-76.65746594914117
2023-09-05,S004,P0016,270,235.2364860885403,34.76351391145971
2023-09-05,S005,P0007,149,113.29366594703362,35.70633405296638
2023-09-05,S001,P0003,260,184.06395678074472,75.93604321925528
2023-09-05,S001,P0007,49,39.96850251063097,9.03149748936903
2023-09-05,S001,P0005,76,102.64289894441617,-26.642898944416174
2023-09-05,S003,P0005,33,149.4285303579557,-116.42853035795571
2023-09-05,S005,P0003,61,154.31120801469416,-93.31120801469416
2023-09-05,S004,P0006,88,53.67291857850353,34.32708142149647
2023-09-05,S005,P0014,121,77.4777003340788,43.522299665921196
2023-09-05,S002,P0019,111,103.3172138938649,7.682786106135097
2023-09-05,S001,P0014,66,141.3071966131336,-75.30719661313361
2023-09-05,S002,P0013,321,201.83414429488613,119.16585570511387
2023-09-05,S001,P0010,179,104.4073962267068,74.5926037732932
2023-09-05,S005,P0020,283,224.45676407638973,58.54323592361027
2023-09-05,S003,P0011,85,54.6764777094059,30.3235222905941
2023-09-05,S004,P0010,314,227.3762803695053,86.62371963049469
2023-09-05,S005,P0011,50,90.5646142461307,-40.5646142461307
2023-09-05,S004,P0014,33,116.50610770468364,-83.50610770468364
2023-09-05,S001,P0018,300,192.26431776205237,107.73568223794763
2023-09-06,S003,P0014,75,150.63033901594434,-75.63033901594434
2023-09-06,S002,P0014,93,102.21030882878597,-9.21030882878597
2023-09-06,S001,P0019,294,240.36814188089255,53.63185811910745
2023-09-06,S005,P0003,33,89.28784454575765,-56.28784454575765
2023-09-06,S002,P0013,217,169.16458397782418,47.83541602217582
2023-09-06,S002,P0015,184,116.95076355337164,67.04923644662836
2023-09-06,S003,P0007,299,211.63502461940732,87.36497538059268
2023-09-06,S005,P0015,241,172.18808982909167,68.81191017090833
2023-09-06,S005,P0006,33,118.54787298269116,-85.54787298269116
2023-09-06,S005,P0007,408,247.01109966672033,160.98890033327967
2023-09-06,S002,P0018,117,75.47727056377562,41.52272943622438
2023-09-06,S005,P0009,260,133.54887293422092,126.45112706577908
2023-09-06,S002,P0006,105,180.264219353788,-75.26421935378801
2023-09-06,S004,P0020,134,66.27461468872775,67.72538531127225
2023-09-06,S001,P0002,110,71.59478854513947,38.405211454860535
2023-09-06,S002,P0016,55,40.30279908538978,14.697200914610221
2023-09-06,S001,P0011,248,141.04039327243447,106.95960672756553
2023-09-06,S003,P0011,100,166.9009434442628,-66.9009434442628
2023-09-06,S004,P0010,68,40.96769767710839,27.03230232289161
2023-09-06,S004,P0004,162,126.63808238522546,35.36191761477454
2023-09-06,S003,P0016,98,134.14986898397035,-36.14986898397035
2023-09-06,S003,P0009,276,148.33183984262882,127.66816015737118
2023-09-06,S004,P0008,209,136.75580868998912,72.24419131001088
2023-09-06,S002,P0004,115,65.61829570218038,49.381704297819624
2023-09-06,S002,P0012,137,134.6462338113799,2.3537661886201136
2023-09-06,S001,P0003,290,228.3619415811081,61.63805841889189
2023-09-06,S001,P0009,252,191.29397561267336,60.706024387326636
2023-09-06,S004,P0009,238,209.65717144141246,28.34282855858754
2023-09-06,S001,P0001,127,65.45749092341379,61.542509076586214
2023-09-06,S003,P0003,108,97.62382309899266,10.37617690100734
2023-09-06,S001,P0015,22,59.92278347943841,-37.92278347943841
2023-09-06,S005,P0002,129,246.96809167772085,-117.96809167772085
2023-09-06,S002,P0010,158,209.83677385581205,-51.836773855812055
2023-09-06,S003,P0017,21,244.3312498064294,-223.3312498064294
2023-09-06,S001,P0006,21,157.6802478992219,-136.6802478992219
2023-09-06,S003,P0018,456,237.6776878949821,218.3223121050179
2023-09-06,S002,P0007,287,230.6477390271583,56.35226097284169
2023-09-06,S002,P0005,30,33.56050555636972,-3.560505556369719
2023-09-06,S001,P0014,285,174.18855540398823,110.81144459601177
2023-09-06,S005,P0018,15,234.10034874352277,-219.10034874352277
2023-09-06,S004,P0011,59,108.53059038213036,-49.530590382130356
2023-09-06,S004,P0017,88,57.56527247937498,30.434727520625017
2023-09-06,S003,P0006,66,122.90625405116748,-56.90625405116748
2023-09-06,S003,P0013,236,137.14007896943264,98.85992103056736
2023-09-06,S003,P0012,254,149.30621154214913,104.69378845785087
2023-09-06,S003,P0015,142,203.41253545380005,-61.41253545380005
2023-09-06,S005,P0005,82,82.22858025925427,-0.22858025925427228
2023-09-06,S001,P0012,53,92.66588519353462,-39.66588519353462
2023-09-06,S004,P0015,45,66.27567827358007,-21.27567827358007
2023-09-06,S005,P0011,83,170.61450286536478,-87.61450286536478
2023-09-06,S005,P0016,265,220.20861523497717,44.791384765022826
2023-09-06,S005,P0013,193,190.14304590650818,2.8569540934918223
2023-09-06,S002,P0009,66,66.67866816926505,-0.6786681692650518
2023-09-06,S004,P0003,264,168.16851979312582,95.83148020687418
2023-09-06,S005,P0017,29,35.872954330913785,-6.872954330913785
2023-09-06,S002,P0017,132,213.0992792372071,-81.0992792372071
2023-09-06,S004,P0019,108,129.10547533456077,-21.105475334560765
2023-09-06,S005,P0014,160,95.91843770027589,64.08156229972411
2023-09-06,S003,P0005,155,112.33662930429074,42.66337069570926
2023-09-06,S002,P0020,273,146.99774415778586,126.00225584221414
2023-09-06,S001,P0020,31,61.37092276732898,-30.370922767328977
2023-09-06,S004,P0014,139,218.07779283048285,-79.07779283048285
2023-09-06,S001,P0004,60,54.89070742905869,5.109292570941307
2023-09-06,S003,P0001,140,149.5181331683284,-9.518133168328404
2023-09-06,S003,P0002,26,111.16744043012574,-85.16744043012574
2023-09-06,S004,P0001,18,69.40426593832348,-51.404265938323476
2023-09-06,S001,P0010,111,129.31638712818824,-18.31638712818824
2023-09-06,S004,P0018,173,149.18679169811207,23.813208301887926
2023-09-06,S003,P0004,27,99.51773203140067,-72.51773203140067
2023-09-06,S002,P0003,91,150.7631107476904,-59.763110747690405
2023-09-06,S001,P0017,401,241.3402203735597,159.6597796264403
2023-09-06,S005,P0004,187,170.9468944649962,16.053105535003795
2023-09-06,S005,P0020,55,30.215680512276265,24.784319487723735
2023-09-06,S002,P0011,394,238.37416186504794,155.62583813495206
2023-09-06,S002,P0002,118,125.69669336268072,-7.696693362680719
2023-09-06,S005,P0001,80,174.79262643927694,-94.79262643927694
2023-09-06,S004,P0006,139,131.9551898319745,7.044810168025492
2023-09-06,S001,P0013,171,176.80695800550086,-5.80695800550086
2023-09-06,S001,P0007,20,43.751458712931026,-23.751458712931026
2023-09-06,S001,P0016,144,200.86124266923838,-56.86124266923838
2023-09-06,S005,P0010,231,218.89324242736905,12.106757572630954
2023-09-06,S001,P0018,36,201.9459450112729,-165.9459450112729
2023-09-06,S003,P0019,188,195.35435072662625,-7.354350726626251
2023-09-06,S004,P0005,62,226.70749340177827,-164.70749340177827
2023-09-06,S004,P0002,363,187.75444653663402,175.24555346336598
2023-09-06,S003,P0020,151,154.1395730349882,-3.1395730349881887
2023-09-06,S005,P0008,42,37.94965178933262,4.05034821066738
2023-09-06,S002,P0008,61,66.00965274111559,-5.009652741115588
2023-09-06,S004,P0007,59,178.2734097443889,-119.27340974438891
2023-09-06,S001,P0008,86,195.25132687870064,-109.25132687870064
2023-09-06,S004,P0016,320,202.41592231783346,117.58407768216654
2023-09-06,S004,P0012,228,167.2166418934969,60.7833581065031
2023-09-06,S002,P0001,128,100.33928444580982,27.660715554190176
2023-09-06,S005,P0012,298,242.21062354551304,55.789376454486955
2023-09-06,S003,P0010,111,56.134317065408084,54.865682934591916
2023-09-06,S004,P0013,56,83.3294646575651,-27.329464657565097
2023-09-06,S001,P0005,72,109.63430407867651,-37.63430407867651
2023-09-06,S003,P0008,73,186.6302265908111,-113.6302265908111
2023-09-06,S005,P0019,306,215.17600341739143,90.82399658260857
2023-09-07,S005,P0011,250,140.2324546223673,109.7675453776327
2023-09-07,S001,P0001,369,226.8251329515008,142.1748670484992
2023-09-07,S002,P0018,38,35.332089567073865,2.667910432926135
2023-09-07,S002,P0020,27,65.66857323376388,-38.66857323376388
2023-09-07,S003,P0019,2,89.69662121816424,-87.69662121816424
2023-09-07,S004,P0012,169,138.90285691082505,30.09714308917495
2023-09-07,S002,P0010,69,56.80786645815681,12.19213354184319
2023-09-07,S002,P0019,108,247.8041418913091,-139.8041418913091
2023-09-07,S005,P0007,17,28.039384029104497,-11.039384029104497
2023-09-07,S004,P0006,171,242.41775548751093,-71.41775548751093
2023-09-07,S003,P0005,37,44.453614192874454,-7.453614192874454
2023-09-07,S005,P0016,127,153.41559045721698,-26.41559045721698
2023-09-07,S005,P0014,202,214.12428805372247,-12.124288053722466
2023-09-07,S001,P0010,56,47.74763282629351,8.252367173706489
2023-09-07,S001,P0017,1,33.75382611913744,-32.75382611913744
2023-09-07,S005,P0004,119,169.03661015792147,-50.03661015792147
2023-09-07,S005,P0013,141,132.11829269060956,8.881707309390436
2023-09-07,S004,P0015,80,94.42822048194375,-14.428220481943754
2023-09-07,S002,P0001,27,98.61612753762324,-71.61612753762324
2023-09-07,S005,P0008,440,220.63412579591358,219.36587420408642
2023-09-07,S004,P0005,95,63.06501214163558,31.934987858364423
2023-09-07,S005,P0010,80,52.796362929144095,27.203637070855905
2023-09-07,S003,P0015,263,193.84191153025324,69.15808846974676
2023-09-07,S004,P0020,143,75.98878135634283,67.01121864365717
2023-09-07,S005,P0009,128,85.59406228124595,42.405937718754046
2023-09-07,S005,P0006,188,204.49534615851894,-16.49534615851894
2023-09-07,S002,P0014,50,41.31956743199572,8.680432568004278
2023-09-07,S003,P0013,463,243.5486884872932,219.4513115127068
2023-09-07,S003,P0006,36,74.9190684303909,-38.919068430390894
2023-09-07,S003,P0018,106,70.1529834058345,35.847016594165495
2023-09-07,S004,P0008,59,116.69959442829719,-57.69959442829719
2023-09-07,S004,P0019,205,165.81184644078485,39.18815355921515
2023-09-07,S003,P0011,198,123.85810227797538,74.14189772202462
2023-09-07,S003,P0008,239,152.94998613663324,86.05001386336676
2023-09-07,S001,P0012,93,71.77492830856909,21.225071691430912
2023-09-07,S005,P0017,226,220.05439960055804,5.9456003994419575
2023-09-07,S004,P0003,358,203.28746185894397,154.71253814105603
2023-09-07,S002,P0002,4,50.57061192529534,-46.57061192529534
2023-09-07,S002,P0008,26,109.49445918837898,-83.49445918837898
2023-09-07,S004,P0013,24,232.4795479856523,-208.4795479856523
2023-09-07,S002,P0011,304,151.2329545512435,152.7670454487565
2023-09-07,S001,P0008,316,159.08894987714643,156.91105012285357
2023-09-07,S003,P0020,60,54.25746862743949,5.7425313725605065
2023-09-07,S003,P0010,144,242.14420070170513,-98.14420070170513
2023-09-07,S001,P0003,386,198.76234991462684,187.23765008537316
2023-09-07,S004,P0002,29,72.58873946333568,-43.588739463335685
2023-09-07,S001,P0016,51,43.05628932531761,7.943710674682393
2023-09-07,S003,P0012,152,128.39477213215213,23.605227867847873
2023-09-07,S001,P0013,281,155.6106932246583,125.38930677534171
2023-09-07,S005,P0001,88,143.11569150078685,-55.11569150078685
2023-09-07,S005,P0005,272,184.86040807271593,87.13959192728407
2023-09-07,S005,P0018,156,115.27693215337143,40.72306784662857
2023-09-07,S005,P0015,300,201.67524725112742,98.32475274887258
2023-09-07,S001,P0020,38,71.52199703542794,-33.521997035427944
2023-09-07,S002,P0017,134,122.26381683864008,11.736183161359918
2023-09-07,S001,P0004,355,239.75578639879257,115.24421360120743
2023-09-07,S003,P0001,99,168.2715421241524,-69.2715421241524
2023-09-07,S003,P0017,129,65.49173104710894,63.50826895289106
2023-09-07,S002,P0007,287,243.03083875639038,43.96916124360962
2023-09-07,S001,P0014,124,84.95154479135755,39.04845520864245
2023-09-07,S005,P0003,165,245.82472323623898,-80.82472323623898
2023-09-07,S003,P0007,191,242.62263404351398,-51.62263404351398
2023-09-07,S004,P0010,72,219.77852056713726,-147.77852056713726
2023-09-07,S001,P0018,129,72.85974991876071,56.14025008123929
2023-09-07,S001,P0007,109,99.43731004812986,9.56268995187014
2023-09-07,S001,P0005,410,206.66420330432328,203.33579669567672
2023-09-07,S002,P0015,56,159.15264387485064,-103.15264387485064
2023-09-07,S004,P0016,56,189.60123875312235,-133.60123875312235
2023-09-07,S002,P0004,306,232.42568683323879,73.57431316676121
2023-09-07,S002,P0006,18,135.85397160565708,-117.85397160565708
2023-09-07,S002,P0009,139,71.93976327697044,67.06023672302956
2023-09-07,S004,P0014,396,240.95782101005756,155.04217898994244
2023-09-07,S002,P0013,53,47.91109974920545,5.088900250794552
2023-09-07,S002,P0003,147,103.2693935798763,43.730606420123706
2023-09-07,S003,P0004,286,171.8370644542053,114.16293554579471
2023-09-07,S004,P0018,33,92.21655675109741,-59.216556751097414
2023-09-07,S004,P0001,359,225.2905979401358,133.7094020598642
2023-09-07,S005,P0012,31,168.72817826564085,-137.72817826564085
2023-09-07,S001,P0002,92,108.59958146404716,-16.599581464047162
2023-09-07,S001,P0015,12,46.921067902206914,-34.921067902206914
2023-09-07,S001,P0006,169,114.89625671662077,54.10374328337923
2023-09-07,S001,P0019,55,48.822906021293875,6.177093978706125
2023-09-07,S005,P0019,176,111.31779559418715,64.68220440581285
2023-09-07,S002,P0005,94,146.53788157471695,-52.53788157471695
2023-09-07,S004,P0017,11,124.57034939179289,-113.57034939179289
2023-09-07,S005,P0002,73,120.89659687234558,-47.89659687234558
2023-09-07,S003,P0002,296,203.0965792560782,92.9034207439218
2023-09-07,S003,P0003,92,71.25213382370339,20.74786617629661
2023-09-07,S002,P0012,36,172.84478939423184,-136.84478939423184
2023-09-07,S003,P0009,48,53.59826186264041,-5.598261862640413
2023-09-07,S004,P0004,95,200.0123367002471,-105.01233670024709
2023-09-07,S001,P0011,196,132.01958854416046,63.980411455839544
2023-09-07,S004,P0007,12,26.588819481483654,-14.588819481483654
2023-09-07,S003,P0016,48,207.38777542398037,-159.38777542398037
2023-09-07,S005,P0020,134,130.039948102726,3.9600518972740133
2023-09-07,S002,P0016,248,181.08605211399276,66.91394788600724
2023-09-07,S004,P0009,53,50.358180428623086,2.6418195713769137
2023-09-07,S003,P0014,86,59.53875651756658,26.461243482433417
2023-09-08,S005,P0014,121,165.6083797002226,-44.6083797002226
2023-09-08,S003,P0014,50,84.48186768378042,-34.48186768378042
2023-09-08,S002,P0016,14,27.406081875870655,-13.406081875870655
2023-09-08,S001,P0010,247,195.98075583772908,51.01924416227092
2023-09-08,S003,P0009,60,60.26468202876197,-0.26468202876196756
2023-09-08,S002,P0013,96,226.82001432237473,-130.82001432237473
2023-09-08,S001,P0006,167,227.94764535402322,-60.94764535402322
2023-09-08,S002,P0003,144,151.33753831419745,-7.337538314197445
2023-09-08,S003,P0004,130,71.48823531769278,58.511764682307216
2023-09-08,S004,P0001,479,239.65631179624245,239.34368820375755
2023-09-08,S004,P0014,110,108.27101975544844,1.7289802445515647
2023-09-08,S005,P0016,42,77.56534056621888,-35.56534056621888
2023-09-08,S002,P0018,210,126.55727988291375,83.44272011708625
2023-09-08,S003,P0005,99,165.05616592081236,-66.05616592081236
2023-09-08,S001,P0015,14,220.95198924492672,-206.95198924492672
2023-09-08,S003,P0017,251,236.0525263677875,14.947473632212507
2023-09-08,S002,P0007,94,87.79992504305517,6.200074956944832
2023-09-08,S005,P0020,22,96.71432026002265,-74.71432026002265
2023-09-08,S001,P0014,226,180.83719289653413,45.162807103465866
2023-09-08,S005,P0011,174,206.1610629413559,-32.16106294135591
2023-09-08,S005,P0003,106,208.6761936229359,-102.6761936229359
2023-09-08,S003,P0002,180,110.2124665917463,69.7875334082537
2023-09-08,S003,P0007,291,163.44924020382194,127.55075979617806
2023-09-08,S005,P0007,15,221.06471936587525,-206.06471936587525
2023-09-08,S001,P0018,49,97.07745126898624,-48.07745126898624
2023-09-08,S004,P0006,327,234.66678151393165,92.33321848606835
2023-09-08,S004,P0017,96,215.5825231005038,-119.5825231005038
2023-09-08,S001,P0007,30,183.17813108411434,-153.17813108411434
2023-09-08,S005,P0019,15,63.025432517700324,-48.025432517700324
2023-09-08,S001,P0001,25,26.4996869500269,-1.4996869500268986
2023-09-08,S004,P0016,181,99.8844417035084,81.1155582964916
2023-09-08,S005,P0018,241,233.91573744520787,7.084262554792133
2023-09-08,S004,P0018,204,209.31078389275905,-5.310783892759048
2023-09-08,S003,P0016,79,47.81493244228585,31.18506755771415
2023-09-08,S004,P0004,265,162.9737597166357,102.0262402833643
2023-09-08,S003,P0008,400,213.61712025604066,186.38287974395934
2023-09-08,S004,P0005,104,74.48531208928097,29.514687910719033
2023-09-08,S003,P0018,171,183.05843962169354,-12.058439621693537
2023-09-08,S005,P0010,279,208.46558567359438,70.53441432640562
2023-09-08,S001,P0016,31,45.9075724861018,-14.907572486101799
2023-09-08,S002,P0005,264,164.17603849974415,99.82396150025585
2023-09-08,S001,P0002,299,154.6156226995315,144.3843773004685
2023-09-08,S001,P0013,108,89.00300550963567,18.99699449036433
2023-09-08,S003,P0015,91,49.36713586860759,41.63286413139241
2023-09-08,S005,P0001,91,236.5503239634661,-145.5503239634661
2023-09-08,S003,P0003,86,81.83512381639139,4.164876183608612
2023-09-08,S005,P0005,62,174.48126072847532,-112.48126072847532
2023-09-08,S005,P0009,1,91.50021094495003,-90.50021094495003
2023-09-08,S005,P0006,44,80.38403966540034,-36.38403966540034
2023-09-08,S005,P0015,155,142.2870068287586,12.712993171241408
2023-09-08,S001,P0011,284,194.9977713513514,89.00222864864861
2023-09-08,S002,P0015,177,115.26808971372458,61.73191028627542
2023-09-08,S001,P0009,32,62.823643604712345,-30.823643604712345
2023-09-08,S004,P0007,208,144.22794932363104,63.77205067636896
2023-09-08,S002,P0010,167,93.50469441822571,73.49530558177429
2023-09-08,S002,P0001,85,65.93626103242212,19.063738967577876
2023-09-08,S002,P0014,39,94.17572890318883,-55.175728903188826
2023-09-08,S001,P0004,25,204.82884916622487,-179.82884916622487
2023-09-08,S004,P0008,186,176.16935498607643,9.830645013923572
2023-09-08,S001,P0020,299,214.73277986256943,84.26722013743057
2023-09-08,S005,P0004,309,179.91593832458813,129.08406167541187
2023-09-08,S004,P0019,4,39.4679058465465,-35.4679058465465
2023-09-08,S005,P0008,278,242.50182714257772,35.498172857422276
2023-09-08,S001,P0019,305,158.29300536616313,146.70699463383687
2023-09-08,S005,P0013,36,36.41014084693626,-0.4101408469362582
2023-09-08,S004,P0015,228,222.08918586394998,5.910814136050021
2023-09-08,S002,P0008,103,153.19647399263891,-50.196473992638914
2023-09-08,S002,P0012,46,241.85806303378934,-195.85806303378934
2023-09-08,S004,P0009,18,117.14122976053869,-99.14122976053869
2023-09-08,S002,P0011,55,207.23937985790883,-152.23937985790883
2023-09-08,S001,P0008,73,119.41719435035901,-46.41719435035901
2023-09-08,S005,P0002,24,165.93336396228045,-141.93336396228045
2023-09-08,S003,P0020,271,200.9198994700758,70.08010052992421
2023-09-08,S003,P0010,61,31.830571436396724,29.169428563603276
2023-09-08,S001,P0012,99,85.60537986654936,13.394620133450644
2023-09-08,S005,P0017,89,46.52746012268335,42.47253987731665
2023-09-08,S001,P0003,132,67.3512901956347,64.6487098043653
2023-09-08,S005,P0012,142,122.37935892875254,19.620641071247462
2023-09-08,S003,P0006,91,68.67951892248942,22.32048107751058
2023-09-08,S002,P0006,104,198.04294543949487,-94.04294543949487
2023-09-08,S002,P0009,347,176.09634794394736,170.90365205605264
2023-09-08,S004,P0011,205,249.51011704212397,-44.510117042123966
2023-09-08,S003,P0013,71,106.04894378956709,-35.04894378956709
2023-09-08,S001,P0017,103,130.56008939265695,-27.56008939265695
2023-09-08,S002,P0004,38,49.107882302257565,-11.107882302257565
2023-09-08,S002,P0017,21,29.298213794764308,-8.298213794764308
2023-09-08,S002,P0002,53,35.68266104045409,17.317338959545907
2023-09-08,S004,P0013,50,26.84070414022625,23.15929585977375
2023-09-08,S002,P0020,34,48.300246094934664,-14.300246094934664
2023-09-08,S004,P0020,219,195.63730757194884,23.36269242805116
2023-09-08,S004,P0012,50,162.04655306558283,-112.04655306558283
2023-09-08,S004,P0010,105,233.75422918033735,-128.75422918033735
2023-09-08,S002,P0019,281,228.0011153075539,52.9988846924461
2023-09-08,S003,P0012,8,34.379007232856225,-26.379007232856225
2023-09-08,S004,P0002,2,94.98930022968489,-92.98930022968489
2023-09-09,S001,P0008,10,167.87365591849778,-157.87365591849778
2023-09-09,S002,P0010,188,143.25658594454012,44.74341405545988
2023-09-09,S001,P0010,131,124.10858336288794,6.891416637112059
2023-09-09,S002,P0009,109,107.64411328941583,1.3558867105841728
2023-09-09,S002,P0013,266,219.2363576087239,46.76364239127611
2023-09-09,S001,P0009,71,47.257843878966526,23.742156121033474
2023-09-09,S003,P0004,81,137.39103151329022,-56.391031513290216
2023-09-09,S005,P0002,300,236.29313304919197,63.706866950808035
2023-09-09,S001,P0017,133,203.3745638661199,-70.3745638661199
2023-09-09,S001,P0016,224,120.3964934889562,103.6035065110438
2023-09-09,S003,P0018,131,130.40318478182348,0.5968152181765163
2023-09-09,S004,P0001,378,189.71136056038222,188.28863943961778
2023-09-09,S004,P0002,134,100.2242131193986,33.7757868806014
2023-09-09,S002,P0003,61,135.49460174024563,-74.49460174024563
2023-09-09,S003,P0020,142,223.34472329010657,-81.34472329010657
2023-09-09,S003,P0013,280,165.02285899686967,114.97714100313033
2023-09-09,S003,P0008,20,86.53470356358247,-66.53470356358247
2023-09-09,S004,P0009,22,177.4893568987988,-155.4893568987988
2023-09-09,S002,P0006,352,243.43335166981785,108.56664833018215
2023-09-09,S003,P0010,351,249.00617374945676,101.99382625054324
2023-09-09,S005,P0014,23,57.162299736541684,-34.162299736541684
2023-09-09,S004,P0014,112,104.00642843860868,7.99357156139132
2023-09-09,S002,P0012,321,192.21902318364113,128.78097681635887
2023-09-09,S005,P0010,233,186.8203138443679,46.17968615563211
2023-09-09,S004,P0005,10,33.96499257561902,-23.96499257561902
2023-09-09,S003,P0006,125,70.17451434606551,54.82548565393449
2023-09-09,S001,P0019,8,38.46963583479953,-30.469635834799533
2023-09-09,S005,P0016,157,90.4876623038046,66.5123376961954
2023-09-09,S005,P0008,18,84.50402825668738,-66.50402825668738
2023-09-09,S004,P0008,69,222.06146623371205,-153.06146623371205
2023-09-09,S002,P0005,246,125.14390261556031,120.85609738443969
2023-09-09,S004,P0018,28,26.298105019379022,1.7018949806209775
2023-09-09,S002,P0004,282,225.94442436366734,56.05557563633266
2023-09-09,S003,P0001,26,38.765182254375304,-12.765182254375304
2023-09-09,S003,P0015,379,224.7738139380246,154.2261860619754
2023-09-09,S004,P0020,185,146.89793233901543,38.102067660984574
2023-09-09,S005,P0001,32,53.950179057593516,-21.950179057593516
2023-09-09,S002,P0001,51,26.117755813038457,24.882244186961543
2023-09-09,S002,P0011,30,124.69871667887395,-94.69871667887395
2023-09-09,S004,P0013,70,121.94860311112723,-51.94860311112723
2023-09-09,S001,P0013,201,176.03690762756787,24.96309237243213
2023-09-09,S005,P0005,30,26.261866294247625,3.738133705752375
2023-09-09,S002,P0008,76,144.02896695202043,-68.02896695202043
2023-09-09,S002,P0002,44,47.25779352817693,-3.257793528176933
2023-09-09,S004,P0015,197,172.3162201173003,24.683779882699696
2023-09-09,S005,P0009,181,185.58593492464155,-4.585934924641549
2023-09-09,S005,P0013,108,61.71048821493093,46.28951178506907
2023-09-09,S003,P0012,169,136.19534032722356,32.80465967277644
2023-09-09,S004,P0012,68,102.62388347212067,-34.62388347212067
2023-09-09,S005,P0006,23,67.66603609350568,-44.66603609350568
2023-09-09,S004,P0003,278,162.3750427949377,115.62495720506229
2023-09-09,S002,P0015,196,234.38976540657472,-38.389765406574725
2023-09-09,S005,P0017,215,222.9359050791398,-7.935905079139786
2023-09-09,S004,P0019,185,124.97982060139645,60.020179398603545
2023-09-09,S002,P0014,145,215.26186291045224,-70.26186291045224
2023-09-09,S002,P0016,169,83.8098044485244,85.1901955514756
2023-09-09,S001,P0020,23,66.63810738206604,-43.63810738206604
2023-09-09,S005,P0004,194,132.49687618466407,61.503123815335925
2023-09-09,S003,P0016,18,99.3358163459132,-81.3358163459132
2023-09-09,S001,P0011,138,83.02243177950015,54.97756822049985
2023-09-09,S002,P0017,3,86.80682525240871,-83.80682525240871
2023-09-09,S003,P0003,345,214.9718604331211,130.0281395668789
2023-09-09,S001,P0004,233,240.2117192285333,-7.211719228533298
2023-09-09,S001,P0002,39,110.44522195042748,-71.44522195042748
2023-09-09,S005,P0015,32,102.77019504957542,-70.77019504957542
2023-09-09,S005,P0018,141,91.88780773789932,49.11219226210068
2023-09-09,S001,P0015,12,25.354397634549798,-13.354397634549798
2023-09-09,S005,P0019,58,27.285728020294357,30.714271979705643
2023-09-09,S001,P0018,62,34.00361268124885,27.996387318751147
2023-09-09,S002,P0019,35,82.75158347384576,-47.751583473845756
2023-09-09,S004,P0017,9,43.836346074390065,-34.836346074390065
2023-09-09,S004,P0010,99,85.66868287821382,13.331317121786185
2023-09-09,S001,P0005,296,210.82822387861745,85.17177612138255
2023-09-09,S003,P0009,488,245.99696165645742,242.00303834354258
2023-09-09,S001,P0006,19,120.84178452256077,-101.84178452256077
2023-09-09,S003,P0014,169,139.42235242424505,29.577647575754952
2023-09-09,S001,P0014,347,191.99945877676788,155.00054122323212
2023-09-09,S003,P0019,455,239.23867207668792,215.76132792331208
2023-09-09,S005,P0012,120,200.3792647776599,-80.3792647776599
2023-09-09,S004,P0007,8,92.06658836075695,-84.06658836075695
2023-09-09,S004,P0011,187,121.95607896094299,65.04392103905701
2023-09-09,S001,P0007,182,128.26412156916177,53.73587843083823
2023-09-09,S002,P0020,65,53.793185977365,11.206814022635001
2023-09-09,S002,P0007,297,234.38775159507657,62.612248404923434
2023-09-09,S002,P0018,49,77.15115526480662,-28.15115526480662
2023-09-09,S004,P0016,125,118.30741747314278,6.6925825268572225
2023-09-09,S001,P0001,105,234.5228137139801,-129.5228137139801
2023-09-09,S001,P0012,75,51.56935380893066,23.430646191069343
2023-09-09,S005,P0007,10,141.4819271986907,-131.4819271986907
2023-09-09,S001,P0003,335,181.69558655086058,153.30441344913942
2023-09-09,S004,P0004,16,43.18613070538879,-27.18613070538879
2023-09-09,S003,P0017,4,136.73859978704053,-132.73859978704053
2023-09-09,S003,P0002,137,212.9795592688618,-75.9795592688618
2023-09-09,S004,P0006,23,36.016530365919266,-13.016530365919266
2023-09-09,S005,P0003,131,76.10141650996746,54.898583490032536
2023-09-09,S003,P0007,85,123.80138786405672,-38.80138786405672
2023-09-09,S003,P0005,234,214.46682940141073,19.533170598589265
2023-09-09,S005,P0020,81,57.04422321984043,23.955776780159567
2023-09-09,S005,P0011,66,34.02637543032648,31.973624569673518
2023-09-09,S003,P0011,452,236.31161129001384,215.68838870998616
2023-09-10,S004,P0003,132,95.65570966401958,36.34429033598042
2023-09-10,S005,P0006,168,89.80865994590812,78.19134005409188
2023-09-10,S002,P0008,65,86.35630950244092,-21.356309502440922
2023-09-10,S005,P0015,339,216.4513186703731,122.5486813296269
2023-09-10,S005,P0003,182,133.88669738635355,48.113302613646454
2023-09-10,S004,P0004,129,83.04472521328847,45.95527478671153
2023-09-10,S003,P0019,119,75.9367800235076,43.063219976492405
2023-09-10,S005,P0017,167,85.21600232987134,81.78399767012866
2023-09-10,S004,P0019,194,167.2216999475201,26.778300052479892
2023-09-10,S005,P0019,48,62.41917840780815,-14.419178407808147
2023-09-10,S002,P0014,49,58.46389472733546,-9.463894727335457
2023-09-10,S002,P0006,98,125.62347345704859,-27.62347345704859
2023-09-10,S002,P0016,452,237.92888404750403,214.07111595249597
2023-09-10,S001,P0020,8,61.34411211927721,-53.34411211927721
2023-09-10,S003,P0007,22,77.17589098554038,-55.17589098554038
2023-09-10,S001,P0011,133,84.54006430423931,48.45993569576069
2023-09-10,S005,P0004,17,68.03485557727618,-51.034855577276176
2023-09-10,S002,P0017,236,159.208790929393,76.79120907060701
2023-09-10,S002,P0009,19,101.03618625136204,-82.03618625136204
2023-09-10,S002,P0015,282,149.0129742304121,132.9870257695879
2023-09-10,S003,P0011,121,177.3197853135345,-56.31978531353451
2023-09-10,S002,P0020,84,219.83110012226638,-135.83110012226638
2023-09-10,S001,P0008,9,137.83810511279546,-128.83810511279546
2023-09-10,S005,P0010,143,78.00226696336006,64.99773303663994
2023-09-10,S001,P0003,8,110.47395067660403,-102.47395067660403
2023-09-10,S003,P0010,10,27.44782901578901,-17.44782901578901
2023-09-10,S003,P0017,281,227.03440224486076,53.96559775513924
2023-09-10,S003,P0008,9,99.87645324592057,-90.87645324592057
2023-09-10,S001,P0016,254,235.65708621451876,18.342913785481244
2023-09-10,S003,P0020,55,236.44115390453112,-181.44115390453112
2023-09-10,S001,P0012,266,210.70057896866388,55.299421031336124
2023-09-10,S005,P0020,72,177.31273866791037,-105.31273866791037
2023-09-10,S004,P0002,168,100.6908505240454,67.3091494759546
2023-09-10,S002,P0007,211,239.0079054779835,-28.007905477983513
2023-09-10,S002,P0001,75,92.62121484804817,-17.62121484804817
2023-09-10,S004,P0012,389,235.34815829716064,153.65184170283936
2023-09-10,S001,P0013,131,121.64141279769325,9.358587202306751
2023-09-10,S004,P0013,25,75.52298960122073,-50.52298960122073
2023-09-10,S003,P0002,70,104.0436002575637,-34.043600257563696
2023-09-10,S003,P0015,45,37.078329438151115,7.9216705618488845
2023-09-10,S001,P0014,90,60.36684924683709,29.63315075316291
2023-09-10,S002,P0019,179,120.03385884035401,58.966141159645986
2023-09-10,S004,P0020,281,231.12041415439296,49.87958584560704
2023-09-10,S005,P0001,235,180.27755695534898,54.722443044651015
2023-09-10,S002,P0011,143,156.52679842519967,-13.526798425199672
2023-09-10,S002,P0002,47,26.256370833155188,20.743629166844812
2023-09-10,S001,P0015,78,94.4595598871881,-16.459559887188107
2023-09-10,S004,P0017,69,117.40429131501037,-48.40429131501037
2023-09-10,S004,P0015,45,43.84645339947161,1.1535466005283865
2023-09-10,S005,P0005,195,149.8426409885277,45.157359011472295
2023-09-10,S003,P0012,414,246.56873871631103,167.43126128368897
2023-09-10,S005,P0013,264,179.80310868094023,84.19689131905977
2023-09-10,S005,P0007,62,131.40426366329518,-69.40426366329518
2023-09-10,S003,P0014,118,58.544754459594856,59.455245540405144
2023-09-10,S003,P0009,145,120.03660283187679,24.96339716812321
2023-09-10,S005,P0016,159,151.66429129877042,7.335708701229578
2023-09-10,S004,P0010,82,235.3266524234778,-153.3266524234778
2023-09-10,S003,P0004,41,79.44929381199682,-38.449293811996824
2023-09-10,S001,P0019,73,141.8269953238053,-68.8269953238053
2023-09-10,S001,P0009,274,190.11668537136495,83.88331462863505
2023-09-10,S002,P0003,284,184.50089517578465,99.49910482421535
2023-09-10,S001,P0017,56,57.50049786274292,-1.5004978627429182
2023-09-10,S005,P0012,259,135.37763149041882,123.62236850958118
2023-09-10,S004,P0005,24,28.49749736832723,-4.497497368327231
2023-09-10,S003,P0006,344,245.06930329150714,98.93069670849286
2023-09-10,S002,P0010,70,102.0680897777047,-32.0680897777047
2023-09-10,S001,P0018,198,157.87939693363768,40.12060306636232
2023-09-10,S004,P0007,290,191.03661187535852,98.96338812464148
2023-09-10,S001,P0010,357,201.44744852479192,155.55255147520808
2023-09-10,S005,P0011,176,104.40919754090385,71.59080245909615
2023-09-10,S005,P0002,48,43.29273346241894,4.707266537581063
2023-09-10,S001,P0006,15,55.006218294914845,-40.006218294914845
2023-09-10,S002,P0013,80,214.05249654312667,-134.05249654312667
2023-09-10,S001,P0005,161,120.52291120713892,40.47708879286108
2023-09-10,S004,P0014,46,153.06473766213884,-107.06473766213884
2023-09-10,S002,P0012,385,236.03705656593223,148.96294343406777
2023-09-10,S001,P0007,5,91.19736592614004,-86.19736592614004
2023-09-10,S005,P0014,78,173.5225582512076,-95.52255825120761
2023-09-10,S003,P0018,177,181.40712372564064,-4.407123725640645
2023-09-10,S005,P0008,61,61.083088434991055,-0.08308843499105478
2023-09-10,S004,P0006,45,163.1043818280217,-118.1043818280217
2023-09-10,S002,P0005,74,57.52072763433574,16.479272365664258
2023-09-10,S003,P0003,47,28.219602245906685,18.780397754093315
2023-09-10,S001,P0004,288,156.2189532959324,131.7810467040676
2023-09-10,S001,P0001,96,229.670627277336,-133.670627277336
2023-09-10,S005,P0018,61,191.13714393839842,-130.13714393839842
2023-09-10,S001,P0002,24,33.72363568911118,-9.723635689111177
2023-09-10,S004,P0011,136,96.89377978664118,39.106220213358824
2023-09-10,S003,P0001,231,210.7783878320513,20.221612167948706
2023-09-10,S002,P0018,170,184.2940338966112,-14.29403389661121
2023-09-10,S003,P0016,105,89.87384572894433,15.126154271055668
2023-09-10,S002,P0004,235,236.65290218565315,-1.6529021856531472
2023-09-10,S004,P0018,58,136.8901719018461,-78.89017190184609
2023-09-10,S004,P0008,105,94.00000111919314,10.999998880806857
2023-09-10,S004,P0009,24,199.05087032327253,-175.05087032327253
2023-09-10,S003,P0005,285,205.38251603524833,79.61748396475167
2023-09-10,S004,P0001,156,199.87894063440177,-43.87894063440177
2023-09-10,S005,P0009,138,99.51506030427674,38.484939695723256
2023-09-10,S003,P0013,29,29.714536084039366,-0.7145360840393664
2023-09-10,S004,P0016,212,216.34347506290652,-4.343475062906521
2023-09-11,S001,P0016,24,184.5941190726341,-160.5941190726341
2023-09-11,S002,P0012,145,167.1862590276151,-22.186259027615108
2023-09-11,S004,P0004,37,78.56829975275917,-41.568299752759174
2023-09-11,S004,P0011,354,209.6101122716924,144.3898877283076
2023-09-11,S001,P0012,77,63.74594873904692,13.254051260953077
2023-09-11,S001,P0008,149,133.73509396815263,15.264906031847374
2023-09-11,S001,P0019,114,143.66281171057926,-29.662811710579263
2023-09-11,S003,P0008,206,134.31741488795257,71.68258511204743
2023-09-11,S004,P0007,156,112.49286513526795,43.50713486473205
2023-09-11,S005,P0020,135,119.329247040719,15.670752959281003
2023-09-11,S004,P0008,334,212.85117498193426,121.14882501806574
2023-09-11,S003,P0016,214,194.247262965998,19.752737034001996
2023-09-11,S003,P0002,214,140.54422021713987,73.45577978286013
2023-09-11,S003,P0006,213,149.9605579632585,63.03944203674149
2023-09-11,S005,P0010,233,124.065147237894,108.934852762106
2023-09-11,S005,P0008,221,201.03222660388946,19.967773396110545
2023-09-11,S004,P0002,17,54.13732464438135,-37.13732464438135
2023-09-11,S001,P0013,44,35.27756517479452,8.722434825205482
2023-09-11,S001,P0001,46,99.79481119584125,-53.79481119584125
2023-09-11,S001,P0002,215,220.57347603249946,-5.573476032499457
2023-09-11,S002,P0018,10,108.74324580217245,-98.74324580217245
2023-09-11,S001,P0011,137,153.80530443843384,-16.805304438433836
2023-09-11,S002,P0006,36,104.34398707622415,-68.34398707622415
2023-09-11,S005,P0019,19,123.75563183006483,-104.75563183006483
2023-09-11,S002,P0005,51,56.75488159988987,-5.75488159988987
2023-09-11,S003,P0014,16,59.25430128594883,-43.25430128594883
2023-09-11,S002,P0014,84,63.26452278431452,20.735477215685478
2023-09-11,S002,P0016,409,211.02343655348363,197.97656344651637
2023-09-11,S002,P0015,106,132.46258863906758,-26.462588639067576
2023-09-11,S005,P0009,26,38.6607329310371,-12.660732931037103
2023-09-11,S005,P0002,152,101.25542895138165,50.744571048618354
2023-09-11,S002,P0009,125,109.66019564482002,15.339804355179979
2023-09-11,S004,P0009,39,37.11500979339837,1.8849902066016284
2023-09-11,S003,P0019,64,100.19994595401909,-36.199945954019086
2023-09-11,S005,P0015,183,120.90299084975675,62.09700915024325
2023-09-11,S003,P0012,275,167.07849586667965,107.92150413332035
2023-09-11,S005,P0006,144,85.11675118835609,58.88324881164391
2023-09-11,S003,P0018,17,162.1810233957886,-145.1810233957886
2023-09-11,S001,P0009,89,220.83607402261845,-131.83607402261845
2023-09-11,S002,P0020,58,125.12836014332959,-67.12836014332959
2023-09-11,S005,P0005,92,55.66496679243943,36.33503320756057
2023-09-11,S004,P0017,77,100.74027062224758,-23.74027062224758
2023-09-11,S003,P0003,19,59.29721471856891,-40.29721471856891
2023-09-11,S003,P0009,131,140.97226017120312,-9.972260171203118
2023-09-11,S004,P0020,19,31.652951556844016,-12.652951556844016
2023-09-11,S005,P0001,312,175.88856041988015,136.11143958011985
2023-09-11,S001,P0006,134,200.4725574663317,-66.4725574663317
2023-09-11,S005,P0011,286,157.15086289238167,128.84913710761833
2023-09-11,S003,P0013,76,167.86284103800716,-91.86284103800716
2023-09-11,S002,P0010,37,157.1893324662857,-120.18933246628569
2023-09-11,S004,P0005,55,139.3348727628482,-84.33487276284819
2023-09-11,S001,P0017,268,208.2923136385637,59.70768636143629
2023-09-11,S002,P0017,312,230.3075456222129,81.6924543777871
2023-09-11,S005,P0004,181,108.32344915969918,72.67655084030082
2023-09-11,S001,P0020,308,160.69559170217713,147.30440829782287
2023-09-11,S005,P0007,30,39.282554636504244,-9.282554636504244
2023-09-11,S004,P0019,43,35.0670560005434,7.932943999456597
2023-09-11,S003,P0007,69,41.89705524812064,27.102944751879363
2023-09-11,S005,P0017,63,93.25837370502563,-30.258373705025633
2023-09-11,S001,P0003,80,189.86889867282582,-109.86889867282582
2023-09-11,S004,P0003,235,216.08059819842856,18.91940180157144
2023-09-11,S002,P0008,255,148.57406031254465,106.42593968745535
2023-09-11,S005,P0013,59,48.59399028836657,10.40600971163343
2023-09-11,S005,P0003,90,129.02293125348194,-39.02293125348194
2023-09-11,S004,P0015,287,215.58765761765585,71.41234238234415
2023-09-11,S002,P0002,55,108.36948155470242,-53.36948155470242
2023-09-11,S001,P0015,16,128.19841118100624,-112.19841118100624
2023-09-11,S001,P0004,4,223.78532917287242,-219.78532917287242
2023-09-11,S002,P0011,88,143.8040513229671,-55.8040513229671
2023-09-11,S004,P0006,382,208.41426226270636,173.58573773729364
2023-09-11,S002,P0004,112,108.41901793905481,3.580982060945189
2023-09-11,S005,P0018,130,207.81967199650654,-77.81967199650654
2023-09-11,S005,P0016,375,204.8232716322526,170.1767283677474
2023-09-11,S004,P0014,214,117.54473176159098,96.45526823840902
2023-09-11,S003,P0005,163,155.22145863533575,7.77854136466425
2023-09-11,S005,P0014,336,212.75699488905576,123.24300511094424
2023-09-11,S001,P0018,12,117.77591953634885,-105.77591953634885
2023-09-11,S002,P0013,6,48.9032986407384,-42.9032986407384
2023-09-11,S001,P0005,116,149.13464311697857,-33.134643116978566
2023-09-11,S001,P0010,349,210.0788664611424,138.9211335388576
2023-09-11,S001,P0007,107,217.71591057941407,-110.71591057941407
2023-09-11,S003,P0004,31,31.986788404894526,-0.9867884048945257
2023-09-11,S004,P0001,204,125.32141473108868,78.67858526891132
2023-09-11,S005,P0012,122,186.55805370110426,-64.55805370110426
2023-09-11,S004,P0010,200,140.05232832625677,59.94767167374323
2023-09-11,S004,P0018,94,58.890163840843684,35.109836159156316
2023-09-11,S003,P0001,141,97.71763968404656,43.28236031595344
2023-09-11,S003,P0011,51,208.36214433347482,-157.36214433347482
2023-09-11,S004,P0016,108,166.10251743574918,-58.10251743574918
2023-09-11,S003,P0015,18,118.82341429347161,-100.82341429347161
2023-09-11,S004,P0012,113,114.49380987143104,-1.49380987143104
2023-09-11,S001,P0014,193,109.21987363544355,83.78012636455645
2023-09-11,S003,P0020,3,42.40295457346474,-39.40295457346474
2023-09-11,S003,P0010,101,62.172759633210546,38.827240366789454
2023-09-11,S004,P0013,159,117.73485193792027,41.26514806207973
2023-09-11,S003,P0017,56,71.68063620371527,-15.680636203715267
2023-09-11,S002,P0019,249,163.74454401002754,85.25545598997246
2023-09-11,S002,P0003,329,230.02374293458462,98.97625706541538
2023-09-11,S002,P0007,307,212.10792470219292,94.89207529780708
2023-09-11,S002,P0001,48,128.18191957827287,-80.18191957827287
2023-09-12,S003,P0004,118,84.32637764128032,33.67362235871968
2023-09-12,S001,P0006,264,172.56950181842933,91.43049818157067
2023-09-12,S001,P0007,99,126.97758459629432,-27.97758459629432
2023-09-12,S003,P0018,231,159.84112920723754,71.15887079276246
2023-09-12,S004,P0005,57,153.52629998765934,-96.52629998765934
2023-09-12,S004,P0001,261,190.88026279954528,70.11973720045472
2023-09-12,S001,P0009,338,172.28832558456082,165.71167441543918
2023-09-12,S002,P0011,17,24.698491579113522,-7.698491579113522
2023-09-12,S005,P0002,366,214.71060138935417,151.28939861064583
2023-09-12,S003,P0009,353,247.09361065618873,105.90638934381127
2023-09-12,S005,P0012,77,61.09851213305268,15.90148786694732
2023-09-12,S005,P0009,28,47.54725419279447,-19.54725419279447
2023-09-12,S003,P0010,286,247.37930856945843,38.62069143054157
2023-09-12,S004,P0018,92,61.97611470899125,30.023885291008753
2023-09-12,S003,P0002,142,205.43454111034276,-63.434541110342764
2023-09-12,S003,P0008,251,134.01550251680538,116.98449748319462
2023-09-12,S002,P0004,58,43.87260974159045,14.127390258409548
2023-09-12,S002,P0005,12,63.89662704844227,-51.89662704844227
2023-09-12,S003,P0013,280,170.79581297424158,109.20418702575842
2023-09-12,S003,P0001,4,87.87542074830225,-83.87542074830225
2023-09-12,S005,P0011,182,209.79317929538206,-27.79317929538206
2023-09-12,S004,P0012,153,124.83718630872715,28.162813691272845
2023-09-12,S001,P0017,129,118.25479923784388,10.745200762156117
2023-09-12,S001,P0014,124,86.02407690461075,37.97592309538925
2023-09-12,S004,P0016,155,151.04936997652425,3.950630023475753
2023-09-12,S003,P0016,36,46.54448734489665,-10.544487344896652
2023-09-12,S004,P0008,148,234.7549414624575,-86.75494146245751
2023-09-12,S005,P0018,216,138.8356099225574,77.16439007744259
2023-09-12,S005,P0016,124,87.46211529561481,36.53788470438519
2023-09-12,S003,P0006,29,44.339848919630015,-15.339848919630015
2023-09-12,S001,P0019,116,142.72275308441755,-26.722753084417548
2023-09-12,S004,P0013,325,183.12920712167772,141.87079287832228
2023-09-12,S001,P0005,150,72.70697111728254,77.29302888271746
2023-09-12,S004,P0011,26,71.39519808793,-45.39519808793
2023-09-12,S004,P0004,147,208.7451920091802,-61.74519200918019
2023-09-12,S004,P0014,245,145.08307180311704,99.91692819688296
2023-09-12,S001,P0018,267,209.32697403936783,57.673025960632174
2023-09-12,S002,P0010,460,237.79940715259454,222.20059284740546
2023-09-12,S001,P0008,32,99.58202362023133,-67.58202362023133
2023-09-12,S003,P0005,19,93.23110390129085,-74.23110390129085
2023-09-12,S004,P0009,4,64.91581028527781,-60.915810285277814
2023-09-12,S005,P0014,60,145.59146038159219,-85.59146038159219
2023-09-12,S003,P0017,200,152.9930100015157,47.0069899984843
2023-09-12,S001,P0001,10,41.130283660209386,-31.130283660209386
2023-09-12,S004,P0007,121,76.24156273585811,44.75843726414189
2023-09-12,S002,P0013,70,54.13829332317772,15.86170667682228
2023-09-12,S002,P0007,70,87.16570803917159,-17.16570803917159
2023-09-12,S005,P0010,241,196.58088159320437,44.41911840679563
2023-09-12,S001,P0010,31,29.714913456694603,1.2850865433053968
2023-09-12,S002,P0002,41,66.24701196782985,-25.24701196782985
2023-09-12,S005,P0020,30,46.76596855269008,-16.765968552690083
2023-09-12,S004,P0010,9,71.18300767259495,-62.183007672594954
2023-09-12,S002,P0012,15,51.266669286188346,-36.266669286188346
2023-09-12,S001,P0002,216,172.18790773755808,43.81209226244192
2023-09-12,S005,P0019,32,57.738069247135,-25.738069247135
2023-09-12,S005,P0008,318,246.00019740940786,71.99980259059214
2023-09-12,S004,P0019,54,118.24588236941122,-64.24588236941122
2023-09-12,S002,P0016,285,234.34327413008128,50.656725869918716
2023-09-12,S002,P0015,55,72.06760792503445,-17.06760792503445
2023-09-12,S001,P0003,63,41.87932698079777,21.12067301920223
2023-09-12,S002,P0001,280,160.8167718604472,119.1832281395528
2023-09-12,S003,P0014,289,181.73852602579058,107.26147397420942
2023-09-12,S005,P0005,159,155.5924365760713,3.407563423928707
2023-09-12,S002,P0009,174,105.91180968604738,68.08819031395262
2023-09-12,S004,P0017,130,166.50687401735252,-36.506874017352516
2023-09-12,S002,P0014,101,56.46445620436896,44.53554379563104
2023-09-12,S004,P0006,196,247.12108768740927,-51.12108768740927
2023-09-12,S004,P0003,63,107.58787888032748,-44.58787888032748
2023-09-12,S005,P0015,323,230.63934984463071,92.36065015536929
2023-09-12,S005,P0003,19,84.6655749961347,-65.6655749961347
2023-09-12,S002,P0008,72,66.78988776145684,5.210112238543161
2023-09-12,S005,P0013,78,112.09093656483628,-34.090936564836284
2023-09-12,S001,P0012,12,55.368758490350785,-43.368758490350785
2023-09-12,S005,P0006,33,52.70135456257043,-19.70135456257043
2023-09-12,S002,P0019,17,227.977366249348,-210.977366249348
2023-09-12,S003,P0019,58,91.19231457977395,-33.19231457977395
2023-09-12,S003,P0012,210,166.5280873205241,43.471912679475906
2023-09-12,S004,P0015,66,141.471366541946,-75.471366541946
2023-09-12,S002,P0020,74,90.97744226730543,-16.977442267305435
2023-09-12,S005,P0017,45,117.5754918826733,-72.5754918826733
2023-09-12,S001,P0016,325,171.18993160505715,153.81006839494285
2023-09-12,S001,P0004,146,174.77538604078637,-28.775386040786373
2023-09-12,S002,P0003,86,76.46303038128218,9.53696961871782
2023-09-12,S003,P0003,43,183.86652989714872,-140.86652989714872
2023-09-12,S005,P0001,383,200.63263402657338,182.36736597342662
2023-09-12,S003,P0007,258,214.9300058449793,43.06999415502071
2023-09-12,S002,P0018,182,125.1151995780499,56.884800421950104
2023-09-12,S003,P0020,185,102.98262775565809,82.01737224434191
2023-09-12,S003,P0011,411,234.13590749158368,176.86409250841632
2023-09-12,S002,P0017,60,158.94901018296895,-98.94901018296895
2023-09-12,S005,P0004,343,174.15308292325972,168.84691707674028
2023-09-12,S001,P0015,242,121.61480665922073,120.38519334077927
2023-09-12,S004,P0020,174,128.0808345152077,45.9191654847923
2023-09-12,S002,P0006,54,136.7274771239065,-82.72747712390651
2023-09-12,S005,P0007,216,164.51468395175993,51.485316048240065
2023-09-12,S001,P0020,37,62.352907591827545,-25.352907591827545
2023-09-12,S001,P0013,105,69.25957722887148,35.74042277112852
2023-09-12,S003,P0015,218,113.09248988772936,104.90751011227064
2023-09-12,S001,P0011,259,169.14033433868593,89.85966566131407
2023-09-13,S001,P0014,20,69.26191007755722,-49.26191007755722
2023-09-13,S004,P0004,327,195.00955071537385,131.99044928462615
2023-09-13,S004,P0017,13,35.6928506561448,-22.6928506561448
2023-09-13,S005,P0003,220,121.50268976107492,98.49731023892508
2023-09-13,S004,P0011,6,203.14134872099817,-197.14134872099817
2023-09-13,S003,P0011,43,154.9232594971307,-111.92325949713069
2023-09-13,S004,P0008,52,43.44372307447355,8.556276925526447
2023-09-13,S003,P0005,250,180.3923105313823,69.6076894686177
2023-09-13,S004,P0006,67,75.0086083230521,-8.008608323052101
2023-09-13,S001,P0012,92,193.8163639696238,-101.81636396962381
2023-09-13,S002,P0020,463,243.99707681825237,219.00292318174763
2023-09-13,S003,P0007,41,40.54610136101229,0.45389863898770955
2023-09-13,S003,P0013,347,187.96034012994255,159.03965987005745
2023-09-13,S003,P0002,172,190.949372662033,-18.949372662033
2023-09-13,S002,P0018,89,206.7797493748551,-117.7797493748551
2023-09-13,S005,P0018,117,82.28514600001705,34.71485399998295
2023-09-13,S003,P0009,116,194.27373293957385,-78.27373293957385
2023-09-13,S005,P0012,63,59.33652077334216,3.6634792266578415
2023-09-13,S001,P0007,140,222.35731444404882,-82.35731444404882
2023-09-13,S001,P0006,48,159.92580044879628,-111.92580044879628
2023-09-13,S003,P0014,184,94.28021106092996,89.71978893907004
2023-09-13,S005,P0008,335,168.5812316417099,166.4187683582901
2023-09-13,S004,P0010,25,230.05255967082206,-205.05255967082206
2023-09-13,S003,P0017,223,244.51009732453866,-21.510097324538663
2023-09-13,S001,P0015,402,235.33202891047767,166.66797108952233
2023-09-13,S002,P0019,128,112.0031030281475,15.996896971852493
2023-09-13,S004,P0007,51,81.293728277713,-30.293728277713
2023-09-13,S003,P0019,108,151.24963679436684,-43.249636794366836
2023-09-13,S005,P0007,57,130.10838756955326,-73.10838756955326
2023-09-13,S004,P0005,161,110.0498794734616,50.9501205265384
2023-09-13,S003,P0006,33,42.05474155846355,-9.054741558463547
2023-09-13,S005,P0006,207,239.53111280181503,-32.53111280181503
2023-09-13,S002,P0008,55,171.4650625470204,-116.46506254702041
2023-09-13,S004,P0003,59,235.03702102602142,-176.03702102602142
2023-09-13,S001,P0020,75,43.30668353956156,31.69331646043844
2023-09-13,S003,P0012,20,130.4871324622577,-110.4871324622577
2023-09-13,S001,P0003,323,223.34725177212374,99.65274822787626
2023-09-13,S002,P0009,9,202.6631606298177,-193.6631606298177
2023-09-13,S002,P0017,40,32.05227965346836,7.947720346531639
2023-09-13,S004,P0019,175,246.13808896743865,-71.13808896743865
2023-09-13,S002,P0016,39,229.82839561603083,-190.82839561603083
2023-09-13,S002,P0014,283,182.84553367631696,100.15446632368304
2023-09-13,S005,P0017,158,223.21073631308673,-65.21073631308673
2023-09-13,S005,P0004,293,145.7984915489739,147.2015084510261
2023-09-13,S002,P0006,101,211.91657087346948,-110.91657087346948
2023-09-13,S003,P0003,62,35.081344538386475,26.918655461613525
2023-09-13,S004,P0015,68,156.8366226428339,-88.8366226428339
2023-09-13,S005,P0015,157,178.27998241826873,-21.27998241826873
2023-09-13,S004,P0020,291,208.69846619498827,82.30153380501173
2023-09-13,S005,P0005,324,188.8054582108362,135.1945417891638
2023-09-13,S004,P0013,18,91.26032544996076,-73.26032544996076
2023-09-13,S001,P0008,40,225.0498754332378,-185.0498754332378
2023-09-13,S005,P0010,35,108.21235209721772,-73.21235209721772
2023-09-13,S004,P0012,68,89.202728578402,-21.202728578402002
2023-09-13,S003,P0010,192,184.67372691700308,7.32627308299692
2023-09-13,S003,P0020,379,188.79725309027407,190.20274690972593
2023-09-13,S003,P0008,151,84.60320217548559,66.39679782451441
2023-09-13,S001,P0004,218,109.43931456451213,108.56068543548787
2023-09-13,S001,P0016,438,239.6857235581453,198.3142764418547
2023-09-13,S002,P0001,210,226.182981424753,-16.182981424752995
2023-09-13,S005,P0013,194,207.73683571516472,-13.736835715164716
2023-09-13,S002,P0003,33,98.29789863983302,-65.29789863983302
2023-09-13,S001,P0013,210,111.97797705228083,98.02202294771917
2023-09-13,S002,P0011,178,231.3668462832158,-53.36684628321581
2023-09-13,S005,P0001,193,166.57427669156095,26.425723308439046
2023-09-13,S005,P0020,46,98.69306435024248,-52.69306435024248
2023-09-13,S003,P0015,46,80.09729722898481,-34.097297228984814
2023-09-13,S004,P0002,232,128.42601874594436,103.57398125405564
2023-09-13,S001,P0011,204,111.56117710647152,92.43882289352848
2023-09-13,S003,P0001,183,122.49133230169082,60.50866769830918
2023-09-13,S001,P0017,60,59.29709105798361,0.7029089420163928
2023-09-13,S002,P0004,296,155.13832226388905,140.86167773611095
2023-09-13,S001,P0010,183,165.25765611183238,17.742343888167625
2023-09-13,S002,P0002,195,128.08755990638304,66.91244009361696
2023-09-13,S001,P0001,93,89.1351642855031,3.8648357144969054
2023-09-13,S002,P0013,13,133.3209839802646,-120.3209839802646
2023-09-13,S004,P0009,220,151.50382819876324,68.49617180123676
2023-09-13,S002,P0010,210,162.89000452280573,47.109995477194275
2023-09-13,S002,P0012,62,172.5891247237093,-110.58912472370929
2023-09-13,S005,P0009,92,52.90682943952862,39.09317056047138
2023-09-13,S004,P0014,65,128.29820758972926,-63.29820758972926
2023-09-13,S001,P0005,175,169.3038468773912,5.696153122608791
2023-09-13,S001,P0018,162,189.45879213949445,-27.45879213949445
2023-09-13,S005,P0016,103,111.23466685131604,-8.234666851316035
2023-09-13,S004,P0016,435,224.40633456275197,210.59366543724803
2023-09-13,S003,P0016,61,34.33659712001088,26.66340287998912
2023-09-13,S005,P0014,20,133.361020024482,-113.361020024482
2023-09-13,S003,P0004,43,26.363523791519754,16.636476208480246
2023-09-13,S001,P0019,291,158.47536580189114,132.52463419810886
2023-09-13,S005,P0019,326,223.32581402695018,102.67418597304982
2023-09-13,S002,P0005,24,141.16104061365843,-117.16104061365843
2023-09-13,S001,P0009,102,101.68104241202144,0.31895758797855933
2023-09-13,S003,P0018,339,196.99383962968983,142.00616037031017
2023-09-13,S004,P0018,214,181.70253283867982,32.297467161320185
2023-09-13,S005,P0002,33,184.82620823992323,-151.82620823992323
2023-09-13,S001,P0002,1,189.36617462249637,-188.36617462249637
2023-09-13,S005,P0011,59,153.24271023114505,-94.24271023114505
2023-09-13,S004,P0001,168,144.4479014168653,23.552098583134693
2023-09-14,S001,P0005,50,105.30103535136931,-55.30103535136931
2023-09-14,S001,P0006,136,152.903664942067,-16.903664942066996
2023-09-14,S005,P0007,48,54.32509105440266,-6.325091054402662
2023-09-14,S005,P0010,93,49.534217084867066,43.465782915132934
2023-09-14,S001,P0008,70,80.54618313751007,-10.54618313751007
2023-09-14,S001,P0004,222,199.8403750486366,22.159624951363412
2023-09-14,S001,P0011,392,235.3417610006946,156.6582389993054
2023-09-14,S005,P0018,47,47.436308538408014,-0.43630853840801365
2023-09-14,S005,P0013,188,243.65863436970972,-55.658634369709716
2023-09-14,S005,P0014,446,240.37455563587372,205.62544436412628
2023-09-14,S005,P0016,5,192.94566029732772,-187.94566029732772
2023-09-14,S005,P0011,124,226.64739326373046,-102.64739326373046
2023-09-14,S005,P0012,10,165.92705669472372,-155.92705669472372
2023-09-14,S001,P0010,148,202.92572736737736,-54.92572736737736
2023-09-14,S005,P0005,5,197.6774273506673,-192.6774273506673
2023-09-14,S005,P0008,289,153.2994795918883,135.7005204081117
2023-09-14,S001,P0007,38,84.41965326653013,-46.41965326653013
2023-09-14,S001,P0009,44,91.64587573891583,-47.645875738915834
2023-09-14,S005,P0006,414,217.1044687829563,196.8955312170437
2023-09-14,S005,P0009,162,203.12605509243264,-41.12605509243264
2023-09-14,S005,P0015,152,111.54549446160638,40.45450553839362
2023-09-14,S004,P0008,253,142.6267548755393,110.37324512446071
2023-09-14,S001,P0020,234,224.46897219482707,9.531027805172926
2023-09-14,S003,P0017,58,169.9807054943426,-111.9807054943426
2023-09-14,S002,P0018,226,234.6019271967666,-8.60192719676661
2023-09-14,S002,P0019,134,138.52565851051622,-4.525658510516223
2023-09-14,S004,P0006,271,138.03243651615207,132.96756348384793
2023-09-14,S005,P0019,42,76.43475100645821,-34.434751006458214
2023-09-14,S005,P0002,58,172.49271782190334,-114.49271782190334
2023-09-14,S003,P0003,381,234.37089341981306,146.62910658018694
2023-09-14,S003,P0008,63,200.04015618956186,-137.04015618956186
2023-09-14,S004,P0013,30,101.58912586571842,-71.58912586571842
2023-09-14,S001,P0017,57,76.75066938718709,-19.750669387187088
2023-09-14,S004,P0002,112,132.1290150110715,-20.129015011071488
2023-09-14,S002,P0001,97,89.77429190682346,7.225708093176536
2023-09-14,S004,P0009,6,25.919053847085195,-19.919053847085195
2023-09-14,S003,P0019,16,28.945289290311052,-12.945289290311052
2023-09-14,S004,P0011,102,172.82393087172807,-70.82393087172807
2023-09-14,S004,P0019,201,185.48054956044592,15.519450439554078
2023-09-14,S001,P0015,150,165.19018199084633,-15.190181990846327
2023-09-14,S004,P0007,359,203.36399848210334,155.63600151789666
2023-09-14,S003,P0001,229,130.00750655779416,98.99249344220584
2023-09-14,S002,P0017,164,125.38054092832937,38.61945907167063
2023-09-14,S004,P0004,86,97.939176380231,-11.939176380231004
2023-09-14,S002,P0007,44,42.028614608284784,1.9713853917152164
2023-09-14,S004,P0016,121,84.92704101819987,36.07295898180013
2023-09-14,S002,P0016,248,209.87682456535657,38.12317543464343
2023-09-14,S002,P0014,198,209.78111505478677,-11.781115054786767
2023-09-14,S003,P0006,42,40.506015734372966,1.4939842656270343
2023-09-14,S003,P0016,17,159.0259853257112,-142.0259853257112
2023-09-14,S002,P0008,79,93.99083160888523,-14.99083160888523
2023-09-14,S004,P0015,68,150.0654626060513,-82.06546260605131
2023-09-14,S001,P0014,43,25.857962737071546,17.142037262928454
2023-09-14,S001,P0019,312,224.4081021830064,87.5918978169936
2023-09-14,S004,P0012,134,78.78205021123335,55.217949788766646
2023-09-14,S005,P0001,228,209.77237010722598,18.22762989277402
2023-09-14,S003,P0002,155,176.2653766365824,-21.265376636582403
2023-09-14,S002,P0006,97,166.31650854843934,-69.31650854843934
2023-09-14,S001,P0012,73,235.1986402056492,-162.1986402056492
2023-09-14,S005,P0004,102,68.81972233625874,33.180277663741265
2023-09-14,S002,P0004,31,79.2870841869306,-48.2870841869306
2023-09-14,S004,P0003,36,32.17288190714936,3.8271180928506396
2023-09-14,S001,P0002,98,232.91673236869485,-134.91673236869485
2023-09-14,S004,P0020,280,146.0122630156979,133.9877369843021
2023-09-14,S002,P0002,347,198.96108881691538,148.03891118308462
2023-09-14,S003,P0007,10,220.62083535453684,-210.62083535453684
2023-09-14,S003,P0012,21,36.804880268248894,-15.804880268248894
2023-09-14,S003,P0020,165,90.73514713560166,74.26485286439834
2023-09-14,S003,P0018,18,91.81495632065838,-73.81495632065838
2023-09-14,S005,P0020,338,228.36263004882727,109.63736995117273
2023-09-14,S001,P0016,250,209.68426964872953,40.315730351270474
2023-09-14,S002,P0011,404,233.12759611690302,170.87240388309698
2023-09-14,S003,P0013,268,245.09818534272193,22.901814657278067
2023-09-14,S002,P0010,165,180.55279589847572,-15.552795898475722
2023-09-14,S003,P0011,116,150.88910462913304,-34.889104629133044
2023-09-14,S001,P0018,109,174.94737209952393,-65.94737209952393
2023-09-14,S004,P0014,232,200.17150352916224,31.828496470837763
2023-09-14,S004,P0001,324,241.52163158188114,82.47836841811886
2023-09-14,S004,P0017,66,111.58508258438798,-45.585082584387976
2023-09-14,S003,P0014,126,172.29585350913698,-46.295853509136975
2023-09-14,S002,P0020,29,74.38438131972686,-45.384381319726856
2023-09-14,S004,P0010,82,115.17352282283878,-33.17352282283878
2023-09-14,S003,P0005,63,216.77839061819498,-153.77839061819498
2023-09-14,S002,P0009,14,73.95747669681708,-59.95747669681708
2023-09-14,S002,P0005,51,160.4434616289018,-109.44346162890179
2023-09-14,S004,P0018,49,27.00992358511195,21.99007641488805
2023-09-14,S001,P0001,34,122.44777623241379,-88.44777623241379
2023-09-14,S002,P0012,5,39.71550913338285,-34.71550913338285
2023-09-14,S002,P0013,51,41.25727775801454,9.742722241985462
2023-09-14,S003,P0004,241,140.82777550132442,100.17222449867558
2023-09-14,S003,P0009,10,32.47534105625277,-22.475341056252773
2023-09-14,S005,P0003,200,160.40884447458728,39.59115552541272
2023-09-14,S001,P0013,64,59.5847206608596,4.4152793391403975
2023-09-14,S003,P0015,197,106.59524431202823,90.40475568797177
2023-09-14,S002,P0015,133,120.65765242459543,12.342347575404574
2023-09-14,S001,P0003,102,62.88232429043961,39.11767570956039
2023-09-14,S003,P0010,35,125.78830727658487,-90.78830727658487
2023-09-14,S002,P0003,338,233.8929529773735,104.10704702262649
2023-09-14,S004,P0005,96,183.50798153945226,-87.50798153945226
2023-09-15,S003,P0012,60,141.150097727606,-81.15009772760601
2023-09-15,S005,P0005,23,201.23106769372964,-178.23106769372964
2023-09-15,S001,P0002,33,25.256376252958262,7.743623747041738
2023-09-15,S003,P0011,52,186.8860763732389,-134.8860763732389
2023-09-15,S005,P0011,144,128.58252711033964,15.41747288966036
2023-09-15,S003,P0018,17,177.93262894535752,-160.93262894535752
2023-09-15,S003,P0020,311,168.17796759290053,142.82203240709947
2023-09-15,S003,P0014,93,234.7419459901011,-141.7419459901011
2023-09-15,S005,P0001,339,217.7238672597066,121.2761327402934
2023-09-15,S001,P0014,215,136.4461193621873,78.55388063781271
2023-09-15,S004,P0015,148,76.28510320372612,71.71489679627388
2023-09-15,S001,P0013,243,201.64541723741962,41.35458276258038
2023-09-15,S005,P0018,178,150.6403826428679,27.359617357132095
2023-09-15,S005,P0017,17,47.92962343741715,-30.92962343741715
2023-09-15,S005,P0003,135,167.22139763920444,-32.22139763920444
2023-09-15,S002,P0009,156,171.324594022699,-15.324594022698989
2023-09-15,S001,P0009,255,161.4019211994244,93.59807880057559
2023-09-15,S002,P0006,35,29.878148977318972,5.121851022681028
2023-09-15,S001,P0017,150,187.11778731786768,-37.11778731786768
2023-09-15,S003,P0010,45,165.24305460573606,-120.24305460573606
2023-09-15,S002,P0007,193,209.76929006809468,-16.769290068094676
2023-09-15,S002,P0017,71,215.85548705939289,-144.85548705939289
2023-09-15,S001,P0003,343,177.44511414623798,165.55488585376202
2023-09-15,S003,P0001,28,104.78893349506615,-76.78893349506615
2023-09-15,S004,P0011,37,35.38505216564073,1.6149478343592705
2023-09-15,S003,P0009,139,231.50533946798095,-92.50533946798095
2023-09-15,S002,P0011,17,61.510838362348125,-44.510838362348125
2023-09-15,S005,P0010,117,62.84103843586075,54.15896156413925
2023-09-15,S001,P0006,160,80.08043960809749,79.91956039190251
2023-09-15,S001,P0007,59,39.26299687302776,19.73700312697224
2023-09-15,S002,P0001,76,61.421879947087575,14.578120052912425
2023-09-15,S002,P0020,121,76.60569783942003,44.39430216057997
2023-09-15,S004,P0001,283,153.50544294476293,129.49455705523707
2023-09-15,S004,P0002,113,155.62257488582168,-42.62257488582168
2023-09-15,S001,P0011,397,223.30944868186566,173.69055131813434
2023-09-15,S005,P0007,1,231.80756031728674,-230.80756031728674
2023-09-15,S005,P0015,74,41.02780779115807,32.97219220884193
2023-09-15,S005,P0002,44,63.26892458411368,-19.268924584113677
2023-09-15,S005,P0019,122,204.68701351185263,-82.68701351185263
2023-09-15,S005,P0009,78,118.1097266541833,-40.109726654183305
2023-09-15,S001,P0004,98,146.202941250222,-48.20294125022201
2023-09-15,S002,P0019,148,139.49908686216793,8.500913137832072
2023-09-15,S002,P0005,65,92.4725707422121,-27.4725707422121
2023-09-15,S001,P0001,18,39.37015937515582,-21.370159375155822
2023-09-15,S002,P0018,352,223.8511299527716,128.1488700472284
2023-09-15,S002,P0012,351,196.82250368223924,154.17749631776076
2023-09-15,S003,P0017,146,114.42041452751062,31.579585472489384
2023-09-15,S004,P0016,185,194.0086922269113,-9.008692226911307
2023-09-15,S004,P0009,276,158.4087478205705,117.59125217942949
2023-09-15,S005,P0020,43,74.10631027292476,-31.10631027292476
2023-09-15,S003,P0016,29,181.84600909508242,-152.84600909508242
2023-09-15,S001,P0010,277,146.7485751865869,130.2514248134131
2023-09-15,S003,P0007,8,35.10993454570837,-27.10993454570837
2023-09-15,S002,P0015,166,209.59476503026303,-43.594765030263034
2023-09-15,S005,P0013,292,158.9743365590311,133.0256634409689
2023-09-15,S004,P0003,59,108.57976440917935,-49.57976440917935
2023-09-15,S005,P0006,314,227.19098300707964,86.80901699292036
2023-09-15,S003,P0013,40,91.53799909150155,-51.53799909150155
2023-09-15,S002,P0010,154,107.65363922637283,46.34636077362717
2023-09-15,S004,P0008,314,186.65729986498144,127.34270013501856
2023-09-15,S005,P0016,324,172.8215455105693,151.1784544894307
2023-09-15,S001,P0008,1,35.607815737766316,-34.607815737766316
2023-09-15,S003,P0008,47,32.533437436339625,14.466562563660375
2023-09-15,S005,P0012,304,170.21172787646083,133.78827212353917
2023-09-15,S003,P0003,97,173.62221625982,-76.62221625982
2023-09-15,S004,P0005,111,57.488811726966674,53.511188273033326
2023-09-15,S001,P0020,81,52.3754491602304,28.624550839769597
2023-09-15,S004,P0013,18,28.97051460530082,-10.97051460530082
2023-09-15,S004,P0004,119,135.46372919028084,-16.463729190280844
2023-09-15,S004,P0019,93,121.69528299626506,-28.695282996265064
2023-09-15,S003,P0019,55,157.04808403468485,-102.04808403468485
2023-09-15,S001,P0015,1,48.87010787545057,-47.87010787545057
2023-09-15,S002,P0003,244,145.90876812797882,98.09123187202118
2023-09-15,S004,P0007,51,90.14270839030928,-39.14270839030928
2023-09-15,S002,P0013,142,205.66566247932462,-63.665662479324624
2023-09-15,S001,P0005,152,85.51567022275384,66.48432977724616
2023-09-15,S005,P0014,46,25.09901693849207,20.90098306150793
2023-09-15,S004,P0006,13,31.027715026900353,-18.027715026900353
2023-09-15,S003,P0006,53,81.34756811828555,-28.34756811828555
2023-09-15,S003,P0002,67,69.69047619294543,-2.6904761929454253
2023-09-15,S001,P0016,291,164.22117422671874,126.77882577328126
2023-09-15,S003,P0015,331,223.62394213235268,107.37605786764732
2023-09-15,S003,P0005,121,74.69192950355665,46.30807049644335
2023-09-15,S002,P0016,60,34.79405848119819,25.205941518801808
2023-09-15,S004,P0014,28,94.91196018953968,-66.91196018953968
2023-09-15,S001,P0018,45,89.03477184392437,-44.034771843924375
2023-09-15,S002,P0004,251,154.8349746498776,96.16502535012239
2023-09-15,S005,P0008,37,101.47366178312313,-64.47366178312313
2023-09-15,S001,P0012,120,118.08093502298061,1.9190649770193886
2023-09-15,S005,P0004,135,159.69501579429073,-24.695015794290725
2023-09-15,S004,P0012,120,106.22334112640539,13.776658873594613
2023-09-15,S001,P0019,112,172.533649446887,-60.53364944688701
2023-09-15,S004,P0020,147,94.76082295640674,52.23917704359326
2023-09-15,S002,P0014,186,132.33289252670176,53.667107473298245
2023-09-15,S004,P0018,121,150.47939109789206,-29.479391097892062
2023-09-15,S002,P0008,263,141.86688844087212,121.13311155912788
2023-09-15,S004,P0017,36,183.41996114811684,-147.41996114811684
2023-09-15,S002,P0002,130,128.6436873326046,1.3563126673954002
2023-09-15,S004,P0010,254,145.5289676437515,108.47103235624849
2023-09-16,S005,P0003,96,74.92548488344403,21.074515116555972
2023-09-16,S005,P0010,377,207.66188461664387,169.33811538335613
2023-09-16,S003,P0005,41,37.369318611580184,3.6306813884198164
2023-09-16,S002,P0009,385,207.3121661380539,177.6878338619461
2023-09-16,S003,P0009,52,88.31662821276586,-36.31662821276586
2023-09-16,S001,P0005,165,180.58171998819535,-15.581719988195346
2023-09-16,S004,P0014,62,58.02794101976235,3.972058980237648
2023-09-16,S003,P0015,116,239.59827664494736,-123.59827664494736
2023-09-16,S002,P0003,295,180.17262256152333,114.82737743847667
2023-09-16,S002,P0013,103,72.47826977826287,30.52173022173713
2023-09-16,S002,P0012,72,106.7318537681345,-34.7318537681345
2023-09-16,S005,P0005,271,208.25896478687565,62.74103521312435
2023-09-16,S002,P0020,403,213.30186604924978,189.69813395075022
2023-09-16,S004,P0005,182,126.42634551544256,55.57365448455744
2023-09-16,S003,P0010,56,112.13126047335771,-56.13126047335771
2023-09-16,S003,P0004,80,158.10256052712487,-78.10256052712487
2023-09-16,S003,P0011,94,67.17566726809616,26.824332731903837
2023-09-16,S004,P0018,99,232.98674668248378,-133.98674668248378
2023-09-16,S002,P0015,61,44.17126148315015,16.828738516849853
2023-09-16,S004,P0017,206,156.8053285415063,49.1946714584937
2023-09-16,S001,P0001,122,245.0979884822005,-123.09798848220049
2023-09-16,S002,P0005,285,151.12068289688506,133.87931710311494
2023-09-16,S001,P0016,63,161.81585130615258,-98.81585130615258
2023-09-16,S001,P0018,105,103.45726052446008,1.5427394755399177
2023-09-16,S003,P0014,331,200.37410302796513,130.62589697203487
2023-09-16,S002,P0010,57,238.01726101056346,-181.01726101056346
2023-09-16,S004,P0001,200,111.00236024519586,88.99763975480414
2023-09-16,S001,P0008,133,69.34649333432571,63.653506665674286
2023-09-16,S001,P0007,153,201.1992108727971,-48.199210872797096
2023-09-16,S001,P0013,111,87.24887969596989,23.75112030403011
2023-09-16,S003,P0018,415,221.14362900592425,193.85637099407575
2023-09-16,S004,P0004,149,148.6115355395117,0.38846446048830785
2023-09-16,S002,P0007,394,205.65994737213146,188.34005262786854
2023-09-16,S003,P0017,91,65.6971479941472,25.3028520058528
2023-09-16,S003,P0002,43,80.20501823213709,-37.20501823213709
2023-09-16,S004,P0016,29,147.09050732736216,-118.09050732736216
2023-09-16,S002,P0016,112,244.83955440057986,-132.83955440057986
2023-09-16,S003,P0012,201,204.87110552672573,-3.871105526725728
2023-09-16,S005,P0011,176,197.92198073480824,-21.921980734808244
2023-09-16,S002,P0002,317,227.922376131416,89.077623868584
2023-09-16,S004,P0020,129,105.50499817468699,23.49500182531301
2023-09-16,S001,P0002,25,59.359307727202975,-34.359307727202975
2023-09-16,S004,P0015,128,87.85311661615168,40.14688338384832
2023-09-16,S002,P0004,125,64.79185053743544,60.20814946256456
2023-09-16,S005,P0001,454,239.9871695505717,214.0128304494283
2023-09-16,S004,P0012,213,111.38693453199988,101.61306546800012
2023-09-16,S001,P0019,0,172.08359411412926,-172.08359411412926
2023-09-16,S001,P0014,144,89.84327669027977,54.156723309720235
2023-09-16,S005,P0008,97,153.01191284241827,-56.01191284241827
2023-09-16,S002,P0008,87,122.86322858637709,-35.86322858637709
2023-09-16,S005,P0018,102,234.2764906580162,-132.2764906580162
2023-09-16,S001,P0006,57,39.09036582441365,17.909634175586348
2023-09-16,S005,P0017,158,213.84520564561382,-55.84520564561382
2023-09-16,S005,P0020,51,54.72799048276596,-3.7279904827659607
2023-09-16,S001,P0017,60,31.531858910610083,28.468141089389917
2023-09-16,S005,P0013,94,172.99002284398057,-78.99002284398057
2023-09-16,S001,P0004,152,78.77183562458907,73.22816437541093
2023-09-16,S005,P0006,183,193.8493858834206,-10.84938588342061
2023-09-16,S002,P0017,3,83.82797668816431,-80.82797668816431
2023-09-16,S005,P0014,367,213.00173527123997,153.99826472876003
2023-09-16,S004,P0007,66,193.42552427191532,-127.42552427191532
2023-09-16,S001,P0015,414,211.28318252646915,202.71681747353085
2023-09-16,S003,P0001,84,131.41209523085314,-47.41209523085314
2023-09-16,S004,P0009,199,118.65151040419948,80.34848959580052
2023-09-16,S003,P0016,150,202.0402452014821,-52.040245201482094
2023-09-16,S004,P0013,95,219.53277940822545,-124.53277940822545
2023-09-16,S003,P0003,56,81.81505299485309,-25.81505299485309
2023-09-16,S004,P0002,106,105.9150884558286,0.08491154417140478
2023-09-16,S002,P0001,162,160.25340220416655,1.746597795833452
2023-09-16,S001,P0011,57,73.7121013478033,-16.712101347803298
2023-09-16,S005,P0007,232,159.4287271205032,72.5712728794968
2023-09-16,S005,P0015,404,242.5205812492855,161.4794187507145
2023-09-16,S005,P0002,306,150.2915960909773,155.7084039090227
2023-09-16,S003,P0008,231,192.3260167810579,38.67398321894211
2023-09-16,S005,P0016,143,157.29172963469017,-14.29172963469017
2023-09-16,S005,P0019,46,53.91080108471556,-7.910801084715558
2023-09-16,S004,P0008,86,228.3609984047152,-142.3609984047152
2023-09-16,S005,P0009,125,220.7321037863128,-95.73210378631279
2023-09-16,S004,P0003,40,68.04034995031111,-28.04034995031111
2023-09-16,S003,P0007,24,29.80567798523407,-5.80567798523407
2023-09-16,S002,P0011,148,164.42102099164111,-16.421020991641115
2023-09-16,S003,P0013,93,49.652136515869586,43.347863484130414
2023-09-16,S003,P0019,21,148.02725666218134,-127.02725666218134
2023-09-16,S003,P0020,120,125.15297155032232,-5.15297155032232
2023-09-16,S004,P0006,71,54.65838457372132,16.34161542627868
2023-09-16,S001,P0012,226,115.82408589421254,110.17591410578746
2023-09-16,S005,P0004,224,186.9428185332648,37.05718146673519
2023-09-16,S002,P0006,221,110.95688011819794,110.04311988180206
2023-09-16,S004,P0011,43,78.46861241280726,-35.46861241280726
2023-09-16,S002,P0014,215,106.43511963739451,108.56488036260549
2023-09-16,S002,P0018,98,130.2721328517481,-32.2721328517481
2023-09-16,S005,P0012,75,53.7210916348327,21.278908365167297
2023-09-16,S003,P0006,153,234.8514876667831,-81.8514876667831
2023-09-16,S001,P0010,99,156.2224341928212,-57.2224341928212
2023-09-16,S001,P0009,220,243.63203096776982,-23.632030967769822
2023-09-16,S001,P0003,157,135.95622464487747,21.043775355122534
2023-09-16,S002,P0019,29,72.66266385278976,-43.66266385278976
2023-09-16,S004,P0010,187,133.08470236298422,53.91529763701578
2023-09-16,S001,P0020,71,36.89742417761397,34.10257582238603
2023-09-17,S005,P0008,117,184.8159930788642,-67.81599307886421
2023-09-17,S005,P0007,95,85.04159632380652,9.958403676193484
2023-09-17,S001,P0019,146,113.93510553134286,32.064894468657144
2023-09-17,S005,P0014,160,149.42004687816615,10.579953121833853
2023-09-17,S001,P0008,6,76.27880895186775,-70.27880895186775
2023-09-17,S004,P0006,19,24.33675960023794,-5.33675960023794
2023-09-17,S005,P0013,132,163.14492509892318,-31.14492509892318
2023-09-17,S004,P0005,0,122.47780121845256,-122.47780121845256
2023-09-17,S003,P0014,23,90.08142591621208,-67.08142591621208
2023-09-17,S004,P0015,85,59.813828484863905,25.186171515136095
2023-09-17,S001,P0001,139,223.41739078905306,-84.41739078905306
2023-09-17,S002,P0008,167,116.08804628752432,50.91195371247568
2023-09-17,S003,P0010,171,117.94037183289618,53.059628167103824
2023-09-17,S001,P0011,191,210.5761623578208,-19.576162357820806
2023-09-17,S004,P0001,11,33.08385474773718,-22.083854747737178
2023-09-17,S002,P0014,2,105.37530411955265,-103.37530411955265
2023-09-17,S003,P0016,190,169.09991245550498,20.900087544495022
2023-09-17,S001,P0020,83,49.15615318885489,33.84384681114511
2023-09-17,S002,P0003,133,86.62326210169147,46.376737898308534
2023-09-17,S004,P0007,203,187.3929876491219,15.607012350878108
2023-09-17,S001,P0005,220,110.16753759572583,109.83246240427417
2023-09-17,S002,P0005,15,220.27244635746428,-205.27244635746428
2023-09-17,S005,P0017,12,35.56917380588976,-23.56917380588976
2023-09-17,S005,P0020,61,159.98892538789022,-98.98892538789022
2023-09-17,S003,P0013,26,182.78143256649713,-156.78143256649713
2023-09-17,S005,P0015,156,219.38979059155724,-63.389790591557244
2023-09-17,S002,P0013,52,97.20935523770356,-45.20935523770356
2023-09-17,S004,P0012,142,135.75949894216012,6.240501057839879
2023-09-17,S005,P0016,245,209.67128471975855,35.328715280241454
2023-09-17,S002,P0020,119,170.2639542616672,-51.26395426166721
2023-09-17,S003,P0002,12,34.06571432555643,-22.065714325556428
2023-09-17,S003,P0009,26,74.13861315092839,-48.13861315092839
2023-09-17,S001,P0003,93,46.7609090937371,46.2390909062629
2023-09-17,S003,P0001,86,71.13250966198865,14.86749033801135
2023-09-17,S002,P0012,142,143.06098710895805,-1.0609871089580452
2023-09-17,S004,P0011,269,138.97967665263877,130.02032334736123
2023-09-17,S001,P0010,197,163.87023816300285,33.12976183699715
2023-09-17,S003,P0007,159,190.10693626479593,-31.106936264795934
2023-09-17,S004,P0016,178,212.0368840600902,-34.03688406009019
2023-09-17,S003,P0005,239,182.13661030106005,56.863389698939955
2023-09-17,S004,P0008,133,73.4979091998195,59.5020908001805
2023-09-17,S002,P0017,2,137.63587908719495,-135.63587908719495
2023-09-17,S005,P0006,182,194.36335182493366,-12.363351824933659
2023-09-17,S002,P0007,165,132.2409466605459,32.75905333945411
2023-09-17,S003,P0018,221,201.77574537818833,19.224254621811667
2023-09-17,S003,P0006,98,206.63084460566256,-108.63084460566256
2023-09-17,S003,P0008,134,114.51135240479005,19.488647595209954
2023-09-17,S005,P0012,29,36.15553085986471,-7.155530859864712
2023-09-17,S002,P0016,193,155.7287083489124,37.27129165108761
2023-09-17,S002,P0001,93,150.55118903294158,-57.55118903294158
2023-09-17,S003,P0019,129,145.93035971798344,-16.930359717983436
2023-09-17,S001,P0006,39,205.46714849080684,-166.46714849080684
2023-09-17,S002,P0006,91,77.50194855351549,13.49805144648451
2023-09-17,S004,P0019,143,169.47834703006043,-26.478347030060434
2023-09-17,S004,P0002,77,104.26479749355451,-27.26479749355451
2023-09-17,S002,P0004,89,136.72541698134393,-47.725416981343926
2023-09-17,S001,P0015,98,63.05540434045628,34.94459565954372
2023-09-17,S001,P0012,99,68.12579200884949,30.874207991150513
2023-09-17,S005,P0004,140,207.91609486925154,-67.91609486925154
2023-09-17,S002,P0002,86,47.842167992076384,38.157832007923616
2023-09-17,S004,P0009,234,216.39646785946996,17.603532140530035
2023-09-17,S004,P0020,12,190.76581565130687,-178.76581565130687
2023-09-17,S005,P0010,292,247.09999128176145,44.90000871823855
2023-09-17,S004,P0013,102,67.20909298635297,34.79090701364703
2023-09-17,S003,P0003,151,162.8769940444563,-11.876994044456296
2023-09-17,S004,P0004,64,210.26504317189,-146.26504317189
2023-09-17,S005,P0018,21,132.69045586828338,-111.69045586828338
2023-09-17,S004,P0003,43,196.9704991120309,-153.9704991120309
2023-09-17,S003,P0004,127,70.13726549225333,56.862734507746666
2023-09-17,S001,P0016,363,222.5391458029452,140.4608541970548
2023-09-17,S001,P0018,129,178.36554199940963,-49.36554199940963
2023-09-17,S003,P0015,389,242.49665707774597,146.50334292225403
2023-09-17,S001,P0007,191,219.77878701482518,-28.778787014825184
2023-09-17,S001,P0009,140,158.97326025515383,-18.973260255153832
2023-09-17,S005,P0009,216,110.11530785133533,105.88469214866467
2023-09-17,S005,P0011,22,105.46473386320775,-83.46473386320775
2023-09-17,S002,P0019,34,123.09748986614704,-89.09748986614704
2023-09-17,S003,P0020,169,190.63810042958892,-21.638100429588917
2023-09-17,S003,P0011,20,144.08644167327975,-124.08644167327975
2023-09-17,S001,P0002,40,210.11151460579373,-170.11151460579373
2023-09-17,S003,P0017,240,134.3539832554681,105.64601674453189
2023-09-17,S002,P0015,338,198.65266258295128,139.34733741704872
2023-09-17,S004,P0017,56,60.484738952234295,-4.484738952234295
2023-09-17,S001,P0014,50,42.099535866085375,7.900464133914625
2023-09-17,S004,P0018,48,105.3851717056234,-57.38517170562341
2023-09-17,S005,P0001,359,205.0730545928667,153.9269454071333
2023-09-17,S001,P0013,29,55.923100095341624,-26.923100095341624
2023-09-17,S002,P0009,66,57.25787023331918,8.742129766680819
2023-09-17,S005,P0003,101,74.72339283122506,26.276607168774945
2023-09-17,S001,P0004,183,135.19477021176152,47.80522978823848
2023-09-17,S002,P0011,131,132.51955381590807,-1.5195538159080684
2023-09-17,S003,P0012,34,224.06139835555166,-190.06139835555166
2023-09-17,S002,P0018,150,91.76871696596783,58.231283034032174
2023-09-17,S001,P0017,141,191.87698527318173,-50.87698527318173
2023-09-17,S005,P0005,127,212.9904348983594,-85.99043489835941
2023-09-17,S005,P0019,99,180.27948055456613,-81.27948055456613
2023-09-17,S005,P0002,7,149.94222427046043,-142.94222427046043
2023-09-17,S004,P0014,220,237.6417750039256,-17.641775003925602
2023-09-17,S004,P0010,236,201.38050767689526,34.61949232310474
2023-09-18,S005,P0004,9,64.36307531675055,-55.36307531675055
2023-09-18,S004,P0017,93,197.472851686014,-104.472851686014
2023-09-18,S005,P0011,77,206.43256102801706,-129.43256102801706
2023-09-18,S004,P0010,89,103.70951733450192,-14.709517334501925
2023-09-18,S003,P0008,192,96.2686803629885,95.7313196370115
2023-09-18,S005,P0005,40,88.22423284315181,-48.22423284315181
2023-09-18,S004,P0012,139,93.6348609511312,45.3651390488688
2023-09-18,S005,P0009,234,151.05157620405834,82.94842379594166
2023-09-18,S002,P0020,1,60.0862567973856,-59.0862567973856
2023-09-18,S004,P0014,124,67.0703724154568,56.9296275845432
2023-09-18,S005,P0003,50,170.48475956307703,-120.48475956307703
2023-09-18,S003,P0001,43,25.575030246684776,17.424969753315224
2023-09-18,S003,P0019,134,127.07467568537118,6.925324314628824
2023-09-18,S002,P0001,312,157.27549470899288,154.72450529100712
2023-09-18,S003,P0002,194,105.36959074084723,88.63040925915277
2023-09-18,S005,P0012,99,240.36870362315346,-141.36870362315346
2023-09-18,S001,P0015,247,186.56985688986805,60.43014311013195
2023-09-18,S004,P0018,4,89.64016512999962,-85.64016512999962
2023-09-18,S005,P0016,15,87.31004216931393,-72.31004216931393
2023-09-18,S004,P0019,206,141.2967045571163,64.7032954428837
2023-09-18,S004,P0002,20,33.31522351944665,-13.315223519446647
2023-09-18,S002,P0018,12,41.98258009681996,-29.98258009681996
2023-09-18,S001,P0017,331,169.3036069691692,161.6963930308308
2023-09-18,S004,P0013,225,183.88080726764355,41.11919273235645
2023-09-18,S004,P0020,81,41.37796283430009,39.62203716569991
2023-09-18,S002,P0011,27,30.71791984317923,-3.7179198431792315
2023-09-18,S004,P0011,124,136.80405083601545,-12.804050836015449
2023-09-18,S001,P0018,219,234.74910645804215,-15.74910645804215
2023-09-18,S001,P0003,328,247.3484129332266,80.6515870667734
2023-09-18,S003,P0012,72,113.42418854896391,-41.42418854896391
2023-09-18,S001,P0007,206,144.5947241218389,61.40527587816109
2023-09-18,S002,P0004,90,102.71300530344314,-12.71300530344314
2023-09-18,S004,P0009,87,86.5519562455085,0.4480437544914935
2023-09-18,S002,P0016,8,32.51927236730188,-24.51927236730188
2023-09-18,S002,P0012,93,83.09538039214527,9.904619607854727
2023-09-18,S002,P0006,77,96.5660753953112,-19.566075395311202
2023-09-18,S004,P0004,25,40.600006806352724,-15.600006806352724
2023-09-18,S003,P0020,21,31.71764922340816,-10.71764922340816
2023-09-18,S003,P0003,0,98.62879041794395,-98.62879041794395
2023-09-18,S001,P0002,63,58.89846273185185,4.1015372681481495
2023-09-18,S003,P0017,86,70.56713692008015,15.432863079919855
2023-09-18,S005,P0010,0,177.4695179201617,-177.4695179201617
2023-09-18,S002,P0009,101,90.7560642840495,10.2439357159505
2023-09-18,S002,P0002,8,225.72258141891888,-217.72258141891888
2023-09-18,S001,P0005,62,124.09171723070028,-62.09171723070028
2023-09-18,S004,P0007,173,176.1710447703423,-3.1710447703422915
2023-09-18,S002,P0013,354,231.84004195146878,122.15995804853122
2023-09-18,S005,P0020,71,81.20417044238656,-10.204170442386555
2023-09-18,S005,P0019,121,124.68356230670099,-3.683562306700992
2023-09-18,S005,P0008,59,72.15991111473716,-13.159911114737156
2023-09-18,S005,P0006,110,168.87396630318528,-58.873966303185284
2023-09-18,S003,P0013,169,97.13449159142851,71.86550840857149
2023-09-18,S005,P0015,446,232.78837699900498,213.21162300099502
2023-09-18,S003,P0011,63,58.70773432543058,4.292265674569421
2023-09-18,S005,P0017,93,56.42333706175236,36.57666293824764
2023-09-18,S002,P0003,286,154.30915532423506,131.69084467576494
2023-09-18,S004,P0015,10,29.001941992253194,-19.001941992253194
2023-09-18,S001,P0020,386,201.0207751679534,184.9792248320466
2023-09-18,S002,P0007,48,67.86751568574277,-19.867515685742774
2023-09-18,S001,P0016,138,133.5823221748471,4.417677825152907
2023-09-18,S003,P0018,35,119.41823656258168,-84.41823656258168
2023-09-18,S003,P0014,63,36.75475348021911,26.245246519780892
2023-09-18,S005,P0002,97,60.38834453006314,36.61165546993686
2023-09-18,S001,P0006,335,200.78508618291977,134.21491381708023
2023-09-18,S003,P0010,127,108.66819141250534,18.331808587494663
2023-09-18,S004,P0005,263,233.8770244776387,29.122975522361287
2023-09-18,S002,P0010,69,53.63704966594679,15.36295033405321
2023-09-18,S001,P0008,91,71.42748812966141,19.572511870338587
2023-09-18,S004,P0016,1,31.83659213753168,-30.83659213753168
2023-09-18,S005,P0018,356,222.8989654557397,133.1010345442603
2023-09-18,S003,P0007,128,72.29167002424447,55.70832997575553
2023-09-18,S002,P0019,103,84.22357077654425,18.77642922345575
2023-09-18,S001,P0012,347,232.31358003866086,114.68641996133914
2023-09-18,S004,P0006,1,100.69767312642534,-99.69767312642534
2023-09-18,S003,P0009,382,222.51841633939267,159.48158366060733
2023-09-18,S001,P0013,30,64.22315568983458,-34.223155689834584
2023-09-18,S005,P0013,99,185.6905415724828,-86.6905415724828
2023-09-18,S001,P0019,60,33.03172436296404,26.96827563703596
2023-09-18,S001,P0010,15,164.0781909472409,-149.0781909472409
2023-09-18,S003,P0015,69,65.28847456982368,3.711525430176323
2023-09-18,S001,P0001,262,242.9495314637444,19.050468536255607
2023-09-18,S002,P0008,145,183.78064399915877,-38.78064399915877
2023-09-18,S002,P0017,66,117.15472609170212,-51.154726091702116
2023-09-18,S002,P0014,49,23.760596989226826,25.239403010773174
2023-09-18,S001,P0011,336,207.58063406843098,128.41936593156902
2023-09-18,S002,P0015,57,168.25800360172502,-111.25800360172502
2023-09-18,S005,P0001,264,131.89323667601184,132.10676332398816
2023-09-18,S004,P0008,98,173.41823454939868,-75.41823454939868
2023-09-18,S001,P0014,47,65.20684887790509,-18.206848877905088
2023-09-18,S005,P0007,111,180.87992708521722,-69.87992708521722
2023-09-18,S004,P0001,218,190.5705669619528,27.429433038047193
2023-09-18,S003,P0005,4,102.2234055381756,-98.2234055381756
2023-09-18,S001,P0004,31,202.97712214989707,-171.97712214989707
2023-09-18,S003,P0016,54,35.47066387733463,18.52933612266537
2023-09-18,S004,P0003,121,225.69821487657458,-104.69821487657458
2023-09-18,S001,P0009,223,226.11992699693366,-3.119926996933657
2023-09-18,S002,P0005,43,29.228795244192384,13.771204755807616
2023-09-18,S003,P0006,80,135.65710917735538,-55.65710917735538
2023-09-18,S005,P0014,295,169.89214051054194,125.10785948945806
2023-09-19,S004,P0016,386,242.99713433345977,143.00286566654023
2023-09-19,S003,P0001,71,54.77457156926539,16.22542843073461
2023-09-19,S001,P0010,212,228.6442967791864,-16.64429677918639
2023-09-19,S005,P0006,47,44.054100548928545,2.9458994510714547
2023-09-19,S002,P0017,106,149.9785713493531,-43.9785713493531
2023-09-19,S003,P0017,134,150.0614462095768,-16.061446209576786
2023-09-19,S002,P0007,303,196.72706936805133,106.27293063194867
2023-09-19,S002,P0018,6,63.75225910123635,-57.75225910123635
2023-09-19,S005,P0012,311,197.978837006049,113.02116299395101
2023-09-19,S003,P0002,43,46.755890576064814,-3.7558905760648145
2023-09-19,S005,P0019,381,197.2743108065771,183.7256891934229
2023-09-19,S005,P0002,196,119.4694249082878,76.5305750917122
2023-09-19,S001,P0006,419,218.67379499849613,200.32620500150387
2023-09-19,S001,P0014,31,181.27387705711385,-150.27387705711385
2023-09-19,S002,P0019,99,84.65854053119426,14.341459468805738
2023-09-19,S004,P0015,299,187.15149462324945,111.84850537675055
2023-09-19,S005,P0015,200,239.36221785713332,-39.36221785713332
2023-09-19,S005,P0008,122,150.5853833947951,-28.585383394795087
2023-09-19,S005,P0020,69,93.0058179189902,-24.005817918990203
2023-09-19,S002,P0014,261,210.59530937969345,50.40469062030655
2023-09-19,S003,P0016,141,116.26091373693811,24.739086263061893
2023-09-19,S001,P0004,332,176.34038373490307,155.65961626509693
2023-09-19,S001,P0011,198,124.14218023340021,73.85781976659979
2023-09-19,S002,P0008,172,146.56072860187749,25.439271398122514
2023-09-19,S001,P0019,60,104.91086854369058,-44.91086854369058
2023-09-19,S005,P0001,142,72.48370044782178,69.51629955217822
2023-09-19,S005,P0007,150,88.66177384852693,61.338226151473066
2023-09-19,S005,P0011,184,160.5964782170298,23.403521782970188
2023-09-19,S002,P0016,20,94.34304581620381,-74.34304581620381
2023-09-19,S005,P0018,70,91.69661283496089,-21.696612834960888
2023-09-19,S005,P0004,111,239.4788427126963,-128.4788427126963
2023-09-19,S004,P0020,303,176.07386996762887,126.92613003237113
2023-09-19,S001,P0017,130,99.52145116593096,30.478548834069045
2023-09-19,S003,P0012,30,29.885860599768648,0.11413940023135183
2023-09-19,S002,P0002,196,220.47014745740228,-24.470147457402277
2023-09-19,S001,P0002,170,138.110275242762,31.889724757238014
2023-09-19,S004,P0002,72,95.14719945674864,-23.147199456748638
2023-09-19,S002,P0004,153,224.6716396884621,-71.67163968846211
2023-09-19,S004,P0012,67,121.5446492976588,-54.54464929765879
2023-09-19,S002,P0001,92,47.01014702164167,44.98985297835833
2023-09-19,S001,P0012,63,185.0385778072556,-122.03857780725559
2023-09-19,S003,P0020,85,89.67593739365248,-4.675937393652475
2023-09-19,S005,P0009,207,107.89160332262765,99.10839667737235
2023-09-19,S005,P0017,80,232.68783347471725,-152.68783347471725
2023-09-19,S005,P0003,257,164.71142046182433,92.28857953817567
2023-09-19,S002,P0009,231,118.073649074998,112.926350925002
2023-09-19,S005,P0010,212,141.81730934793177,70.18269065206823
2023-09-19,S001,P0008,21,48.591873815576946,-27.591873815576946
2023-09-19,S004,P0013,48,188.07032068437144,-140.07032068437144
2023-09-19,S003,P0014,195,244.80301094211904,-49.803010942119045
2023-09-19,S003,P0007,327,201.90292566226657,125.09707433773343
2023-09-19,S001,P0020,19,63.815077766292745,-44.815077766292745
2023-09-19,S004,P0009,18,84.4636220885921,-66.4636220885921
2023-09-19,S002,P0003,60,76.02917926171125,-16.02917926171125
2023-09-19,S002,P0006,283,162.06986603793155,120.93013396206845
2023-09-19,S004,P0004,29,89.62669619545323,-60.626696195453235
2023-09-19,S004,P0014,19,29.817892683996774,-10.817892683996774
2023-09-19,S004,P0010,8,157.56654739180436,-149.56654739180436
2023-09-19,S004,P0017,333,176.41901796681668,156.58098203318332
2023-09-19,S004,P0019,410,249.16644155280574,160.83355844719426
2023-09-19,S004,P0011,245,175.72905392726972,69.27094607273028
2023-09-19,S003,P0013,1,208.42853672236464,-207.42853672236464
2023-09-19,S004,P0001,316,186.90344315074054,129.09655684925946
2023-09-19,S001,P0018,90,94.8573299944361,-4.8573299944361
2023-09-19,S001,P0001,72,219.65284433620718,-147.65284433620718
2023-09-19,S001,P0005,40,48.93244056400175,-8.932440564001752
2023-09-19,S002,P0005,81,65.9685095206492,15.031490479350794
2023-09-19,S005,P0013,223,222.43847415192062,0.5615258480793841
2023-09-19,S001,P0007,28,25.108548830713232,2.8914511692867677
2023-09-19,S005,P0014,194,189.4338224788013,4.566177521198711
2023-09-19,S004,P0007,86,199.77073171742205,-113.77073171742205
2023-09-19,S002,P0013,134,115.91937506826275,18.080624931737248
2023-09-19,S002,P0011,382,226.66099033689034,155.33900966310966
2023-09-19,S001,P0015,131,234.8840721371413,-103.88407213714129
2023-09-19,S003,P0019,4,82.43815149162054,-78.43815149162054
2023-09-19,S002,P0020,79,38.64518825266782,40.35481174733218
2023-09-19,S001,P0013,62,96.05947622276733,-34.05947622276733
2023-09-19,S003,P0003,90,83.20627917936957,6.793720820630426
2023-09-19,S004,P0005,174,168.53228914064715,5.467710859352849
2023-09-19,S004,P0006,73,57.457393310063026,15.542606689936974
2023-09-19,S001,P0009,17,25.78643837701361,-8.78643837701361
2023-09-19,S005,P0005,8,86.01419080479849,-78.01419080479849
2023-09-19,S003,P0011,60,145.56049992737536,-85.56049992737536
2023-09-19,S003,P0005,42,27.054994651268544,14.945005348731456
2023-09-19,S005,P0016,148,145.74964407490143,2.2503559250985745
2023-09-19,S002,P0012,98,187.02743730793003,-89.02743730793003
2023-09-19,S001,P0003,37,223.02995229605466,-186.02995229605466
2023-09-19,S003,P0015,268,207.0471610793532,60.9528389206468
2023-09-19,S001,P0016,151,99.70060015213772,51.299399847862276
2023-09-19,S003,P0009,196,187.3558445466448,8.64415545335521
2023-09-19,S003,P0004,66,121.05196364994248,-55.05196364994248
2023-09-19,S003,P0006,70,151.21334878129056,-81.21334878129056
2023-09-19,S004,P0008,201,123.88909016112893,77.11090983887107
2023-09-19,S004,P0018,134,97.29853084876248,36.70146915123752
2023-09-19,S004,P0003,47,237.27778699063634,-190.27778699063634
2023-09-19,S003,P0010,10,133.2930905705755,-123.29309057057549
2023-09-19,S003,P0008,183,146.427252397068,36.572747602932
2023-09-19,S002,P0010,45,22.56089055796474,22.43910944203526
2023-09-19,S003,P0018,80,128.91582210997723,-48.91582210997723
2023-09-19,S002,P0015,92,76.96060796374098,15.039392036259017
2023-09-20,S003,P0013,122,103.59419948308465,18.40580051691535
2023-09-20,S001,P0020,202,241.57999786765703,-39.57999786765703
2023-09-20,S001,P0018,264,214.93584859871538,49.06415140128462
2023-09-20,S001,P0005,394,240.32608728936094,153.67391271063906
2023-09-20,S005,P0020,19,26.77826344982907,-7.778263449829069
2023-09-20,S001,P0004,354,177.61729657896564,176.38270342103436
2023-09-20,S002,P0013,115,120.41671587524024,-5.416715875240243
2023-09-20,S005,P0001,204,163.58683222588638,40.41316777411362
2023-09-20,S003,P0020,44,41.53779813169393,2.4622018683060674
2023-09-20,S004,P0018,59,44.31260010973301,14.687399890266988
2023-09-20,S004,P0006,108,61.513741173611095,46.486258826388905
2023-09-20,S003,P0016,60,44.99313387763726,15.006866122362737
2023-09-20,S002,P0005,91,75.32730739118614,15.672692608813861
2023-09-20,S002,P0015,246,168.40667432877035,77.59332567122965
2023-09-20,S001,P0009,108,66.4015292645517,41.5984707354483
2023-09-20,S005,P0005,249,226.0322712327516,22.96772876724839
2023-09-20,S005,P0015,47,76.99095549118982,-29.990955491189823
2023-09-20,S005,P0019,71,137.92538947865717,-66.92538947865717
2023-09-20,S003,P0004,432,226.10964439628907,205.89035560371093
2023-09-20,S005,P0002,359,204.38396224713097,154.61603775286903
2023-09-20,S002,P0010,27,49.00445802327141,-22.00445802327141
2023-09-20,S001,P0002,151,84.48345814201849,66.51654185798151
2023-09-20,S003,P0010,26,202.5135450016175,-176.5135450016175
2023-09-20,S005,P0012,16,45.21856949702459,-29.21856949702459
2023-09-20,S001,P0006,295,182.41459640533623,112.58540359466377
2023-09-20,S001,P0014,114,174.89049984441084,-60.89049984441084
2023-09-20,S004,P0001,206,234.5655157177007,-28.56551571770069
2023-09-20,S001,P0016,76,181.6211540762265,-105.6211540762265
2023-09-20,S003,P0019,209,169.9337126582845,39.06628734171551
2023-09-20,S005,P0003,74,39.65912241643906,34.34087758356094
2023-09-20,S002,P0019,49,133.84753661965067,-84.84753661965067
2023-09-20,S005,P0017,99,215.47526726337622,-116.47526726337622
2023-09-20,S002,P0003,28,222.53916364009098,-194.53916364009098
2023-09-20,S005,P0009,97,99.9312212585861,-2.931221258586106
2023-09-20,S003,P0011,148,150.964357849873,-2.9643578498730108
2023-09-20,S002,P0014,175,229.54562668231586,-54.545626682315856
2023-09-20,S004,P0017,175,95.60923565771196,79.39076434228804
2023-09-20,S001,P0008,46,214.85982143913037,-168.85982143913037
2023-09-20,S005,P0008,47,225.3612222106405,-178.3612222106405
2023-09-20,S004,P0015,83,190.03961160590194,-107.03961160590194
2023-09-20,S001,P0003,63,212.01507238404287,-149.01507238404287
2023-09-20,S004,P0007,167,94.54399383633665,72.45600616366335
2023-09-20,S001,P0017,75,170.70313213193742,-95.70313213193742
2023-09-20,S004,P0005,149,159.11289838786524,-10.112898387865243
2023-09-20,S004,P0013,34,35.42700167088145,-1.4270016708814524
2023-09-20,S003,P0006,18,234.0202908403723,-216.0202908403723
2023-09-20,S004,P0014,253,233.70430743482876,19.295692565171237
2023-09-20,S005,P0004,191,113.56368580170005,77.43631419829995
2023-09-20,S003,P0017,151,223.04450074326985,-72.04450074326985
2023-09-20,S002,P0016,8,82.15655010777249,-74.15655010777249
2023-09-20,S003,P0003,91,58.551578641693084,32.448421358306916
2023-09-20,S005,P0010,134,138.52737030296902,-4.527370302969018
2023-09-20,S003,P0008,107,218.66270972764164,-111.66270972764164
2023-09-20,S001,P0007,64,31.291961590895937,32.70803840910406
2023-09-20,S003,P0009,24,32.52519776057875,-8.525197760578749
2023-09-20,S003,P0002,168,84.38821395364391,83.61178604635609
2023-09-20,S004,P0020,150,174.09263021497316,-24.092630214973155
2023-09-20,S003,P0001,69,46.08202351518787,22.91797648481213
2023-09-20,S002,P0012,46,62.194899249178775,-16.194899249178775
2023-09-20,S005,P0018,389,202.79199328556166,186.20800671443834
2023-09-20,S002,P0018,190,127.54749299022836,62.45250700977164
2023-09-20,S004,P0008,218,117.12637739063604,100.87362260936396
2023-09-20,S003,P0015,66,35.15128595196296,30.84871404803704
2023-09-20,S003,P0005,215,128.2675950003885,86.7324049996115
2023-09-20,S001,P0010,122,249.4633449413903,-127.46334494139029
2023-09-20,S004,P0016,125,89.55262832480912,35.44737167519088
2023-09-20,S004,P0003,71,238.45677653409535,-167.45677653409535
2023-09-20,S005,P0006,151,150.38135854350696,0.6186414564930374
2023-09-20,S002,P0007,63,206.9324491307488,-143.9324491307488
2023-09-20,S003,P0018,96,60.49570449163184,35.50429550836816
2023-09-20,S002,P0009,75,82.12190735827096,-7.12190735827096
2023-09-20,S005,P0016,125,75.48617952933478,49.51382047066522
2023-09-20,S002,P0006,36,61.61486933410788,-25.61486933410788
2023-09-20,S003,P0012,174,217.341717765772,-43.34171776577199
2023-09-20,S001,P0013,401,212.7075729348125,188.2924270651875
2023-09-20,S005,P0007,39,25.17352438962837,13.82647561037163
2023-09-20,S005,P0014,94,237.809467705129,-143.809467705129
2023-09-20,S002,P0001,183,173.75728804801253,9.242711951987474
2023-09-20,S002,P0017,56,162.66989525524434,-106.66989525524434
2023-09-20,S001,P0001,104,67.7598747871707,36.2401252128293
2023-09-20,S004,P0009,92,48.39962908876663,43.60037091123337
2023-09-20,S002,P0020,26,26.369900460292,-0.3699004602920013
2023-09-20,S001,P0019,246,126.14198425739977,119.85801574260023
2023-09-20,S002,P0008,11,47.533323547654106,-36.533323547654106
2023-09-20,S004,P0011,8,158.09232045974807,-150.09232045974807
2023-09-20,S004,P0012,269,133.15139220480444,135.84860779519556
2023-09-20,S002,P0011,86,83.26645171936985,2.7335482806301457
2023-09-20,S004,P0010,308,157.87222352779662,150.12777647220338
2023-09-20,S002,P0004,7,40.973380942945084,-33.973380942945084
2023-09-20,S004,P0002,63,63.37075355680088,-0.37075355680087796
2023-09-20,S004,P0019,5,149.71044437614978,-144.71044437614978
2023-09-20,S005,P0013,152,94.41357429044734,57.58642570955266
2023-09-20,S003,P0007,89,84.57391565530133,4.4260843446986655
2023-09-20,S005,P0011,95,110.23018585065597,-15.230185850655971
2023-09-20,S004,P0004,104,85.46500114754247,18.534998852457534
2023-09-20,S001,P0011,17,134.43299715016144,-117.43299715016144
2023-09-20,S002,P0002,256,188.9580762741167,67.0419237258833
2023-09-20,S001,P0015,34,167.66115239882822,-133.66115239882822
2023-09-20,S001,P0012,55,87.49105958620908,-32.491059586209076
2023-09-21,S003,P0020,219,162.98230769496928,56.01769230503072
2023-09-21,S003,P0012,173,227.71534498105422,-54.715344981054216
2023-09-21,S001,P0018,241,181.43874385290593,59.56125614709407
2023-09-21,S004,P0017,83,217.6548204250069,-134.6548204250069
2023-09-21,S003,P0015,272,225.1253623184096,46.8746376815904
2023-09-21,S001,P0008,118,209.79856969434445,-91.79856969434445
2023-09-21,S004,P0014,36,189.31496986926442,-153.31496986926442
2023-09-21,S001,P0002,125,109.40481920659187,15.595180793408133
2023-09-21,S003,P0004,170,142.49566379487453,27.50433620512547
2023-09-21,S005,P0011,24,69.99333115306297,-45.99333115306297
2023-09-21,S004,P0010,222,120.38951098956278,101.61048901043722
2023-09-21,S005,P0001,206,246.53197239956432,-40.531972399564324
2023-09-21,S001,P0020,242,123.70941757696409,118.29058242303591
2023-09-21,S004,P0006,132,234.39525517560207,-102.39525517560207
2023-09-21,S002,P0004,126,75.32026862817185,50.679731371828154
2023-09-21,S004,P0019,73,90.31072867530298,-17.310728675302983
2023-09-21,S003,P0007,12,58.324639906898085,-46.324639906898085
2023-09-21,S004,P0004,120,71.7491702107954,48.2508297892046
2023-09-21,S002,P0002,132,92.29968994649965,39.700310053500345
2023-09-21,S004,P0020,264,195.72175626023648,68.27824373976352
2023-09-21,S004,P0013,115,134.01115578563525,-19.011155785635253
2023-09-21,S002,P0006,177,105.32126320241099,71.67873679758901
2023-09-21,S003,P0003,181,93.04840822813867,87.95159177186133
2023-09-21,S005,P0004,41,66.39655293681466,-25.396552936814658
2023-09-21,S002,P0016,181,208.83704799925658,-27.837047999256583
2023-09-21,S003,P0008,45,76.17763691331157,-31.177636913311574
2023-09-21,S005,P0016,17,53.988106973386095,-36.988106973386095
2023-09-21,S003,P0002,17,31.722126623352892,-14.722126623352892
2023-09-21,S005,P0018,221,142.04393637541602,78.95606362458398
2023-09-21,S004,P0008,54,32.281464554340744,21.718535445659256
2023-09-21,S003,P0005,203,225.71203525222967,-22.71203525222967
2023-09-21,S004,P0003,20,125.2486626403994,-105.2486626403994
2023-09-21,S005,P0006,256,247.27763436252297,8.722365637477026
2023-09-21,S004,P0012,349,202.3898697485015,146.6101302514985
2023-09-21,S005,P0014,281,182.67516318669004,98.32483681330996
2023-09-21,S001,P0012,197,153.45212567343208,43.54787432656792
2023-09-21,S005,P0013,168,244.2053952687117,-76.2053952687117
2023-09-21,S002,P0015,114,215.61092900305727,-101.61092900305727
2023-09-21,S004,P0018,14,236.84528413270357,-222.84528413270357
2023-09-21,S001,P0014,119,104.1230132428588,14.876986757141196
2023-09-21,S005,P0019,285,244.06177369991468,40.93822630008532
2023-09-21,S002,P0010,40,71.77375194455811,-31.773751944558114
2023-09-21,S003,P0013,188,105.52378640712976,82.47621359287024
2023-09-21,S003,P0019,245,190.4288395798385,54.571160420161505
2023-09-21,S001,P0006,106,93.07413999232023,12.925860007679773
2023-09-21,S005,P0017,82,90.18082756291562,-8.180827562915624
2023-09-21,S005,P0012,64,226.39187869265373,-162.39187869265373
2023-09-21,S002,P0003,420,236.39235560099513,183.60764439900487
2023-09-21,S003,P0016,32,239.4886843155316,-207.4886843155316
2023-09-21,S005,P0008,212,164.639522306826,47.360477693174005
2023-09-21,S001,P0016,215,116.65086978688316,98.34913021311684
2023-09-21,S002,P0013,47,35.12625313394625,11.87374686605375
2023-09-21,S005,P0020,269,209.02585380882266,59.97414619117734
2023-09-21,S001,P0010,58,84.29543028927793,-26.29543028927793
2023-09-21,S001,P0005,19,31.86655592309637,-12.86655592309637
2023-09-21,S004,P0007,386,206.7981001906731,179.2018998093269
2023-09-21,S004,P0005,104,68.76225076541601,35.23774923458399
2023-09-21,S002,P0014,6,27.83200536869157,-21.83200536869157
2023-09-21,S001,P0019,52,34.18041163080824,17.819588369191763
2023-09-21,S004,P0016,6,95.127245221392,-89.127245221392
2023-09-21,S002,P0020,58,216.12463182099185,-158.12463182099185
2023-09-21,S004,P0011,65,80.75833833151768,-15.758338331517677
2023-09-21,S003,P0011,332,216.00878777752615,115.99121222247385
2023-09-21,S003,P0010,14,105.98793926597335,-91.98793926597335
2023-09-21,S005,P0005,8,31.245762264004327,-23.245762264004327
2023-09-21,S004,P0002,61,134.26052512017066,-73.26052512017066
2023-09-21,S003,P0014,309,243.9132764508409,65.0867235491591
2023-09-21,S001,P0017,206,105.44334645421924,100.55665354578076
2023-09-21,S002,P0017,18,80.99994666853314,-62.99994666853314
2023-09-21,S005,P0007,130,182.0400887456983,-52.04008874569831
2023-09-21,S003,P0018,23,52.20029005476857,-29.200290054768573
2023-09-21,S005,P0010,32,132.61682206293267,-100.61682206293267
2023-09-21,S001,P0003,26,148.9297609942006,-122.92976099420059
2023-09-21,S005,P0009,371,226.2452693737784,144.7547306262216
2023-09-21,S001,P0001,309,177.64987299427287,131.35012700572713
2023-09-21,S005,P0002,80,63.956805926826064,16.043194073173936
2023-09-21,S002,P0005,11,71.44378946167205,-60.443789461672054
2023-09-21,S003,P0001,25,64.05687191681062,-39.05687191681062
2023-09-21,S004,P0001,22,40.97628689779248,-18.976286897792477
2023-09-21,S002,P0019,316,209.8154119237517,106.1845880762483
2023-09-21,S002,P0007,228,204.40864255254115,23.591357447458847
2023-09-21,S002,P0001,126,108.61135634321101,17.388643656788986
2023-09-21,S002,P0009,117,124.90712059800524,-7.9071205980052355
2023-09-21,S004,P0015,213,193.70002134654368,19.29997865345632
2023-09-21,S003,P0009,157,117.50190561334858,39.49809438665142
2023-09-21,S003,P0006,71,77.13420887245258,-6.134208872452575
2023-09-21,S002,P0011,13,32.36399560896615,-19.36399560896615
2023-09-21,S005,P0015,151,225.44759062715247,-74.44759062715247
2023-09-21,S001,P0013,124,169.99151280645532,-45.99151280645532
2023-09-21,S004,P0009,62,73.70894643331758,-11.708946433317578
2023-09-21,S001,P0011,228,127.34382229290469,100.65617770709531
2023-09-21,S002,P0012,239,191.12978498454748,47.870215015452516
2023-09-21,S005,P0003,271,160.01188085266716,110.98811914733284
2023-09-21,S002,P0018,194,100.42639267240116,93.57360732759884
2023-09-21,S003,P0017,137,79.6955933756858,57.3044066243142
2023-09-21,S001,P0004,136,150.16688769736976,-14.16688769736976
2023-09-21,S001,P0009,180,112.13756115017713,67.86243884982287
2023-09-22,S003,P0018,70,71.19967895793627,-1.1996789579362712
2023-09-22,S004,P0008,27,47.583384425445274,-20.583384425445274
2023-09-22,S004,P0003,108,239.53116941683538,-131.53116941683538
2023-09-22,S001,P0003,253,181.74728908552817,71.25271091447183
2023-09-22,S003,P0005,7,75.37786700426005,-68.37786700426005
2023-09-22,S005,P0016,28,57.72121282437263,-29.72121282437263
2023-09-22,S005,P0006,88,48.579319077049774,39.420680922950226
2023-09-22,S002,P0012,346,182.91332362476857,163.08667637523143
2023-09-22,S001,P0019,312,246.19183162207798,65.80816837792202
2023-09-22,S004,P0020,54,169.75413317109496,-115.75413317109496
2023-09-22,S005,P0018,94,74.66463525613653,19.335364743863465
2023-09-22,S003,P0016,50,41.948906648851676,8.051093351148324
2023-09-22,S005,P0008,70,97.88696921142133,-27.88696921142133
2023-09-22,S005,P0015,15,109.93235490312509,-94.93235490312509
2023-09-22,S004,P0015,208,240.32124403422887,-32.32124403422887
2023-09-22,S005,P0020,4,235.9978468733583,-231.9978468733583
2023-09-22,S001,P0011,44,82.09841068619806,-38.098410686198065
2023-09-22,S002,P0008,18,59.73588195505789,-41.73588195505789
2023-09-22,S001,P0012,65,97.09502993755717,-32.09502993755717
2023-09-22,S002,P0001,325,231.38148131369945,93.61851868630055
2023-09-22,S004,P0012,105,184.49261625205833,-79.49261625205833
2023-09-22,S002,P0004,177,148.887821305353,28.112178694647014
2023-09-22,S004,P0002,143,80.34111108376283,62.658888916237174
2023-09-22,S002,P0002,275,143.09574266596172,131.90425733403828
2023-09-22,S003,P0010,13,42.348951593805054,-29.348951593805054
2023-09-22,S005,P0007,39,104.08802925257373,-65.08802925257373
2023-09-22,S005,P0004,70,60.904199249916644,9.095800750083356
2023-09-22,S002,P0016,158,152.0064313800424,5.993568619957614
2023-09-22,S003,P0001,41,73.52258009697988,-32.52258009697988
2023-09-22,S003,P0002,24,40.893422776821865,-16.893422776821865
2023-09-22,S002,P0007,46,51.635621707387656,-5.635621707387656
2023-09-22,S003,P0009,96,202.70150412885982,-106.70150412885982
2023-09-22,S004,P0019,41,209.49231665313374,-168.49231665313374
2023-09-22,S003,P0003,126,236.18639595270542,-110.18639595270542
2023-09-22,S002,P0003,21,74.015967445858,-53.015967445857996
2023-09-22,S003,P0011,41,114.91558232692529,-73.91558232692529
2023-09-22,S003,P0019,0,123.20405185714708,-123.20405185714708
2023-09-22,S005,P0005,74,85.95408371285379,-11.954083712853787
2023-09-22,S004,P0018,313,213.0114958206791,99.9885041793209
2023-09-22,S002,P0015,13,151.9425964115419,-138.9425964115419
2023-09-22,S001,P0013,410,241.12578053531774,168.87421946468226
2023-09-22,S004,P0006,79,158.37248343619098,-79.37248343619098
2023-09-22,S001,P0010,343,202.86739862522273,140.13260137477727
2023-09-22,S003,P0014,147,144.102853019135,2.8971469808649886
2023-09-22,S001,P0009,35,40.93446403034187,-5.934464030341871
2023-09-22,S005,P0003,79,83.51122531916212,-4.511225319162122
2023-09-22,S001,P0008,255,155.90690817376196,99.09309182623804
2023-09-22,S004,P0017,82,87.63443994708103,-5.6344399470810345
2023-09-22,S001,P0018,370,243.69690472832883,126.30309527167117
2023-09-22,S004,P0010,38,92.2383115965298,-54.2383115965298
2023-09-22,S002,P0011,45,53.33349314855741,-8.333493148557409
2023-09-22,S001,P0007,214,105.75442671655316,108.24557328344684
2023-09-22,S004,P0014,268,175.8522134129886,92.14778658701141
2023-09-22,S003,P0015,374,194.37303638148853,179.62696361851147
2023-09-22,S003,P0004,129,84.76012523064526,44.23987476935474
2023-09-22,S005,P0010,67,79.52886149939428,-12.528861499394282
2023-09-22,S001,P0016,73,140.61133120412376,-67.61133120412376
2023-09-22,S003,P0006,29,47.592411715146056,-18.592411715146056
2023-09-22,S002,P0006,302,219.0962509935223,82.90374900647771
2023-09-22,S004,P0013,283,199.28727938437225,83.71272061562775
2023-09-22,S004,P0009,69,104.81743163282096,-35.817431632820956
2023-09-22,S004,P0004,86,48.0538266952571,37.9461733047429
2023-09-22,S003,P0007,188,159.81339736713323,28.186602632866766
2023-09-22,S005,P0017,103,94.68838713597006,8.31161286402994
2023-09-22,S002,P0020,268,200.20278357365567,67.79721642634433
2023-09-22,S004,P0011,247,189.50029024326682,57.49970975673318
2023-09-22,S002,P0017,25,146.62370623262746,-121.62370623262746
2023-09-22,S002,P0010,90,64.80321781234233,25.196782187657675
2023-09-22,S001,P0015,226,145.24395363588934,80.75604636411066
2023-09-22,S001,P0001,234,220.59757892612691,13.402421073873086
2023-09-22,S005,P0013,3,113.61944344109457,-110.61944344109457
2023-09-22,S004,P0005,32,248.05546451507286,-216.05546451507286
2023-09-22,S004,P0001,385,193.16593417474087,191.83406582525913
2023-09-22,S004,P0007,31,78.58182471023315,-47.58182471023315
2023-09-22,S001,P0005,443,229.76588827425553,213.23411172574447
2023-09-22,S001,P0020,325,224.4482094484061,100.55179055159391
2023-09-22,S002,P0005,34,106.94685832071195,-72.94685832071195
2023-09-22,S002,P0013,249,166.26448331229597,82.73551668770403
2023-09-22,S005,P0014,10,98.51293997261769,-88.51293997261769
2023-09-22,S001,P0006,183,105.35738733004348,77.64261266995652
2023-09-22,S003,P0008,25,67.86412092065115,-42.864120920651146
2023-09-22,S002,P0009,100,62.62186707830483,37.37813292169517
2023-09-22,S003,P0017,126,113.36029662657307,12.639703373426926
2023-09-22,S003,P0020,108,104.2941394525862,3.705860547413806
2023-09-22,S005,P0009,167,136.02025272128452,30.97974727871548
2023-09-22,S001,P0017,20,94.75893665300663,-74.75893665300663
2023-09-22,S001,P0002,105,90.01685949191119,14.983140508088809
2023-09-22,S003,P0012,29,52.095668954611654,-23.095668954611654
2023-09-22,S003,P0013,207,130.79131056269034,76.20868943730966
2023-09-22,S005,P0019,59,180.2286424597815,-121.2286424597815
2023-09-22,S001,P0014,140,140.33913311706345,-0.3391331170634544
2023-09-22,S002,P0019,70,95.0699888965155,-25.069988896515497
2023-09-22,S001,P0004,95,230.7467425854744,-135.7467425854744
2023-09-22,S004,P0016,12,176.17327806060229,-164.17327806060229
2023-09-22,S005,P0001,82,177.19971977658804,-95.19971977658804
2023-09-22,S005,P0012,17,54.57218213786666,-37.57218213786666
2023-09-22,S002,P0018,16,44.430319771549875,-28.430319771549875
2023-09-22,S002,P0014,25,32.568538279011875,-7.568538279011875
2023-09-22,S005,P0002,118,125.76270909455985,-7.7627090945598525
2023-09-22,S005,P0011,69,88.76273298759338,-19.76273298759338
2023-09-23,S005,P0013,83,92.9777605593008,-9.977760559300805
2023-09-23,S003,P0005,298,210.22056873167583,87.77943126832417
2023-09-23,S001,P0005,225,223.03362326769462,1.9663767323053776
2023-09-23,S001,P0002,39,91.04721215039058,-52.04721215039058
2023-09-23,S003,P0007,96,94.52696885442731,1.4730311455726905
2023-09-23,S004,P0002,26,115.45079570343819,-89.45079570343819
2023-09-23,S002,P0004,37,45.455970823238886,-8.455970823238886
2023-09-23,S001,P0003,43,165.24092553262483,-122.24092553262483
2023-09-23,S004,P0007,88,82.54710664495519,5.452893355044807
2023-09-23,S001,P0014,217,114.23670171520206,102.76329828479794
2023-09-23,S003,P0004,442,242.56472047983397,199.43527952016603
2023-09-23,S002,P0019,28,130.5172944422369,-102.5172944422369
2023-09-23,S003,P0018,353,221.6983010664864,131.3016989335136
2023-09-23,S004,P0018,433,242.0905761408249,190.9094238591751
2023-09-23,S004,P0012,289,241.8340567375521,47.16594326244791
2023-09-23,S004,P0003,154,76.79971876806832,77.20028123193168
2023-09-23,S001,P0020,9,24.23997455350019,-15.23997455350019
2023-09-23,S002,P0011,136,180.80313051616668,-44.803130516166675
2023-09-23,S005,P0011,40,104.85924303708413,-64.85924303708413
2023-09-23,S002,P0005,302,245.91814339862685,56.08185660137315
2023-09-23,S004,P0004,96,161.76753329736806,-65.76753329736806
2023-09-23,S002,P0001,49,52.73888332988008,-3.738883329880082
2023-09-23,S002,P0013,281,188.8153650990244,92.1846349009756
2023-09-23,S001,P0012,193,117.44207955014002,75.55792044985998
2023-09-23,S001,P0018,27,83.4755015042195,-56.475501504219494
2023-09-23,S003,P0012,145,190.7658768908595,-45.76587689085949
2023-09-23,S002,P0002,56,207.94477237281188,-151.94477237281188
2023-09-23,S005,P0019,135,71.04848733494799,63.95151266505201
2023-09-23,S003,P0001,78,201.8928756932783,-123.89287569327831
2023-09-23,S004,P0016,222,241.56007993190337,-19.560079931903374
2023-09-23,S005,P0003,415,229.5583220745537,185.4416779254463
2023-09-23,S003,P0002,65,64.2323484696903,0.7676515303097062
2023-09-23,S002,P0016,47,214.77945144276754,-167.77945144276754
2023-09-23,S001,P0015,136,235.36640301439098,-99.36640301439098
2023-09-23,S001,P0001,283,185.3615909949749,97.6384090050251
2023-09-23,S002,P0018,42,32.71790980259976,9.282090197400237
2023-09-23,S005,P0004,35,206.2768647574619,-171.2768647574619
2023-09-23,S002,P0017,315,191.4383437633619,123.5616562366381
2023-09-23,S004,P0010,82,72.15992254884009,9.840077451159914
2023-09-23,S004,P0014,199,181.39319321494503,17.60680678505497
2023-09-23,S005,P0018,84,142.24724080686343,-58.24724080686343
2023-09-23,S004,P0011,35,168.03769695068377,-133.03769695068377
2023-09-23,S002,P0007,93,51.00579117856097,41.99420882143903
2023-09-23,S002,P0020,156,125.40572175259149,30.59427824740851
2023-09-23,S004,P0020,107,113.63063256903212,-6.630632569032116
2023-09-23,S005,P0006,159,90.90094990707365,68.09905009292635
2023-09-23,S004,P0005,172,211.6180761443419,-39.6180761443419
2023-09-23,S004,P0001,156,78.9900571564936,77.0099428435064
2023-09-23,S005,P0007,143,93.29423622922371,49.70576377077629
2023-09-23,S005,P0002,67,31.83628393980058,35.16371606019942
2023-09-23,S004,P0019,6,102.24986199950933,-96.24986199950933
2023-09-23,S001,P0006,26,110.67357735674841,-84.67357735674841
2023-09-23,S003,P0010,5,106.32191745032918,-101.32191745032918
2023-09-23,S004,P0009,95,158.6733554505774,-63.67335545057739
2023-09-23,S003,P0020,70,96.67881754024523,-26.678817540245234
2023-09-23,S001,P0017,196,238.34343830353805,-42.34343830353805
2023-09-23,S005,P0014,123,91.58624231764992,31.41375768235008
2023-09-23,S003,P0016,48,94.65792993554555,-46.65792993554555
2023-09-23,S003,P0011,214,112.3852967778331,101.6147032221669
2023-09-23,S005,P0015,69,116.11017378649456,-47.110173786494556
2023-09-23,S002,P0010,122,238.64958654277802,-116.64958654277802
2023-09-23,S002,P0006,37,42.67328427903118,-5.673284279031179
2023-09-23,S003,P0019,57,53.1916657082715,3.8083342917284995
2023-09-23,S004,P0015,106,75.59571112642146,30.404288873578537
2023-09-23,S001,P0013,14,31.08787628179209,-17.08787628179209
2023-09-23,S003,P0013,32,54.631020369439,-22.631020369439
2023-09-23,S005,P0008,44,48.95532818428205,-4.9553281842820525
2023-09-23,S001,P0019,138,92.34941623964028,45.65058376035972
2023-09-23,S005,P0020,201,130.46616805678275,70.53383194321725
2023-09-23,S005,P0001,302,155.93663435680293,146.06336564319707
2023-09-23,S003,P0008,100,214.14743727131304,-114.14743727131304
2023-09-23,S001,P0016,230,181.1197721602067,48.88022783979329
2023-09-23,S005,P0016,30,29.54191103227754,0.45808896772246044
2023-09-23,S004,P0017,47,47.29775167240712,-0.29775167240711653
2023-09-23,S005,P0012,41,48.189077711020104,-7.189077711020104
2023-09-23,S002,P0003,25,63.49851898050548,-38.49851898050548
2023-09-23,S003,P0003,17,208.70631370847002,-191.70631370847002
2023-09-23,S005,P0017,129,96.11158910081133,32.88841089918867
2023-09-23,S002,P0012,176,146.7409457599427,29.25905424005731
2023-09-23,S004,P0006,120,60.20791022855252,59.79208977144748
2023-09-23,S003,P0009,82,73.3033066004806,8.696693399519404
2023-09-23,S005,P0010,45,72.45818903055869,-27.458189030558685
2023-09-23,S004,P0008,142,94.48326026682042,47.51673973317958
2023-09-23,S001,P0004,43,53.18701492470973,-10.187014924709729
2023-09-23,S002,P0008,77,64.31288961616463,12.687110383835375
2023-09-23,S001,P0008,223,167.60229682739038,55.397703172609624
2023-09-23,S001,P0011,1,156.6164862924988,-155.6164862924988
2023-09-23,S001,P0009,265,218.2895660289147,46.71043397108531
2023-09-23,S002,P0009,126,72.38898631429782,53.611013685702176
2023-09-23,S005,P0009,204,152.3983122174539,51.601687782546094
2023-09-23,S003,P0014,41,186.67186985523915,-145.67186985523915
2023-09-23,S005,P0005,137,150.80782976772178,-13.807829767721785
2023-09-23,S003,P0006,282,138.2657335193107,143.7342664806893
2023-09-23,S004,P0013,311,215.16130551382554,95.83869448617446
2023-09-23,S001,P0007,212,129.12888086928592,82.87111913071408
2023-09-23,S003,P0015,69,201.195724828035,-132.195724828035
2023-09-23,S003,P0017,107,151.00698103787488,-44.00698103787488
2023-09-23,S001,P0010,368,220.6598618849705,147.3401381150295
2023-09-23,S002,P0015,31,27.104283251358197,3.895716748641803
2023-09-24,S002,P0009,146,165.36065257980738,-19.36065257980738
2023-09-24,S003,P0009,156,101.12468209706714,54.87531790293286
2023-09-24,S001,P0017,82,151.05900990250268,-69.05900990250268
2023-09-24,S003,P0008,153,130.49444173462638,22.505558265373622
2023-09-24,S005,P0014,5,74.1117111652087,-69.1117111652087
2023-09-24,S002,P0007,228,139.66294589818295,88.33705410181705
2023-09-24,S002,P0020,415,240.16369211825986,174.83630788174014
2023-09-24,S003,P0001,10,24.745171117895154,-14.745171117895154
2023-09-24,S005,P0003,368,227.7985284921154,140.2014715078846
2023-09-24,S002,P0019,16,34.58275065855662,-18.58275065855662
2023-09-24,S003,P0002,337,201.16549433245848,135.83450566754152
2023-09-24,S001,P0004,393,195.2332643870596,197.7667356129404
2023-09-24,S002,P0018,170,162.7113941707588,7.288605829241192
2023-09-24,S001,P0015,32,34.205731796144335,-2.2057317961443346
2023-09-24,S005,P0001,236,192.70481697967068,43.29518302032932
2023-09-24,S005,P0006,40,150.06350337994945,-110.06350337994945
2023-09-24,S003,P0018,284,229.6488900760374,54.35110992396261
2023-09-24,S005,P0011,335,185.4709114668625,149.5290885331375
2023-09-24,S004,P0009,56,187.2778161589988,-131.2778161589988
2023-09-24,S004,P0003,158,170.808025525277,-12.808025525277003
2023-09-24,S004,P0013,104,125.15371209926752,-21.153712099267523
2023-09-24,S005,P0010,236,119.58209164872159,116.41790835127841
2023-09-24,S003,P0016,99,158.11819101295146,-59.118191012951456
2023-09-24,S004,P0018,109,74.46721678744774,34.53278321255226
2023-09-24,S001,P0008,6,133.2320251143667,-127.2320251143667
2023-09-24,S002,P0012,227,155.91089852842026,71.08910147157974
2023-09-24,S004,P0008,137,240.38664651752396,-103.38664651752396
2023-09-24,S004,P0006,31,52.39785622466411,-21.39785622466411
2023-09-24,S004,P0004,39,109.9593196978854,-70.9593196978854
2023-09-24,S003,P0007,216,141.25524015069277,74.74475984930723
2023-09-24,S002,P0006,87,58.615991466396224,28.384008533603776
2023-09-24,S001,P0014,17,163.29805516802992,-146.29805516802992
2023-09-24,S003,P0005,25,24.320692384519077,0.6793076154809228
2023-09-24,S001,P0018,199,129.53358593130633,69.46641406869367
2023-09-24,S005,P0018,235,133.39713748032352,101.60286251967648
2023-09-24,S001,P0003,41,162.3865161126525,-121.38651611265249
2023-09-24,S004,P0019,108,245.65257180660865,-137.65257180660865
2023-09-24,S005,P0016,11,28.07209411418296,-17.07209411418296
2023-09-24,S005,P0012,58,90.20803162784381,-32.20803162784381
2023-09-24,S003,P0003,182,217.93500897804557,-35.93500897804557
2023-09-24,S002,P0015,99,94.33271384384273,4.6672861561572745
2023-09-24,S004,P0010,80,225.43073289361217,-145.43073289361217
2023-09-24,S001,P0013,1,127.90350061192237,-126.90350061192237
2023-09-24,S002,P0017,101,97.46237806428815,3.5376219357118543
2023-09-24,S001,P0012,177,200.94771556883506,-23.947715568835065
2023-09-24,S002,P0013,45,35.47987273572045,9.520127264279552
2023-09-24,S002,P0001,57,84.94215935072515,-27.94215935072515
2023-09-24,S002,P0005,53,44.17958167267659,8.82041832732341
2023-09-24,S001,P0002,62,88.89707053637301,-26.897070536373008
2023-09-24,S001,P0020,73,92.46512480748532,-19.465124807485324
2023-09-24,S001,P0009,153,77.255785937072,75.744214062928
2023-09-24,S001,P0001,28,81.76042487206081,-53.76042487206081
2023-09-24,S002,P0004,146,110.81252512517739,35.18747487482261
2023-09-24,S003,P0004,303,182.2077370776762,120.7922629223238
2023-09-24,S004,P0002,64,100.95360456628339,-36.95360456628339
2023-09-24,S005,P0019,325,161.25740783434742,163.74259216565258
2023-09-24,S001,P0005,242,150.36181927164415,91.63818072835585
2023-09-24,S003,P0010,414,220.83323689629827,193.16676310370173
2023-09-24,S004,P0016,276,142.78965573075794,133.21034426924206
2023-09-24,S002,P0008,136,129.35557447982785,6.644425520172149
2023-09-24,S002,P0014,150,123.78002986543987,26.21997013456013
2023-09-24,S001,P0011,54,210.19636245667942,-156.19636245667942
2023-09-24,S005,P0005,174,102.37337460125872,71.62662539874128
2023-09-24,S005,P0015,92,153.99022272942017,-61.99022272942017
2023-09-24,S005,P0008,273,223.06208538854804,49.93791461145196
2023-09-24,S003,P0006,140,176.60208995939695,-36.60208995939695
2023-09-24,S003,P0011,144,220.99651874920426,-76.99651874920426
2023-09-24,S002,P0003,424,217.65826181857307,206.34173818142693
2023-09-24,S003,P0017,161,183.68481285858542,-22.684812858585417
2023-09-24,S005,P0020,98,213.18490222947815,-115.18490222947815
2023-09-24,S004,P0015,55,60.61412883854757,-5.614128838547572
2023-09-24,S005,P0009,6,127.19389560543556,-121.19389560543556
2023-09-24,S002,P0010,237,213.927549383194,23.07245061680601
2023-09-24,S001,P0007,15,108.6958854249279,-93.6958854249279
2023-09-24,S001,P0016,20,209.51138406865414,-189.51138406865414
2023-09-24,S005,P0017,231,211.95711755803706,19.042882441962945
2023-09-24,S003,P0015,118,142.07686458480623,-24.07686458480623
2023-09-24,S004,P0012,164,82.53553682505907,81.46446317494093
2023-09-24,S001,P0006,23,232.36891643137847,-209.36891643137847
2023-09-24,S004,P0007,235,180.17130803021166,54.82869196978834
2023-09-24,S004,P0005,168,229.3201428000213,-61.3201428000213
2023-09-24,S002,P0016,151,215.63723510557236,-64.63723510557236
2023-09-24,S005,P0013,252,163.07335380657491,88.92664619342509
2023-09-24,S005,P0004,448,242.9258182207156,205.0741817792844
2023-09-24,S004,P0017,248,185.20669673408236,62.79330326591764
2023-09-24,S003,P0020,42,41.58389869862543,0.41610130137456736
2023-09-24,S005,P0007,161,190.21853393358776,-29.218533933587764
2023-09-24,S004,P0014,40,133.69555047014398,-93.69555047014398
2023-09-24,S003,P0019,248,211.9570388616412,36.042961138358805
2023-09-24,S004,P0001,45,221.99766760581196,-176.99766760581196
2023-09-24,S004,P0020,308,159.75448138429317,148.24551861570683
2023-09-24,S002,P0011,370,196.105476033618,173.894523966382
2023-09-24,S005,P0002,431,225.33326236453848,205.66673763546152
2023-09-24,S002,P0002,101,82.50861049842524,18.49138950157476
2023-09-24,S003,P0013,126,99.19878109087921,26.80121890912079
2023-09-24,S003,P0012,180,182.1013166168308,-2.101316616830786
2023-09-24,S003,P0014,173,157.64123549215208,15.358764507847923
2023-09-24,S004,P0011,134,221.8132610693994,-87.8132610693994
2023-09-24,S001,P0010,20,67.34583932006603,-47.345839320066034
2023-09-25,S005,P0016,59,44.67984799885909,14.320152001140912
2023-09-25,S003,P0014,54,47.84371747206535,6.15628252793465
2023-09-25,S001,P0017,358,189.1825300922876,168.8174699077124
2023-09-25,S001,P0015,240,167.00913837870553,72.99086162129447
2023-09-25,S002,P0010,152,152.14192477638215,-0.1419247763821545
2023-09-25,S001,P0018,158,190.38783743945612,-32.38783743945612
2023-09-25,S001,P0010,127,241.8130521047393,-114.81305210473931
2023-09-25,S002,P0003,32,42.33392514569704,-10.333925145697037
2023-09-25,S003,P0003,173,182.98724967200388,-9.987249672003884
2023-09-25,S003,P0011,298,196.3082851535586,101.69171484644141
2023-09-25,S002,P0017,0,52.29660695499956,-52.29660695499956
2023-09-25,S004,P0010,64,44.60412520923552,19.39587479076448
2023-09-25,S003,P0006,5,101.25811818960858,-96.25811818960858
2023-09-25,S003,P0019,171,238.89500684206342,-67.89500684206342
2023-09-25,S005,P0005,122,77.56820546658207,44.43179453341793
2023-09-25,S002,P0018,19,111.76589576733221,-92.76589576733221
2023-09-25,S005,P0014,382,248.60989127182228,133.39010872817772
2023-09-25,S003,P0017,184,207.06076343972308,-23.060763439723075
2023-09-25,S005,P0009,87,134.77321841195095,-47.77321841195095
2023-09-25,S001,P0008,21,38.00255890071708,-17.002558900717077
2023-09-25,S004,P0013,217,151.00195072131072,65.99804927868928
2023-09-25,S001,P0016,168,119.74825997511147,48.251740024888534
2023-09-25,S005,P0018,84,182.4863099153414,-98.4863099153414
2023-09-25,S003,P0004,200,152.55010455815165,47.449895441848355
2023-09-25,S004,P0019,316,235.2268275118547,80.77317248814529
2023-09-25,S001,P0005,76,38.09644968375301,37.90355031624699
2023-09-25,S003,P0007,163,117.0657170695481,45.9342829304519
2023-09-25,S003,P0012,51,191.59107475459808,-140.59107475459808
2023-09-25,S004,P0011,22,211.11183486006354,-189.11183486006354
2023-09-25,S004,P0006,318,187.71335629230344,130.28664370769656
2023-09-25,S002,P0020,61,44.37277495018054,16.627225049819458
2023-09-25,S004,P0007,112,65.68650029424668,46.313499705753316
2023-09-25,S001,P0001,41,130.67048398565055,-89.67048398565055
2023-09-25,S005,P0011,10,75.21835551425278,-65.21835551425278
2023-09-25,S004,P0005,188,142.94779873823757,45.052201261762434
2023-09-25,S005,P0003,274,198.64642489415888,75.35357510584112
2023-09-25,S002,P0005,213,203.62077545661793,9.379224543382065
2023-09-25,S005,P0001,32,101.91162165097239,-69.91162165097239
2023-09-25,S004,P0009,198,167.8425493174305,30.157450682569504
2023-09-25,S005,P0013,240,127.90588321092252,112.09411678907748
2023-09-25,S002,P0013,100,83.78541381279882,16.214586187201178
2023-09-25,S001,P0009,53,91.03461524817646,-38.034615248176465
2023-09-25,S004,P0018,187,238.7075154772907,-51.70751547729071
2023-09-25,S001,P0013,50,126.02989945114712,-76.02989945114712
2023-09-25,S004,P0016,4,42.20651538267754,-38.20651538267754
2023-09-25,S004,P0001,165,126.78756537108222,38.21243462891778
2023-09-25,S002,P0006,96,81.24189339189502,14.758106608104981
2023-09-25,S001,P0004,82,104.90236518912616,-22.902365189126158
2023-09-25,S002,P0015,412,220.42974041082283,191.57025958917717
2023-09-25,S001,P0007,190,195.13773294885436,-5.137732948854364
2023-09-25,S003,P0018,70,126.12059954186799,-56.12059954186799
2023-09-25,S002,P0014,62,57.60174074576929,4.398259254230709
2023-09-25,S004,P0003,76,102.31046468732472,-26.310464687324725
2023-09-25,S004,P0008,39,64.02603755823264,-25.026037558232645
2023-09-25,S005,P0002,14,229.0192154155261,-215.0192154155261
2023-09-25,S001,P0012,96,80.77142424623929,15.228575753760708
2023-09-25,S002,P0009,117,61.04848775436159,55.95151224563841
2023-09-25,S003,P0015,100,66.08589742585082,33.91410257414918
2023-09-25,S003,P0005,355,213.84899153515198,141.15100846484802
2023-09-25,S002,P0001,301,151.60920899447814,149.39079100552186
2023-09-25,S001,P0002,33,69.80358707160582,-36.80358707160582
2023-09-25,S004,P0002,153,157.0194048237837,-4.019404823783702
2023-09-25,S005,P0006,251,178.03859332238574,72.96140667761426
2023-09-25,S001,P0014,30,82.99865742970366,-52.998657429703655
2023-09-25,S001,P0003,82,205.4522953494402,-123.45229534944019
2023-09-25,S002,P0004,26,92.60270743385718,-66.60270743385718
2023-09-25,S005,P0004,70,100.15021932428164,-30.150219324281636
2023-09-25,S003,P0013,22,40.09771147243214,-18.097711472432138
2023-09-25,S002,P0016,8,103.16359148220545,-95.16359148220545
2023-09-25,S003,P0020,156,92.93654093669124,63.063459063308756
2023-09-25,S003,P0001,102,209.76269840684017,-107.76269840684017
2023-09-25,S005,P0007,27,34.62619784200223,-7.626197842002227
2023-09-25,S004,P0015,24,175.22216851581487,-151.22216851581487
2023-09-25,S004,P0020,52,88.05859123593063,-36.058591235930635
2023-09-25,S003,P0002,62,75.00222427556366,-13.002224275563663
2023-09-25,S004,P0017,36,115.89913185410131,-79.89913185410131
2023-09-25,S004,P0012,43,179.57483461638452,-136.57483461638452
2023-09-25,S003,P0010,78,52.66592589622303,25.33407410377697
2023-09-25,S002,P0007,28,48.73717378880025,-20.73717378880025
2023-09-25,S005,P0019,334,204.41188442319094,129.58811557680906
2023-09-25,S002,P0002,313,248.55413131385785,64.44586868614215
2023-09-25,S005,P0020,108,87.41967196255268,20.580328037447316
2023-09-25,S001,P0011,195,102.43493988207166,92.56506011792834
2023-09-25,S002,P0008,222,177.89112790486604,44.10887209513396
2023-09-25,S003,P0016,74,130.31428182827977,-56.314281828279775
2023-09-25,S003,P0009,132,245.87720951683906,-113.87720951683906
2023-09-25,S003,P0008,49,54.773801340702505,-5.773801340702505
2023-09-25,S005,P0012,22,38.479919960761094,-16.479919960761094
2023-09-25,S005,P0017,40,44.807524658044656,-4.807524658044656
2023-09-25,S004,P0014,416,237.4167563540173,178.5832436459827
2023-09-25,S005,P0015,83,57.33061560557843,25.66938439442157
2023-09-25,S001,P0019,98,76.57214630161974,21.42785369838026
2023-09-25,S005,P0008,88,132.49861459669143,-44.498614596691425
2023-09-25,S001,P0020,33,39.3524679632485,-6.3524679632485
2023-09-25,S002,P0012,328,210.0498021674473,117.9501978325527
2023-09-25,S002,P0019,1,145.631240083811,-144.631240083811
2023-09-25,S002,P0011,47,76.48583192549557,-29.485831925495575
2023-09-25,S005,P0010,49,87.11815369232227,-38.11815369232227
2023-09-25,S001,P0006,154,180.01889592499543,-26.018895924995434
2023-09-26,S001,P0012,240,156.61920531844208,83.38079468155792
2023-09-26,S003,P0010,127,178.22684954972078,-51.22684954972078
2023-09-26,S003,P0019,282,179.1182409960037,102.88175900399631
2023-09-26,S001,P0005,108,194.26551559906363,-86.26551559906363
2023-09-26,S001,P0006,256,143.69148497960919,112.30851502039081
2023-09-26,S004,P0012,38,87.03643152316494,-49.036431523164936
2023-09-26,S003,P0004,11,99.72883203239167,-88.72883203239167
2023-09-26,S005,P0017,138,85.20268557559666,52.79731442440334
2023-09-26,S004,P0015,322,248.15290341011877,73.84709658988123
2023-09-26,S003,P0011,2,67.20653906696515,-65.20653906696515
2023-09-26,S004,P0020,201,217.2820243837587,-16.28202438375871
2023-09-26,S001,P0013,104,61.55019651343332,42.44980348656668
2023-09-26,S001,P0007,166,206.36238039926138,-40.36238039926138
2023-09-26,S005,P0013,200,131.31479741385522,68.68520258614478
2023-09-26,S002,P0009,115,116.47785048484639,-1.4778504848463854
2023-09-26,S005,P0007,138,83.16862305099858,54.831376949001424
2023-09-26,S004,P0018,136,83.45156585096436,52.54843414903564
2023-09-26,S001,P0019,307,195.80780522488726,111.19219477511274
2023-09-26,S002,P0016,27,133.82657615459203,-106.82657615459203
2023-09-26,S001,P0017,105,219.24087981667037,-114.24087981667037
2023-09-26,S005,P0020,96,130.688131109864,-34.688131109864
2023-09-26,S002,P0012,82,135.01612790234526,-53.01612790234526
2023-09-26,S001,P0009,11,135.52882950906383,-124.52882950906383
2023-09-26,S003,P0014,287,216.1936211213324,70.8063788786676
2023-09-26,S003,P0016,209,107.37987472973987,101.62012527026013
2023-09-26,S004,P0010,113,210.24537679938834,-97.24537679938834
2023-09-26,S004,P0005,7,211.56654626084213,-204.56654626084213
2023-09-26,S004,P0017,97,244.90227587923204,-147.90227587923204
2023-09-26,S004,P0014,164,122.73642250008317,41.263577499916835
2023-09-26,S004,P0011,236,143.48038891578028,92.51961108421972
2023-09-26,S005,P0002,27,61.28589005230043,-34.28589005230043
2023-09-26,S002,P0014,39,26.64712353049299,12.35287646950701
2023-09-26,S002,P0017,96,59.4758417803298,36.5241582196702
2023-09-26,S001,P0011,267,212.70340165820357,54.296598341796425
2023-09-26,S002,P0013,38,50.252860576001865,-12.252860576001865
2023-09-26,S005,P0011,316,212.04297463116325,103.95702536883675
2023-09-26,S003,P0020,52,129.96101658355457,-77.96101658355457
2023-09-26,S003,P0015,237,123.08255302946435,113.91744697053565
2023-09-26,S005,P0005,45,155.88094652821496,-110.88094652821496
2023-09-26,S005,P0008,73,78.05546916532046,-5.05546916532046
2023-09-26,S002,P0005,175,208.36050113881788,-33.36050113881788
2023-09-26,S001,P0002,112,99.84104193658777,12.158958063412229
2023-09-26,S001,P0016,88,116.62335382564606,-28.623353825646063
2023-09-26,S004,P0002,239,224.62551195200155,14.374488047998454
2023-09-26,S002,P0001,36,56.031734586233824,-20.031734586233824
2023-09-26,S002,P0002,135,73.86617161696722,61.13382838303278
2023-09-26,S001,P0001,111,98.70194560822449,12.298054391775509
2023-09-26,S005,P0015,82,75.3993994123469,6.600600587653105
2023-09-26,S004,P0007,216,228.9552480997591,-12.955248099759103
2023-09-26,S003,P0017,338,194.47857842724085,143.52142157275915
2023-09-26,S002,P0003,70,124.40567998296291,-54.40567998296291
2023-09-26,S002,P0004,39,123.44577608314302,-84.44577608314302
2023-09-26,S003,P0006,202,146.46142295236814,55.53857704763186
2023-09-26,S005,P0012,97,149.1278320440033,-52.1278320440033
2023-09-26,S005,P0019,133,180.6797855544603,-47.679785554460295
2023-09-26,S002,P0019,321,220.01500499420916,100.98499500579084
2023-09-26,S005,P0009,38,47.28807975659822,-9.288079756598222
2023-09-26,S002,P0006,157,154.47341715687656,2.5265828431234354
2023-09-26,S004,P0008,65,224.70530789703332,-159.70530789703332
2023-09-26,S004,P0016,273,142.09899691706363,130.90100308293637
2023-09-26,S001,P0003,30,48.62326641030904,-18.623266410309043
2023-09-26,S002,P0007,412,225.67304677455206,186.32695322544794
2023-09-26,S001,P0014,84,98.52843506649504,-14.528435066495035
2023-09-26,S004,P0001,313,201.7109276061525,111.2890723938475
2023-09-26,S001,P0018,408,206.16961981261448,201.83038018738552
2023-09-26,S005,P0006,102,134.10488441991305,-32.10488441991305
2023-09-26,S004,P0019,359,206.30904755696787,152.69095244303213
2023-09-26,S003,P0005,119,114.1665490291058,4.833450970894205
2023-09-26,S003,P0007,58,91.22718142288375,-33.227181422883746
2023-09-26,S002,P0011,16,150.9793304116493,-134.9793304116493
2023-09-26,S005,P0001,185,159.45139437782484,25.54860562217516
2023-09-26,S004,P0006,59,71.8285830653075,-12.828583065307498
2023-09-26,S003,P0002,124,76.59173107627771,47.40826892372229
2023-09-26,S004,P0003,84,147.95281498086956,-63.95281498086956
2023-09-26,S003,P0018,323,177.05400311732848,145.94599688267152
2023-09-26,S004,P0013,56,41.61159241691092,14.388407583089077
2023-09-26,S005,P0003,61,188.39372863986438,-127.39372863986438
2023-09-26,S005,P0010,177,208.0634401250946,-31.063440125094587
2023-09-26,S001,P0008,70,39.03879735049742,30.96120264950258
2023-09-26,S003,P0009,295,152.42705973459107,142.57294026540893
2023-09-26,S003,P0008,53,50.53292871792979,2.467071282070208
2023-09-26,S005,P0016,316,220.58856135639536,95.41143864360464
2023-09-26,S002,P0008,83,159.51674279473804,-76.51674279473804
2023-09-26,S003,P0003,271,226.35604152895013,44.64395847104987
2023-09-26,S002,P0015,161,236.12428323511892,-75.12428323511892
2023-09-26,S002,P0020,163,216.48034940670584,-53.48034940670584
2023-09-26,S001,P0004,207,120.5062070657765,86.4937929342235
2023-09-26,S004,P0009,59,63.01327733953633,-4.01327733953633
2023-09-26,S001,P0015,154,93.56974549338383,60.430254506616166
2023-09-26,S003,P0012,90,178.93912980323438,-88.93912980323438
2023-09-26,S005,P0018,262,215.3936466268771,46.606353373122886
2023-09-26,S002,P0018,204,187.88450134954667,16.115498650453333
2023-09-26,S005,P0014,160,211.63124321112372,-51.63124321112372
2023-09-26,S004,P0004,19,70.63090936588526,-51.63090936588526
2023-09-26,S005,P0004,1,105.68372277936965,-104.68372277936965
2023-09-26,S001,P0010,168,184.61896226843822,-16.618962268438224
2023-09-26,S003,P0001,214,134.70583726217114,79.29416273782886
2023-09-26,S003,P0013,34,139.00937123247706,-105.00937123247706
2023-09-27,S001,P0015,181,108.53234045675913,72.46765954324087
2023-09-27,S001,P0009,139,174.3610896197759,-35.361089619775896
2023-09-27,S005,P0002,66,40.86999809100922,25.130001908990778
2023-09-27,S001,P0020,107,58.79550223557038,48.20449776442962
2023-09-27,S005,P0011,118,128.42969671428688,-10.429696714286877
2023-09-27,S001,P0002,67,150.87954643870347,-83.87954643870347
2023-09-27,S005,P0016,210,186.53915190588378,23.460848094116216
2023-09-27,S003,P0011,44,38.851869194762116,5.148130805237884
2023-09-27,S001,P0006,219,229.1262531975579,-10.1262531975579
2023-09-27,S005,P0019,103,82.36414834070291,20.63585165929709
2023-09-27,S001,P0007,75,43.928908585574106,31.071091414425894
2023-09-27,S005,P0010,28,177.25669124443175,-149.25669124443175
2023-09-27,S005,P0003,290,219.56550194000857,70.43449805999143
2023-09-27,S005,P0020,429,236.08339751872091,192.91660248127909
2023-09-27,S003,P0001,37,35.99941065932779,1.0005893406722066
2023-09-27,S004,P0001,344,176.47981240864152,167.52018759135848
2023-09-27,S003,P0018,72,77.05664688164512,-5.056646881645122
2023-09-27,S002,P0001,72,115.1877020144662,-43.1877020144662
2023-09-27,S002,P0010,85,148.28399823195184,-63.28399823195184
2023-09-27,S003,P0006,34,222.1153134232124,-188.1153134232124
2023-09-27,S003,P0013,62,195.16185216076167,-133.16185216076167
2023-09-27,S005,P0009,146,113.55968593964963,32.440314060350374
2023-09-27,S005,P0005,65,49.19374877734805,15.806251222651952
2023-09-27,S005,P0004,36,93.75395718310705,-57.75395718310705
2023-09-27,S003,P0017,73,192.32662200168392,-119.32662200168392
2023-09-27,S002,P0015,23,29.432392125737294,-6.4323921257372945
2023-09-27,S001,P0013,82,110.83492174419416,-28.834921744194162
2023-09-27,S003,P0016,194,167.6128596389937,26.38714036100629
2023-09-27,S002,P0017,80,79.08051355538606,0.9194864446139377
2023-09-27,S002,P0020,238,118.22627524316329,119.77372475683671
2023-09-27,S004,P0018,309,210.02256472165442,98.97743527834558
2023-09-27,S004,P0014,159,200.18491814690697,-41.184918146906966
2023-09-27,S004,P0010,97,68.42652895794168,28.573471042058316
2023-09-27,S002,P0009,29,90.63407339377409,-61.63407339377409
2023-09-27,S001,P0004,125,80.71482857490065,44.28517142509935
2023-09-27,S003,P0009,3,61.4442565328261,-58.4442565328261
2023-09-27,S005,P0017,54,42.216535732180375,11.783464267819625
2023-09-27,S003,P0019,30,56.33487965770627,-26.334879657706267
2023-09-27,S003,P0003,53,38.29511591450773,14.704884085492267
2023-09-27,S005,P0008,118,144.16873273407094,-26.168732734070943
2023-09-27,S002,P0008,19,244.3207110708674,-225.3207110708674
2023-09-27,S003,P0014,328,164.08689066911802,163.91310933088198
2023-09-27,S005,P0015,24,44.96330426671193,-20.96330426671193
2023-09-27,S002,P0018,168,239.6738430269025,-71.67384302690249
2023-09-27,S003,P0008,75,90.92383411368291,-15.923834113682915
2023-09-27,S001,P0008,51,221.0568090266524,-170.0568090266524
2023-09-27,S002,P0019,447,247.3951804040439,199.6048195959561
2023-09-27,S002,P0011,52,41.02417076975644,10.975829230243562
2023-09-27,S004,P0003,35,48.968236671744364,-13.968236671744364
2023-09-27,S004,P0015,29,55.57443009798311,-26.57443009798311
2023-09-27,S005,P0014,65,50.01211915498351,14.987880845016491
2023-09-27,S002,P0006,153,138.34720489939497,14.652795100605033
2023-09-27,S002,P0003,87,110.94316248957722,-23.94316248957722
2023-09-27,S002,P0002,28,58.83094330378651,-30.830943303786512
2023-09-27,S005,P0006,73,94.37427696086286,-21.374276960862858
2023-09-27,S001,P0001,351,186.78921546983668,164.21078453016332
2023-09-27,S004,P0017,84,144.86566973403035,-60.86566973403035
2023-09-27,S005,P0001,3,90.84246971338291,-87.84246971338291
2023-09-27,S002,P0004,58,113.12202493680104,-55.12202493680104
2023-09-27,S005,P0007,227,241.9201768192184,-14.920176819218398
2023-09-27,S001,P0018,118,150.12482047455273,-32.124820474552735
2023-09-27,S004,P0011,135,128.58164751450448,6.418352485495518
2023-09-27,S004,P0019,191,174.7069904659811,16.293009534018893
2023-09-27,S001,P0014,81,42.87795128374569,38.12204871625431
2023-09-27,S003,P0010,14,59.89364605291513,-45.89364605291513
2023-09-27,S003,P0004,105,160.3676313481982,-55.36763134819819
2023-09-27,S004,P0016,136,124.19765766053519,11.802342339464815
2023-09-27,S005,P0018,209,113.61634346020702,95.38365653979298
2023-09-27,S001,P0005,264,144.41356778463006,119.58643221536994
2023-09-27,S001,P0003,336,180.29272425015733,155.70727574984267
2023-09-27,S003,P0020,14,132.22098437608685,-118.22098437608685
2023-09-27,S004,P0012,66,190.71920376795742,-124.71920376795742
2023-09-27,S003,P0002,316,213.76657452457482,102.23342547542518
2023-09-27,S002,P0007,291,197.32586582048685,93.67413417951315
2023-09-27,S004,P0020,30,82.83827946399072,-52.838279463990716
2023-09-27,S005,P0013,84,119.32631889934072,-35.32631889934072
2023-09-27,S004,P0002,27,81.4222057443182,-54.422205744318205
2023-09-27,S003,P0015,185,102.83794144542651,82.16205855457349
2023-09-27,S004,P0004,174,206.56080140313333,-32.560801403133325
2023-09-27,S001,P0017,21,25.31684487598443,-4.31684487598443
2023-09-27,S004,P0013,225,182.13149018387304,42.86850981612696
2023-09-27,S003,P0012,33,160.01268968272336,-127.01268968272336
2023-09-27,S002,P0014,66,186.21919538892928,-120.21919538892928
2023-09-27,S004,P0007,5,181.02482005300783,-176.02482005300783
2023-09-27,S004,P0005,167,105.32297218631163,61.67702781368837
2023-09-27,S001,P0012,94,73.05706742487462,20.942932575125383
2023-09-27,S004,P0006,301,159.36758081898097,141.63241918101903
2023-09-27,S001,P0011,206,111.10489632505897,94.89510367494103
2023-09-27,S004,P0008,63,89.35308083224459,-26.353080832244586
2023-09-27,S002,P0012,45,105.80084932628301,-60.800849326283014
2023-09-27,S002,P0016,33,69.9786354185685,-36.9786354185685
2023-09-27,S002,P0005,52,59.58501069175651,-7.5850106917565085
2023-09-27,S004,P0009,105,214.30617279863316,-109.30617279863316
2023-09-27,S003,P0005,373,234.7023955712861,138.2976044287139
2023-09-27,S001,P0010,90,65.05487595110799,24.945124048892012
2023-09-27,S001,P0016,203,183.23779268853178,19.762207311468217
2023-09-27,S003,P0007,93,183.88770444238833,-90.88770444238833
2023-09-27,S005,P0012,126,64.64169756789539,61.35830243210461
2023-09-28,S005,P0003,84,150.61369379984745,-66.61369379984745
2023-09-28,S004,P0017,14,54.620257801607124,-40.620257801607124
2023-09-28,S004,P0014,102,138.70334929365737,-36.70334929365737
2023-09-28,S001,P0007,16,32.82681760000378,-16.82681760000378
2023-09-28,S001,P0019,66,200.76501542767386,-134.76501542767386
2023-09-28,S003,P0004,170,197.77167894040423,-27.77167894040423
2023-09-28,S001,P0018,187,93.46619964414361,93.53380035585639
2023-09-28,S001,P0008,21,193.70096530404584,-172.70096530404584
2023-09-28,S004,P0010,230,235.40357978332491,-5.403579783324915
2023-09-28,S001,P0009,325,198.77200020406195,126.22799979593805
2023-09-28,S003,P0015,7,145.14185724586838,-138.14185724586838
2023-09-28,S001,P0010,214,185.28793839172653,28.712061608273473
2023-09-28,S003,P0006,109,103.9997480303465,5.000251969653505
2023-09-28,S005,P0011,80,99.8635444932824,-19.863544493282404
2023-09-28,S001,P0017,84,53.365773280308076,30.634226719691924
2023-09-28,S001,P0013,241,187.63857806698445,53.36142193301555
2023-09-28,S005,P0010,74,56.31191697811249,17.688083021887508
2023-09-28,S005,P0004,129,71.28608759274084,57.71391240725916
2023-09-28,S003,P0001,166,166.7069970197221,-0.7069970197221096
2023-09-28,S003,P0002,118,61.16516498193948,56.83483501806052
2023-09-28,S003,P0020,262,219.82969418073287,42.17030581926713
2023-09-28,S001,P0003,348,226.99473806338375,121.00526193661625
2023-09-28,S001,P0014,82,116.20135527305138,-34.20135527305138
2023-09-28,S005,P0006,194,205.56566373034644,-11.565663730346444
2023-09-28,S003,P0005,22,152.8674490069132,-130.8674490069132
2023-09-28,S004,P0008,22,41.913309362305824,-19.913309362305824
2023-09-28,S004,P0003,323,162.48088327482697,160.51911672517303
2023-09-28,S003,P0018,271,245.46021879011,25.53978120989001
2023-09-28,S001,P0020,152,81.11450161123702,70.88549838876298
2023-09-28,S003,P0008,23,231.09551059648265,-208.09551059648265
2023-09-28,S002,P0008,81,46.23585351059967,34.76414648940033
2023-09-28,S002,P0020,73,107.89065137316737,-34.89065137316737
2023-09-28,S002,P0015,47,63.94256671933175,-16.94256671933175
2023-09-28,S001,P0004,49,53.8915801408333,-4.891580140833298
2023-09-28,S003,P0009,137,75.13912877185214,61.86087122814786
2023-09-28,S003,P0013,28,55.88645746288631,-27.886457462886312
2023-09-28,S004,P0006,422,232.19554963732816,189.80445036267184
2023-09-28,S002,P0016,274,154.4679309074508,119.5320690925492
2023-09-28,S005,P0007,50,55.09049088477252,-5.090490884772521
2023-09-28,S003,P0016,49,212.12848793860883,-163.12848793860883
2023-09-28,S005,P0017,80,96.74258030314007,-16.742580303140073
2023-09-28,S005,P0002,20,186.85716993046617,-166.85716993046617
2023-09-28,S005,P0015,53,155.9741452350193,-102.97414523501931
2023-09-28,S005,P0008,21,109.9548400826356,-88.9548400826356
2023-09-28,S001,P0006,219,117.2078570899593,101.7921429100407
2023-09-28,S005,P0020,310,210.5214268050188,99.47857319498121
2023-09-28,S002,P0001,129,132.05654429501095,-3.0565442950109514
2023-09-28,S002,P0011,3,39.68341105835282,-36.68341105835282
2023-09-28,S002,P0019,397,238.75177895637768,158.24822104362232
2023-09-28,S004,P0002,41,27.343786751443872,13.656213248556128
2023-09-28,S001,P0012,72,183.53693528372838,-111.53693528372838
2023-09-28,S001,P0011,130,71.27689937296952,58.723100627030476
2023-09-28,S003,P0010,141,149.9622496662612,-8.962249666261187
2023-09-28,S002,P0002,126,79.56442148122193,46.43557851877807
2023-09-28,S002,P0004,81,75.40353696749179,5.596463032508211
2023-09-28,S002,P0014,136,79.83702910408084,56.16297089591916
2023-09-28,S004,P0012,140,102.46077115133193,37.539228848668074
2023-09-28,S002,P0007,67,201.12043980767737,-134.12043980767737
2023-09-28,S002,P0012,195,247.2450497261325,-52.24504972613249
2023-09-28,S001,P0002,35,141.42832081382903,-106.42832081382903
2023-09-28,S003,P0003,251,245.7227940084934,5.277205991506605
2023-09-28,S003,P0012,47,223.99132467497174,-176.99132467497174
2023-09-28,S005,P0016,42,95.3140450257693,-53.3140450257693
2023-09-28,S005,P0013,2,211.33641394338827,-209.33641394338827
2023-09-28,S001,P0005,32,64.54045081237035,-32.54045081237035
2023-09-28,S004,P0011,143,114.31664833982029,28.68335166017971
2023-09-28,S001,P0001,217,147.82435836982665,69.17564163017335
2023-09-28,S002,P0013,12,189.54351856109338,-177.54351856109338
2023-09-28,S002,P0005,26,93.95180712295695,-67.95180712295695
2023-09-28,S004,P0007,325,171.42544074099777,153.57455925900223
2023-09-28,S005,P0012,351,192.27031987031484,158.72968012968516
2023-09-28,S001,P0016,7,131.8529562297806,-124.8529562297806
2023-09-28,S002,P0003,112,95.3948160994563,16.605183900543693
2023-09-28,S002,P0010,176,122.17718889354933,53.82281110645067
2023-09-28,S003,P0011,90,135.92202900193553,-45.92202900193553
2023-09-28,S005,P0009,24,72.21684840025694,-48.216848400256936
2023-09-28,S003,P0017,76,123.30307832969993,-47.30307832969993
2023-09-28,S005,P0005,104,193.49538024351034,-89.49538024351034
2023-09-28,S003,P0019,217,204.78623383191587,12.213766168084135
2023-09-28,S002,P0009,10,161.54550293210593,-151.54550293210593
2023-09-28,S004,P0018,41,53.49890349227405,-12.498903492274053
2023-09-28,S004,P0005,47,133.9599922581654,-86.95999225816541
2023-09-28,S005,P0019,55,56.29212577377098,-1.2921257737709766
2023-09-28,S004,P0013,60,77.6385911217543,-17.638591121754303
2023-09-28,S003,P0014,18,117.12204505403685,-99.12204505403685
2023-09-28,S002,P0006,70,39.21227987593744,30.78772012406256
2023-09-28,S002,P0018,122,82.53304120283565,39.46695879716435
2023-09-28,S004,P0016,25,216.90662222484247,-191.90662222484247
2023-09-28,S001,P0015,29,247.83566135487,-218.83566135487
2023-09-28,S005,P0018,255,200.51076854895484,54.48923145104516
2023-09-28,S005,P0014,15,203.96197660085375,-188.96197660085375
2023-09-28,S005,P0001,162,197.06846885297273,-35.06846885297273
2023-09-28,S004,P0019,147,174.3187340547684,-27.318734054768413
2023-09-28,S004,P0004,71,178.75722168257562,-107.75722168257562
2023-09-28,S002,P0017,63,231.72203907532327,-168.72203907532327
2023-09-28,S003,P0007,87,149.4316449209909,-62.43164492099089
2023-09-28,S004,P0001,186,134.8148530939448,51.185146906055195
2023-09-29,S002,P0002,158,82.56181815190513,75.43818184809487
2023-09-29,S002,P0009,186,155.16705738060068,30.83294261939932
2023-09-29,S004,P0006,438,227.01144098004772,210.98855901995228
2023-09-29,S003,P0006,22,174.5576220593531,-152.5576220593531
2023-09-29,S002,P0014,101,62.3745984761091,38.6254015238909
2023-09-29,S001,P0017,54,64.4056134510243,-10.405613451024294
2023-09-29,S003,P0007,38,88.82221299608625,-50.82221299608625
2023-09-29,S004,P0015,224,131.62084581985096,92.37915418014904
2023-09-29,S004,P0016,42,28.882114936393293,13.117885063606707
2023-09-29,S001,P0016,82,191.03294456832202,-109.03294456832202
2023-09-29,S004,P0007,127,204.26828898846674,-77.26828898846674
2023-09-29,S001,P0006,365,209.88235400562735,155.11764599437265
2023-09-29,S003,P0005,34,46.51209457454752,-12.512094574547518
2023-09-29,S001,P0010,369,207.93553782464295,161.06446217535705
2023-09-29,S005,P0007,403,207.67332364710694,195.32667635289306
2023-09-29,S005,P0018,0,235.24568306751024,-235.24568306751024
2023-09-29,S003,P0013,49,63.34266921913894,-14.34266921913894
2023-09-29,S005,P0010,78,153.73817541989996,-75.73817541989996
2023-09-29,S003,P0014,169,136.90523685317214,32.09476314682786
2023-09-29,S004,P0005,232,127.21574308016591,104.78425691983409
2023-09-29,S004,P0017,97,71.55993848972457,25.440061510275427
2023-09-29,S005,P0016,47,98.52914315121666,-51.52914315121666
2023-09-29,S002,P0004,92,151.37396396711034,-59.37396396711034
2023-09-29,S002,P0006,195,226.23518797262653,-31.235187972626534
2023-09-29,S003,P0020,246,164.16718439350421,81.83281560649579
2023-09-29,S005,P0014,140,87.7660157114683,52.2339842885317
2023-09-29,S004,P0004,133,228.7642924357379,-95.7642924357379
2023-09-29,S004,P0020,142,114.09882459943805,27.901175400561954
2023-09-29,S005,P0019,235,202.57695283877945,32.42304716122055
2023-09-29,S004,P0012,97,137.04347729381834,-40.04347729381834
2023-09-29,S005,P0015,406,242.41901928612515,163.58098071387485
2023-09-29,S005,P0013,280,229.74479126866277,50.255208731337234
2023-09-29,S005,P0020,321,228.100387437751,92.89961256224899
2023-09-29,S001,P0020,173,125.58910961205765,47.410890387942345
2023-09-29,S001,P0013,147,137.78872275166526,9.211277248334738
2023-09-29,S003,P0008,32,79.55944324093105,-47.559443240931046
2023-09-29,S002,P0018,257,236.81440158922538,20.185598410774617
2023-09-29,S005,P0003,300,196.21013770582238,103.78986229417762
2023-09-29,S001,P0005,34,83.09623964347747,-49.096239643477475
2023-09-29,S005,P0017,154,94.67925792200339,59.32074207799661
2023-09-29,S003,P0018,353,203.95584674065742,149.04415325934258
2023-09-29,S001,P0001,279,192.8346935565677,86.16530644343231
2023-09-29,S002,P0013,402,234.6808756691127,167.3191243308873
2023-09-29,S002,P0001,42,26.474368246011068,15.525631753988932
2023-09-29,S005,P0004,364,191.7974382200042,172.2025617799958
2023-09-29,S001,P0012,218,120.30352236235478,97.69647763764522
2023-09-29,S002,P0016,21,42.031729660601684,-21.031729660601684
2023-09-29,S002,P0008,214,149.55702814733456,64.44297185266544
2023-09-29,S004,P0002,28,64.55414725110552,-36.55414725110552
2023-09-29,S003,P0010,24,48.1471349675997,-24.147134967599698
2023-09-29,S003,P0003,153,76.66789624572897,76.33210375427103
2023-09-29,S003,P0011,236,201.2912511636278,34.708748836372195
2023-09-29,S002,P0011,35,40.73815729289771,-5.738157292897711
2023-09-29,S001,P0002,87,57.21711496968754,29.782885030312457
2023-09-29,S004,P0003,185,145.62179561650277,39.378204383497234
2023-09-29,S004,P0008,6,78.61330786084636,-72.61330786084636
2023-09-29,S005,P0012,77,44.22892714747485,32.77107285252515
2023-09-29,S001,P0019,23,98.7434901052352,-75.7434901052352
2023-09-29,S004,P0013,24,231.92550577229912,-207.92550577229912
2023-09-29,S002,P0019,315,159.56428073401923,155.43571926598077
2023-09-29,S002,P0012,92,89.99827867384533,2.001721326154666
2023-09-29,S005,P0006,416,237.04768978303792,178.95231021696208
2023-09-29,S005,P0005,144,169.46325571705717,-25.463255717057166
2023-09-29,S004,P0019,127,153.30762653561004,-26.30762653561004
2023-09-29,S001,P0015,85,48.56046245532349,36.43953754467651
2023-09-29,S003,P0002,340,173.7679972019804,166.2320027980196
2023-09-29,S002,P0005,219,136.81281912318553,82.18718087681447
2023-09-29,S002,P0007,176,234.61965612850918,-58.61965612850918
2023-09-29,S003,P0016,95,100.84318872251458,-5.843188722514583
2023-09-29,S003,P0001,104,154.46549734368688,-50.46549734368688
2023-09-29,S005,P0001,101,65.37687645847132,35.623123541528685
2023-09-29,S001,P0014,18,145.78332480164642,-127.78332480164642
2023-09-29,S002,P0015,120,85.37191413512187,34.62808586487813
2023-09-29,S004,P0010,31,152.95963973916656,-121.95963973916656
2023-09-29,S001,P0003,164,170.85767983516416,-6.857679835164163
2023-09-29,S001,P0009,32,180.89051120834955,-148.89051120834955
2023-09-29,S004,P0018,245,183.6829288454407,61.3170711545593
2023-09-29,S003,P0004,27,42.838363218365146,-15.838363218365146
2023-09-29,S004,P0001,10,57.366857401830316,-47.366857401830316
2023-09-29,S004,P0009,338,196.65129630564473,141.34870369435527
2023-09-29,S002,P0017,292,219.2244075319959,72.7755924680041
2023-09-29,S001,P0018,36,117.86255079292039,-81.86255079292039
2023-09-29,S001,P0008,70,160.11887104057973,-90.11887104057973
2023-09-29,S003,P0012,111,76.1089592620138,34.8910407379862
2023-09-29,S005,P0011,287,221.58828657331833,65.41171342668167
2023-09-29,S003,P0015,70,66.95583193092637,3.044168069073635
2023-09-29,S004,P0014,87,85.16604955665815,1.8339504433418483
2023-09-29,S003,P0017,211,108.50450222734611,102.49549777265389
2023-09-29,S001,P0007,382,221.47448751821258,160.52551248178742
2023-09-29,S005,P0009,163,154.0471855111304,8.952814488869592
2023-09-29,S002,P0010,15,38.99425800341737,-23.99425800341737
2023-09-29,S001,P0004,311,238.63510424538765,72.36489575461235
2023-09-29,S001,P0011,384,208.20306892011848,175.79693107988152
2023-09-29,S005,P0002,7,212.34884461499837,-205.34884461499837
2023-09-29,S005,P0008,1,38.38890650247879,-37.38890650247879
2023-09-29,S003,P0009,37,125.93190521044505,-88.93190521044505
2023-09-29,S004,P0011,0,92.50276383157785,-92.50276383157785
2023-09-29,S003,P0019,105,57.857199074349126,47.142800925650874
2023-09-29,S002,P0020,139,204.2573832586844,-65.2573832586844
2023-09-29,S002,P0003,283,220.2185752886196,62.781424711380396
2023-09-30,S005,P0015,14,28.0552478913462,-14.055247891346198
2023-09-30,S005,P0005,233,123.78464177141979,109.21535822858021
2023-09-30,S002,P0019,40,112.62384985642865,-72.62384985642865
2023-09-30,S003,P0012,31,25.006729426288416,5.993270573711584
2023-09-30,S004,P0008,334,227.95314816090587,106.04685183909413
2023-09-30,S003,P0017,40,47.6432207591788,-7.643220759178803
2023-09-30,S005,P0017,6,203.28310729598354,-197.28310729598354
2023-09-30,S005,P0011,118,76.41721223431159,41.58278776568841
2023-09-30,S004,P0003,41,143.16208763348078,-102.16208763348078
2023-09-30,S002,P0002,146,173.83753293768535,-27.837532937685353
2023-09-30,S005,P0008,48,134.0646967489816,-86.06469674898159
2023-09-30,S004,P0002,226,130.53799052042336,95.46200947957664
2023-09-30,S001,P0007,23,67.38525406085324,-44.38525406085324
2023-09-30,S003,P0010,89,112.12732915297909,-23.127329152979087
2023-09-30,S005,P0009,285,168.71269367736585,116.28730632263415
2023-09-30,S003,P0016,66,34.07609300433364,31.923906995666357
2023-09-30,S005,P0006,301,154.19228555382756,146.80771444617244
2023-09-30,S003,P0005,142,96.4038675612872,45.5961324387128
2023-09-30,S005,P0003,174,125.29453543721888,48.70546456278112
2023-09-30,S002,P0004,68,67.78687740895413,0.21312259104587383
2023-09-30,S001,P0004,309,200.85500190816833,108.14499809183167
2023-09-30,S001,P0014,290,227.7844970793126,62.21550292068741
2023-09-30,S004,P0012,326,205.32897610381366,120.67102389618634
2023-09-30,S003,P0006,15,97.29648173103652,-82.29648173103652
2023-09-30,S002,P0014,157,237.8427507585485,-80.8427507585485
2023-09-30,S002,P0001,109,160.83627950534196,-51.83627950534196
2023-09-30,S004,P0020,73,61.75284413346327,11.24715586653673
2023-09-30,S003,P0020,79,228.15320752568937,-149.15320752568937
2023-09-30,S001,P0006,45,71.52150863843292,-26.52150863843292
2023-09-30,S004,P0015,91,70.34512643776804,20.654873562231955
2023-09-30,S001,P0013,32,88.87756635365702,-56.877566353657016
2023-09-30,S005,P0012,145,230.73625539678835,-85.73625539678835
2023-09-30,S005,P0020,241,170.4488440298527,70.5511559701473
2023-09-30,S002,P0016,66,191.34830867279283,-125.34830867279283
2023-09-30,S002,P0009,301,186.55323873737166,114.44676126262834
2023-09-30,S004,P0016,76,139.59400459953594,-63.594004599535936
2023-09-30,S005,P0001,153,233.1315414474205,-80.13154144742049
2023-09-30,S003,P0002,20,101.1528050695623,-81.1528050695623
2023-09-30,S005,P0002,112,178.67831077038443,-66.67831077038443
2023-09-30,S001,P0009,32,131.2615464475045,-99.26154644750449
2023-09-30,S004,P0011,153,107.44610590054566,45.55389409945434
2023-09-30,S001,P0017,49,59.04635028600086,-10.046350286000859
2023-09-30,S002,P0007,10,91.72423511888144,-81.72423511888144
2023-09-30,S002,P0008,22,48.6578037193442,-26.6578037193442
2023-09-30,S003,P0009,97,137.13914199370282,-40.13914199370282
2023-09-30,S002,P0020,55,220.4541717587132,-165.4541717587132
2023-09-30,S003,P0019,230,208.1942520378961,21.805747962103908
2023-09-30,S004,P0009,44,145.69542447932025,-101.69542447932025
2023-09-30,S004,P0007,51,42.91061305185252,8.089386948147478
2023-09-30,S003,P0018,35,31.341237910139853,3.658762089860147
2023-09-30,S001,P0016,83,148.40404888979344,-65.40404888979344
2023-09-30,S002,P0013,100,134.83326836548196,-34.833268365481956
2023-09-30,S002,P0018,133,154.21606276536528,-21.21606276536528
2023-09-30,S003,P0008,33,69.7109377181261,-36.710937718126104
2023-09-30,S005,P0018,41,226.67138157034202,-185.67138157034202
2023-09-30,S003,P0001,150,118.82219383525438,31.17780616474562
2023-09-30,S001,P0020,262,137.3098634847018,124.6901365152982
2023-09-30,S005,P0010,163,168.328491007249,-5.328491007248999
2023-09-30,S001,P0001,64,169.0207075881965,-105.0207075881965
2023-09-30,S004,P0006,187,206.28862532120468,-19.288625321204677
2023-09-30,S002,P0003,8,124.45823422561472,-116.45823422561472
2023-09-30,S002,P0010,88,56.70563867809096,31.294361321909037
2023-09-30,S001,P0010,90,165.843870350106,-75.84387035010599
2023-09-30,S004,P0017,327,217.65424660383712,109.34575339616288
2023-09-30,S004,P0014,333,205.15018887938385,127.84981112061615
2023-09-30,S003,P0015,0,71.48628877980451,-71.48628877980451
2023-09-30,S003,P0014,257,219.4341122947494,37.56588770525059
2023-09-30,S002,P0006,103,88.25874407930877,14.74125592069123
2023-09-30,S002,P0017,294,205.83931285500444,88.16068714499556
2023-09-30,S001,P0008,320,246.22637343436895,73.77362656563105
2023-09-30,S001,P0003,463,241.97631300218484,221.02368699781516
2023-09-30,S003,P0004,256,161.91482155862138,94.08517844137862
2023-09-30,S004,P0018,252,243.65230586078548,8.347694139214525
2023-09-30,S004,P0001,79,239.33289663257324,-160.33289663257324
2023-09-30,S002,P0015,150,138.12500724574073,11.874992754259267
2023-09-30,S004,P0010,105,78.22140733807186,26.778592661928144
2023-09-30,S001,P0018,76,134.3854168282881,-58.3854168282881
2023-09-30,S005,P0013,179,103.7917846906173,75.2082153093827
2023-09-30,S001,P0005,48,48.16304721488751,-0.16304721488751284
2023-09-30,S001,P0019,376,224.5729614804987,151.4270385195013
2023-09-30,S001,P0012,106,81.17034652639887,24.829653473601127
2023-09-30,S002,P0012,179,98.50039675856408,80.49960324143592
2023-09-30,S004,P0013,171,191.51196054211562,-20.511960542115617
2023-09-30,S005,P0007,195,125.41112036303116,69.58887963696884
2023-09-30,S002,P0011,62,217.4688588518104,-155.4688588518104
2023-09-30,S004,P0019,40,150.6395176818541,-110.6395176818541
2023-09-30,S001,P0015,284,237.98734026337127,46.012659736628734
2023-09-30,S003,P0007,313,174.7906281063353,138.2093718936647
2023-09-30,S003,P0011,102,157.54538166734102,-55.54538166734102
2023-09-30,S005,P0014,31,59.17849376245778,-28.178493762457776
2023-09-30,S004,P0004,243,124.27644542641616,118.72355457358384
2023-09-30,S005,P0004,172,115.76466387218198,56.235336127818016
2023-09-30,S002,P0005,121,75.91004497674635,45.08995502325365
2023-09-30,S005,P0019,401,205.6667409701567,195.3332590298433
2023-09-30,S003,P0013,182,189.5446274440922,-7.544627444092214
2023-09-30,S001,P0002,224,202.62024963498766,21.37975036501234
2023-09-30,S003,P0003,7,214.70956754061513,-207.70956754061513
2023-09-30,S001,P0011,155,83.62620141591304,71.37379858408696
2023-09-30,S004,P0005,143,120.16416337800746,22.83583662199254
2023-09-30,S005,P0016,302,221.4487382299519,80.55126177004809
2023-10-01,S002,P0005,208,116.73507445238846,91.26492554761154
2023-10-01,S003,P0006,12,111.17147685903149,-99.17147685903149
2023-10-01,S001,P0019,319,176.2976263790975,142.7023736209025
2023-10-01,S002,P0007,68,118.70869861507651,-50.708698615076514
2023-10-01,S003,P0014,199,236.59775680923258,-37.59775680923258
2023-10-01,S001,P0011,275,190.36077484789973,84.63922515210027
2023-10-01,S002,P0006,199,242.49508086856088,-43.495080868560876
2023-10-01,S005,P0003,171,103.0340023553797,67.9659976446203
2023-10-01,S003,P0017,75,46.86425278878471,28.13574721121529
2023-10-01,S005,P0005,156,134.2369712749835,21.76302872501651
2023-10-01,S001,P0009,310,154.06479738006908,155.93520261993092
2023-10-01,S004,P0006,58,96.70563590944693,-38.705635909446926
2023-10-01,S002,P0012,230,188.8102652941032,41.1897347058968
2023-10-01,S005,P0015,87,124.5276848769563,-37.5276848769563
2023-10-01,S005,P0010,307,180.0657407956062,126.93425920439381
2023-10-01,S001,P0013,86,68.86959015458575,17.13040984541425
2023-10-01,S003,P0011,164,113.17017117834945,50.82982882165055
2023-10-01,S002,P0001,212,198.4935438904845,13.506456109515511
2023-10-01,S003,P0013,29,222.32227406243794,-193.32227406243794
2023-10-01,S003,P0001,25,74.13128697887254,-49.13128697887254
2023-10-01,S001,P0017,258,191.82353645717905,66.17646354282095
2023-10-01,S003,P0018,128,95.03935886481469,32.96064113518531
2023-10-01,S002,P0020,399,220.7287603096583,178.2712396903417
2023-10-01,S005,P0002,7,130.3882206250072,-123.3882206250072
2023-10-01,S003,P0009,113,111.67009244167639,1.3299075583236117
2023-10-01,S005,P0007,64,85.6995358886926,-21.699535888692594
2023-10-01,S002,P0017,33,240.45020916600964,-207.45020916600964
2023-10-01,S004,P0009,58,50.37153779384545,7.628462206154552
2023-10-01,S001,P0004,83,124.74260836709425,-41.74260836709425
2023-10-01,S004,P0001,132,140.93785974335333,-8.937859743353329
2023-10-01,S004,P0015,127,220.57431598108053,-93.57431598108053
2023-10-01,S004,P0002,189,150.21828131608282,38.78171868391718
2023-10-01,S005,P0009,55,207.0690674030675,-152.0690674030675
2023-10-01,S001,P0007,19,143.13314432243595,-124.13314432243595
2023-10-01,S003,P0008,118,59.80380999289832,58.19619000710168
2023-10-01,S002,P0008,160,162.2677252009779,-2.2677252009779068
2023-10-01,S002,P0015,112,63.590353040589775,48.409646959410225
2023-10-01,S003,P0003,51,153.86110729608822,-102.86110729608822
2023-10-01,S002,P0010,26,35.790783927635175,-9.790783927635175
2023-10-01,S001,P0002,303,220.83697115038615,82.16302884961385
2023-10-01,S005,P0016,11,28.758372474182465,-17.758372474182465
2023-10-01,S002,P0011,279,144.2198862818977,134.7801137181023
2023-10-01,S004,P0013,66,34.52841463286933,31.471585367130672
2023-10-01,S005,P0011,150,244.15200326434416,-94.15200326434416
2023-10-01,S001,P0012,363,199.9823053731099,163.0176946268901
2023-10-01,S002,P0009,170,135.9865248043934,34.01347519560659
2023-10-01,S005,P0014,192,99.38727262795766,92.61272737204234
2023-10-01,S002,P0003,175,127.83902370523151,47.16097629476849
2023-10-01,S004,P0019,280,238.2330391081847,41.7669608918153
2023-10-01,S001,P0015,79,232.21284910019853,-153.21284910019853
2023-10-01,S003,P0007,236,196.46207164817338,39.53792835182662
2023-10-01,S002,P0018,35,64.22624107482415,-29.226241074824145
2023-10-01,S002,P0013,152,105.84384637829294,46.15615362170706
2023-10-01,S001,P0001,20,33.28900732783529,-13.289007327835293
2023-10-01,S005,P0018,50,95.38305063805001,-45.38305063805001
2023-10-01,S001,P0005,29,65.0564820503227,-36.0564820503227
2023-10-01,S001,P0020,24,27.469022701368544,-3.4690227013685444
2023-10-01,S004,P0007,35,36.58626805288975,-1.58626805288975
2023-10-01,S003,P0019,27,44.09600103353904,-17.09600103353904
2023-10-01,S005,P0019,45,136.92272346246256,-91.92272346246256
2023-10-01,S004,P0010,61,190.20106899904061,-129.20106899904061
2023-10-01,S004,P0005,51,73.49638599947531,-22.496385999475308
2023-10-01,S001,P0016,239,199.5962457399766,39.40375426002339
2023-10-01,S005,P0004,200,236.3144231469169,-36.31442314691691
2023-10-01,S004,P0004,183,93.7133560994144,89.2866439005856
2023-10-01,S005,P0013,128,93.61472716661876,34.38527283338124
2023-10-01,S004,P0003,67,179.86536212112458,-112.86536212112458
2023-10-01,S003,P0010,66,39.60272547437438,26.39727452562562
2023-10-01,S004,P0008,48,66.29222187170961,-18.292221871709614
2023-10-01,S004,P0014,5,215.3524614767266,-210.3524614767266
2023-10-01,S003,P0012,94,191.5973943313308,-97.5973943313308
2023-10-01,S005,P0001,45,74.34218803080478,-29.342188030804778
2023-10-01,S004,P0017,294,195.08956809930459,98.91043190069541
2023-10-01,S003,P0015,211,187.9143121482365,23.08568785176351
2023-10-01,S004,P0016,129,168.10383264432323,-39.103832644323234
2023-10-01,S001,P0014,27,134.25192077973725,-107.25192077973725
2023-10-01,S004,P0011,27,245.40270444578277,-218.40270444578277
2023-10-01,S005,P0008,282,245.73670976781466,36.26329023218534
2023-10-01,S001,P0008,362,223.8994741959787,138.1005258040213
2023-10-01,S005,P0012,237,208.17759138810538,28.822408611894616
2023-10-01,S002,P0002,86,65.19375418601902,20.80624581398098
2023-10-01,S003,P0016,334,183.18445144982377,150.81554855017623
2023-10-01,S004,P0018,206,137.23686464614042,68.76313535385958
2023-10-01,S001,P0018,190,172.34073258937252,17.65926741062748
2023-10-01,S005,P0017,90,46.97801884067508,43.02198115932492
2023-10-01,S003,P0020,218,209.96975416918167,8.03024583081833
2023-10-01,S001,P0006,229,193.22488547708843,35.775114522911565
2023-10-01,S002,P0004,53,50.33135211760106,2.6686478823989432
2023-10-01,S001,P0010,213,137.93431397276305,75.06568602723695
2023-10-01,S004,P0012,377,192.15483735483355,184.84516264516645
2023-10-01,S001,P0003,66,161.07708549255233,-95.07708549255233
2023-10-01,S002,P0019,86,210.64726890861618,-124.64726890861618
2023-10-01,S002,P0014,5,152.7023911102894,-147.7023911102894
2023-10-01,S005,P0006,325,245.33936765822637,79.66063234177363
2023-10-01,S005,P0020,60,59.25488700869039,0.7451129913096111
2023-10-01,S004,P0020,479,249.7340478114657,229.2659521885343
2023-10-01,S002,P0016,93,196.637132136917,-103.63713213691699
2023-10-01,S003,P0002,126,177.0814187732111,-51.08141877321111
2023-10-01,S003,P0004,55,74.54506913814066,-19.54506913814066
2023-10-01,S003,P0005,122,230.3090923821128,-108.3090923821128
2023-10-02,S003,P0019,59,85.71396659635707,-26.713966596357068
2023-10-02,S004,P0010,103,239.04976870944364,-136.04976870944364
2023-10-02,S001,P0003,33,177.7806932997177,-144.7806932997177
2023-10-02,S002,P0018,65,71.10557855005987,-6.1055785500598745
2023-10-02,S001,P0012,61,54.03676357097493,6.9632364290250734
2023-10-02,S001,P0020,171,121.89383998737628,49.10616001262372
2023-10-02,S001,P0007,35,49.922210739259924,-14.922210739259924
2023-10-02,S001,P0009,46,107.91485782546812,-61.91485782546812
2023-10-02,S005,P0003,233,186.71008597898725,46.28991402101275
2023-10-02,S004,P0011,128,71.53690267348514,56.463097326514855
2023-10-02,S005,P0012,329,232.96650154494807,96.03349845505193
2023-10-02,S003,P0020,60,229.52237880840318,-169.52237880840318
2023-10-02,S001,P0013,9,52.292691448330686,-43.292691448330686
2023-10-02,S002,P0017,71,52.50233290503354,18.49766709496646
2023-10-02,S002,P0019,133,70.56498491090798,62.43501508909202
2023-10-02,S003,P0010,389,216.87272047719102,172.12727952280898
2023-10-02,S002,P0005,53,75.27056284330263,-22.270562843302628
2023-10-02,S002,P0009,27,106.87615650928637,-79.87615650928637
2023-10-02,S005,P0004,44,202.3527058233754,-158.3527058233754
2023-10-02,S003,P0011,62,41.58869642855035,20.41130357144965
2023-10-02,S004,P0009,230,150.73179694757238,79.26820305242762
2023-10-02,S002,P0011,21,72.00750651019098,-51.00750651019098
2023-10-02,S005,P0005,189,95.48355470889311,93.51644529110689
2023-10-02,S002,P0014,257,147.0044800332384,109.9955199667616
2023-10-02,S001,P0010,21,124.70373516402981,-103.70373516402981
2023-10-02,S003,P0006,35,236.05491208213198,-201.05491208213198
2023-10-02,S004,P0013,39,47.318236307480674,-8.318236307480674
2023-10-02,S001,P0002,296,240.57878620860754,55.42121379139246
2023-10-02,S005,P0016,89,250.87003609248603,-161.87003609248603
2023-10-02,S003,P0003,155,237.72720552329372,-82.72720552329372
2023-10-02,S002,P0008,21,47.19824322768727,-26.19824322768727
2023-10-02,S003,P0008,270,154.38245955302955,115.61754044697045
2023-10-02,S004,P0003,236,201.57200022460813,34.42799977539187
2023-10-02,S004,P0008,116,90.18128111916894,25.818718880831057
2023-10-02,S005,P0014,38,35.31792449672082,2.6820755032791794
2023-10-02,S005,P0006,86,110.36934765335025,-24.369347653350246
2023-10-02,S002,P0016,49,35.47875047811982,13.52124952188018
2023-10-02,S004,P0020,221,143.25955227716742,77.74044772283258
2023-10-02,S004,P0012,132,104.02008790178496,27.97991209821504
2023-10-02,S003,P0014,45,222.4987878767788,-177.4987878767788
2023-10-02,S002,P0004,162,217.45432098863398,-55.45432098863398
2023-10-02,S005,P0020,87,87.02444142439072,-0.024441424390715838
2023-10-02,S005,P0017,38,47.18943525049991,-9.189435250499912
2023-10-02,S003,P0016,268,150.36589998641773,117.63410001358227
2023-10-02,S003,P0005,169,233.8689167493161,-64.8689167493161
2023-10-02,S002,P0002,29,31.188185634734225,-2.188185634734225
2023-10-02,S004,P0019,423,232.1991308804628,190.8008691195372
2023-10-02,S001,P0015,281,229.1215102526836,51.878489747316394
2023-10-02,S004,P0017,359,239.11635103827052,119.88364896172948
2023-10-02,S003,P0015,87,54.65971288197278,32.34028711802722
2023-10-02,S001,P0018,298,151.14194225095036,146.85805774904964
2023-10-02,S003,P0004,50,32.02744723752261,17.97255276247739
2023-10-02,S004,P0018,9,50.5636995466474,-41.5636995466474
2023-10-02,S002,P0015,76,64.00668185388741,11.993318146112586
2023-10-02,S001,P0016,195,189.2020225498677,5.797977450132294
2023-10-02,S002,P0003,35,45.44642859919338,-10.446428599193382
2023-10-02,S003,P0007,166,208.11476253881057,-42.11476253881057
2023-10-02,S002,P0010,453,231.0805848018016,221.9194151981984
2023-10-02,S002,P0013,25,47.1711674732872,-22.1711674732872
2023-10-02,S001,P0001,38,189.77108545787138,-151.77108545787138
2023-10-02,S005,P0018,280,247.2006672311627,32.7993327688373
2023-10-02,S001,P0005,75,147.48693775912955,-72.48693775912955
2023-10-02,S005,P0019,125,204.03498926182073,-79.03498926182073
2023-10-02,S005,P0013,167,172.0774831191943,-5.077483119194312
2023-10-02,S004,P0005,325,172.47317570082066,152.52682429917934
2023-10-02,S004,P0004,348,195.98697300659353,152.01302699340647
2023-10-02,S004,P0007,3,160.88710338754657,-157.88710338754657
2023-10-02,S005,P0008,181,236.22420331988747,-55.224203319887465
2023-10-02,S001,P0006,298,177.6755704268415,120.32442957315851
2023-10-02,S005,P0010,13,50.842677740128295,-37.842677740128295
2023-10-02,S003,P0001,182,146.7164331961406,35.2835668038594
2023-10-02,S003,P0013,121,238.8070322676653,-117.8070322676653
2023-10-02,S002,P0012,76,230.4631934136532,-154.4631934136532
2023-10-02,S002,P0007,15,43.92050887424142,-28.92050887424142
2023-10-02,S001,P0011,99,55.53665735679334,43.46334264320666
2023-10-02,S003,P0012,184,221.83072687978984,-37.830726879789836
2023-10-02,S004,P0015,208,249.23483491236323,-41.234834912363226
2023-10-02,S004,P0002,14,59.29061886959198,-45.29061886959198
2023-10-02,S002,P0001,92,122.96044574187948,-30.960445741879482
2023-10-02,S005,P0015,375,217.10839311043384,157.89160688956616
2023-10-02,S005,P0007,202,121.38358242346499,80.61641757653501
2023-10-02,S005,P0002,36,42.377287551611346,-6.377287551611346
2023-10-02,S001,P0004,30,79.53030965068427,-49.53030965068427
2023-10-02,S004,P0006,223,191.68412163594246,31.31587836405754
2023-10-02,S001,P0017,130,124.79549364383348,5.204506356166519
2023-10-02,S001,P0019,101,184.37024848149122,-83.37024848149122
2023-10-02,S003,P0017,64,101.47564297510797,-37.475642975107974
2023-10-02,S002,P0020,67,69.41444194623756,-2.4144419462375595
2023-10-02,S001,P0014,20,114.19746508974731,-94.19746508974731
2023-10-02,S002,P0006,24,155.91126686573313,-131.91126686573313
2023-10-02,S004,P0014,1,81.4421071776311,-80.4421071776311
2023-10-02,S005,P0011,51,120.6327058099069,-69.6327058099069
2023-10-02,S005,P0009,32,56.67476837512396,-24.67476837512396
2023-10-02,S004,P0001,170,147.14645469482298,22.853545305177022
2023-10-02,S003,P0018,97,191.120227005635,-94.120227005635
2023-10-02,S003,P0009,182,154.1433490531751,27.856650946824914
2023-10-02,S004,P0016,40,158.12434462685349,-118.12434462685349
2023-10-02,S005,P0001,11,92.55323494256652,-81.55323494256652
2023-10-03,S001,P0018,105,124.15884050510653,-19.158840505106525
2023-10-03,S003,P0006,236,136.55915381191733,99.44084618808267
2023-10-03,S003,P0013,225,130.79870487579632,94.20129512420368
2023-10-03,S004,P0007,53,138.66832417113733,-85.66832417113733
2023-10-03,S003,P0009,140,86.28016316237381,53.71983683762619
2023-10-03,S002,P0013,147,100.55404177754218,46.44595822245782
2023-10-03,S002,P0010,160,144.4650687776354,15.534931222364605
2023-10-03,S004,P0009,117,93.29517630021996,23.704823699780036
2023-10-03,S004,P0010,228,194.19698294832364,33.80301705167636
2023-10-03,S004,P0006,46,191.55070810214244,-145.55070810214244
2023-10-03,S003,P0011,10,160.45697764401734,-150.45697764401734
2023-10-03,S001,P0005,73,95.87161892243739,-22.871618922437392
2023-10-03,S003,P0012,78,93.5585366576542,-15.558536657654201
2023-10-03,S001,P0020,22,52.23207769711979,-30.23207769711979
2023-10-03,S005,P0008,10,32.748775987781244,-22.748775987781244
2023-10-03,S002,P0002,93,48.23960606452971,44.76039393547029
2023-10-03,S004,P0011,352,209.43839655116898,142.56160344883102
2023-10-03,S005,P0009,310,248.4776868000522,61.5223131999478
2023-10-03,S004,P0012,55,122.12148695948133,-67.12148695948133
2023-10-03,S001,P0009,159,244.48929034084426,-85.48929034084426
2023-10-03,S001,P0019,100,72.78909173035316,27.210908269646836
2023-10-03,S004,P0008,74,42.81338903596668,31.18661096403332
2023-10-03,S005,P0019,61,89.69855864260165,-28.698558642601654
2023-10-03,S003,P0008,165,178.51618336574018,-13.516183365740176
2023-10-03,S003,P0010,219,234.07809331638305,-15.078093316383047
2023-10-03,S002,P0001,315,236.74469366008918,78.25530633991082
2023-10-03,S004,P0013,11,88.00613886953641,-77.00613886953641
2023-10-03,S005,P0014,76,41.041603355859934,34.958396644140066
2023-10-03,S004,P0015,312,243.55926102258337,68.44073897741663
2023-10-03,S003,P0007,167,191.86580050102287,-24.865800501022875
2023-10-03,S002,P0012,101,144.47392250412543,-43.473922504125426
2023-10-03,S002,P0011,292,148.4231554441082,143.5768445558918
2023-10-03,S005,P0015,245,204.25073765345473,40.749262346545265
2023-10-03,S004,P0014,260,195.15885856561783,64.84114143438217
2023-10-03,S003,P0019,14,95.65609238584892,-81.65609238584892
2023-10-03,S005,P0010,71,69.49662336247513,1.503376637524866
2023-10-03,S005,P0011,109,137.07727320121035,-28.077273201210346
2023-10-03,S004,P0018,268,140.5711427954717,127.4288572045283
2023-10-03,S005,P0006,334,199.3359145745231,134.6640854254769
2023-10-03,S002,P0005,229,173.7955681854666,55.20443181453339
2023-10-03,S003,P0017,33,50.65648976117694,-17.656489761176942
2023-10-03,S003,P0004,61,55.99646664307704,5.003533356922958
2023-10-03,S004,P0003,4,118.0933282517604,-114.0933282517604
2023-10-03,S001,P0006,79,51.89195325073007,27.10804674926993
2023-10-03,S005,P0018,64,231.31215178561888,-167.31215178561888
2023-10-03,S001,P0004,77,156.44123421444306,-79.44123421444306
2023-10-03,S004,P0016,229,160.44584128412794,68.55415871587206
2023-10-03,S005,P0002,100,87.70412236669563,12.295877633304372
2023-10-03,S001,P0007,52,129.15144635808588,-77.15144635808588
2023-10-03,S001,P0016,99,111.62428381786606,-12.624283817866058
2023-10-03,S003,P0003,308,158.41959679626848,149.58040320373152
2023-10-03,S001,P0003,47,88.55308415311288,-41.55308415311288
2023-10-03,S004,P0005,232,154.7696403442028,77.2303596557972
2023-10-03,S004,P0017,271,219.83711237094383,51.16288762905617
2023-10-03,S002,P0018,0,29.496208125483975,-29.496208125483975
2023-10-03,S005,P0017,75,116.6849720464686,-41.6849720464686
2023-10-03,S005,P0003,7,95.84927666438324,-88.84927666438324
2023-10-03,S001,P0013,150,248.72826359426676,-98.72826359426676
2023-10-03,S003,P0016,159,96.60343831956698,62.396561680433024
2023-10-03,S005,P0020,18,60.81987202227833,-42.81987202227833
2023-10-03,S002,P0003,44,193.54575747568816,-149.54575747568816
2023-10-03,S002,P0004,273,195.75933872735868,77.24066127264132
2023-10-03,S003,P0015,228,218.60591656707794,9.39408343292206
2023-10-03,S002,P0019,41,36.126535829456316,4.873464170543684
2023-10-03,S004,P0020,65,35.501495827655276,29.498504172344724
2023-10-03,S001,P0014,175,190.12796809837744,-15.127968098377437
2023-10-03,S005,P0001,54,75.43002201547114,-21.43002201547114
2023-10-03,S002,P0016,214,242.72839096210816,-28.728390962108165
2023-10-03,S002,P0015,182,173.14411988267113,8.855880117328866
2023-10-03,S003,P0002,132,84.90077151294179,47.09922848705821
2023-10-03,S005,P0007,36,106.84728381275954,-70.84728381275954
2023-10-03,S005,P0005,63,173.04654606201348,-110.04654606201348
2023-10-03,S001,P0010,427,218.47263782489705,208.52736217510295
2023-10-03,S001,P0001,204,177.79616773263433,26.20383226736567
2023-10-03,S002,P0008,33,224.32823425525055,-191.32823425525055
2023-10-03,S001,P0011,470,246.41373794371322,223.58626205628678
2023-10-03,S003,P0001,116,127.27551395350292,-11.275513953502923
2023-10-03,S002,P0014,42,26.05849304562298,15.941506954377019
2023-10-03,S002,P0009,49,101.40734749368687,-52.40734749368687
2023-10-03,S004,P0002,54,172.38030865289932,-118.38030865289932
2023-10-03,S004,P0019,53,33.8336731267284,19.1663268732716
2023-10-03,S003,P0018,81,148.2888537517656,-67.2888537517656
2023-10-03,S001,P0015,255,190.1959095416002,64.8040904583998
2023-10-03,S001,P0012,266,226.71834673962815,39.281653260371854
2023-10-03,S005,P0004,7,56.51654995223083,-49.51654995223083
2023-10-03,S002,P0020,39,48.560934392364345,-9.560934392364345
2023-10-03,S005,P0012,101,208.11718367915506,-107.11718367915506
2023-10-03,S004,P0004,78,169.434362295303,-91.434362295303
2023-10-03,S004,P0001,135,128.6662277419166,6.3337722580834
2023-10-03,S005,P0013,202,119.79980283218237,82.20019716781763
2023-10-03,S002,P0006,113,88.17030183571057,24.829698164289425
2023-10-03,S002,P0017,141,84.26673032192116,56.73326967807884
2023-10-03,S003,P0020,60,159.06445858602837,-99.06445858602837
2023-10-03,S005,P0016,107,83.9271561037009,23.072843896299105
2023-10-03,S001,P0017,158,210.36236764621356,-52.362367646213556
2023-10-03,S002,P0007,4,134.0745545245619,-130.0745545245619
2023-10-03,S001,P0008,2,247.09156913269794,-245.09156913269794
2023-10-03,S001,P0002,105,200.8951727613765,-95.8951727613765
2023-10-03,S003,P0014,231,209.3314839185373,21.668516081462712
2023-10-03,S003,P0005,131,113.91876368264337,17.081236317356627
2023-10-04,S002,P0013,60,172.7551317620442,-112.75513176204419
2023-10-04,S001,P0007,152,125.26040071708849,26.739599282911513
2023-10-04,S004,P0012,266,221.93528833234132,44.064711667658685
2023-10-04,S001,P0002,91,222.4020881002955,-131.4020881002955
2023-10-04,S004,P0020,20,103.11975400251112,-83.11975400251112
2023-10-04,S003,P0020,249,216.4016553756175,32.59834462438249
2023-10-04,S005,P0013,259,162.0671623921706,96.93283760782941
2023-10-04,S004,P0016,44,52.38117931276918,-8.381179312769177
2023-10-04,S004,P0013,163,161.72072340037528,1.2792765996247226
2023-10-04,S003,P0010,116,94.18266364785734,21.81733635214266
2023-10-04,S002,P0016,25,34.86416441111544,-9.86416441111544
2023-10-04,S003,P0003,103,61.30113471542347,41.69886528457653
2023-10-04,S005,P0003,98,67.45886456430344,30.54113543569656
2023-10-04,S003,P0007,118,94.2541217261184,23.7458782738816
2023-10-04,S002,P0004,33,42.65204727639292,-9.65204727639292
2023-10-04,S005,P0019,400,221.12545391783573,178.87454608216427
2023-10-04,S005,P0018,292,243.65627535045553,48.34372464954447
2023-10-04,S001,P0015,257,180.9503345318987,76.0496654681013
2023-10-04,S005,P0016,87,56.20827259002266,30.79172740997734
2023-10-04,S004,P0003,204,116.43442846144433,87.56557153855567
2023-10-04,S005,P0006,127,97.97004109229124,29.02995890770876
2023-10-04,S005,P0014,201,113.09113766874736,87.90886233125264
2023-10-04,S003,P0005,43,107.994734153916,-64.994734153916
2023-10-04,S001,P0006,126,89.79636272417457,36.20363727582543
2023-10-04,S004,P0019,409,243.22658037199972,165.77341962800028
2023-10-04,S005,P0012,415,229.08043478092355,185.91956521907645
2023-10-04,S003,P0008,159,169.0100531814096,-10.010053181409603
2023-10-04,S004,P0008,223,225.74049010564852,-2.7404901056485187
2023-10-04,S002,P0019,183,184.7234151298752,-1.7234151298752067
2023-10-04,S004,P0005,182,222.57955135688843,-40.57955135688843
2023-10-04,S002,P0002,123,142.134152224062,-19.134152224062007
2023-10-04,S001,P0009,75,86.47801851265751,-11.478018512657513
2023-10-04,S001,P0001,87,81.67641626806397,5.323583731936026
2023-10-04,S003,P0002,258,174.69514278749273,83.30485721250727
2023-10-04,S002,P0008,17,48.61007052560922,-31.610070525609217
2023-10-04,S001,P0020,65,69.43270539315154,-4.4327053931515366
2023-10-04,S002,P0018,26,106.20995480870664,-80.20995480870664
2023-10-04,S001,P0010,251,126.82940696031648,124.17059303968352
2023-10-04,S005,P0020,108,143.41996258153745,-35.41996258153745
2023-10-04,S001,P0017,218,147.6278710022276,70.37212899777239
2023-10-04,S001,P0016,7,144.99625857418692,-137.99625857418692
2023-10-04,S005,P0015,89,168.3163406185971,-79.31634061859711
2023-10-04,S005,P0002,79,134.3632481843336,-55.3632481843336
2023-10-04,S002,P0001,337,227.48772743048454,109.51227256951546
2023-10-04,S003,P0019,154,246.52719397680312,-92.52719397680312
2023-10-04,S001,P0003,27,80.49630542680688,-53.496305426806884
2023-10-04,S004,P0002,51,102.90423999334388,-51.90423999334388
2023-10-04,S001,P0011,13,31.36893910794646,-18.36893910794646
2023-10-04,S003,P0006,24,27.90889946328963,-3.908899463289629
2023-10-04,S001,P0008,249,129.84971821029978,119.15028178970022
2023-10-04,S002,P0007,249,222.25085421071867,26.74914578928133
2023-10-04,S003,P0014,274,155.9492782236681,118.0507217763319
2023-10-04,S003,P0009,377,226.25460900575638,150.74539099424362
2023-10-04,S004,P0006,160,219.89910582634093,-59.89910582634093
2023-10-04,S004,P0011,55,44.82957523169972,10.170424768300279
2023-10-04,S002,P0012,5,74.38740721084474,-69.38740721084474
2023-10-04,S003,P0001,217,124.14441598930955,92.85558401069045
2023-10-04,S002,P0014,117,228.75227710900418,-111.75227710900418
2023-10-04,S002,P0009,346,190.73145055609018,155.26854944390982
2023-10-04,S003,P0018,151,135.83753174525611,15.162468254743885
2023-10-04,S005,P0004,56,180.72652962705496,-124.72652962705496
2023-10-04,S002,P0011,324,210.96499975212038,113.03500024787962
2023-10-04,S002,P0020,191,190.6832861271563,0.31671387284370667
2023-10-04,S004,P0014,106,61.78275684826417,44.21724315173583
2023-10-04,S004,P0001,122,127.27970998188533,-5.279709981885333
2023-10-04,S004,P0017,16,95.24097439972599,-79.24097439972599
2023-10-04,S002,P0006,67,65.38014597054621,1.6198540294537906
2023-10-04,S004,P0009,147,169.4259072185277,-22.425907218527698
2023-10-04,S003,P0015,227,126.0766780231541,100.9233219768459
2023-10-04,S001,P0012,238,217.99983122873425,20.00016877126575
2023-10-04,S001,P0004,133,71.4761717296916,61.5238282703084
2023-10-04,S001,P0005,30,74.25701774524794,-44.257017745247936
2023-10-04,S003,P0011,50,89.84716515422622,-39.84716515422622
2023-10-04,S002,P0010,61,133.66395746584806,-72.66395746584806
2023-10-04,S003,P0016,15,87.07949150997774,-72.07949150997774
2023-10-04,S002,P0003,98,63.00345230242402,34.99654769757598
2023-10-04,S005,P0008,149,137.04954844739171,11.950451552608286
2023-10-04,S001,P0013,176,113.38424095770284,62.61575904229716
2023-10-04,S002,P0015,353,233.37932541637286,119.62067458362714
2023-10-04,S005,P0010,49,62.5861137947241,-13.586113794724099
2023-10-04,S004,P0015,10,113.1464292111541,-103.1464292111541
2023-10-04,S004,P0007,226,116.6011678284014,109.3988321715986
2023-10-04,S003,P0012,156,181.58490775612512,-25.58490775612512
2023-10-04,S001,P0014,74,156.00889067160693,-82.00889067160693
2023-10-04,S003,P0004,68,66.79785365065601,1.202146349343991
2023-10-04,S005,P0007,87,100.06815883760476,-13.068158837604756
2023-10-04,S005,P0017,112,221.39398191352342,-109.39398191352342
2023-10-04,S005,P0001,128,133.60468168803675,-5.604681688036749
2023-10-04,S003,P0013,220,119.53577364972114,100.46422635027886
2023-10-04,S001,P0019,257,144.6835920657312,112.3164079342688
2023-10-04,S003,P0017,331,239.20800887087643,91.79199112912357
2023-10-04,S004,P0010,126,79.39389279102159,46.606107208978415
2023-10-04,S002,P0005,177,94.71135820491935,82.28864179508065
2023-10-04,S004,P0018,265,185.62919306094966,79.37080693905034
2023-10-04,S005,P0009,36,148.90946216061263,-112.90946216061263
2023-10-04,S005,P0011,205,136.0573011776894,68.9426988223106
2023-10-04,S005,P0005,21,44.544562418376245,-23.544562418376245
2023-10-04,S001,P0018,148,111.74943317620455,36.25056682379545
2023-10-05,S001,P0001,72,145.47715070784346,-73.47715070784346
2023-10-05,S001,P0018,89,63.18479510318457,25.81520489681543
2023-10-05,S005,P0013,18,34.90165062590967,-16.901650625909667
2023-10-05,S002,P0003,20,109.70203412353328,-89.70203412353328
2023-10-05,S002,P0019,172,213.09079174317725,-41.09079174317725
2023-10-05,S002,P0015,117,73.45851211215802,43.54148788784198
2023-10-05,S001,P0002,70,94.82785802245485,-24.827858022454848
2023-10-05,S003,P0010,22,88.6608563994431,-66.6608563994431
2023-10-05,S002,P0010,1,52.57439915897061,-51.57439915897061
2023-10-05,S001,P0012,249,131.67296085382998,117.32703914617002
2023-10-05,S003,P0015,414,234.96662493303995,179.03337506696005
2023-10-05,S001,P0008,33,91.42098294218806,-58.42098294218806
2023-10-05,S004,P0018,308,170.46994808944316,137.53005191055684
2023-10-05,S003,P0004,149,234.50987936840278,-85.50987936840278
2023-10-05,S004,P0020,95,70.44033322263277,24.559666777367227
2023-10-05,S003,P0020,391,205.3694862191678,185.6305137808322
2023-10-05,S005,P0005,177,182.7389149269129,-5.738914926912912
2023-10-05,S005,P0009,385,196.91726045847702,188.08273954152298
2023-10-05,S005,P0011,63,75.62848419518292,-12.62848419518292
2023-10-05,S003,P0017,57,50.92386558250314,6.07613441749686
2023-10-05,S001,P0004,303,167.447941842393,135.552058157607
2023-10-05,S003,P0011,174,145.83645738575507,28.163542614244932
2023-10-05,S002,P0001,144,78.82852730009557,65.17147269990443
2023-10-05,S005,P0015,25,29.794796515683572,-4.794796515683572
2023-10-05,S005,P0002,95,121.31161931942063,-26.31161931942063
2023-10-05,S004,P0002,117,192.26065488366498,-75.26065488366498
2023-10-05,S005,P0017,309,170.08605236376815,138.91394763623185
2023-10-05,S001,P0011,99,241.09256446761907,-142.09256446761907
2023-10-05,S003,P0009,282,157.2191225642302,124.78087743576981
2023-10-05,S002,P0012,107,144.96842079845305,-37.96842079845305
2023-10-05,S003,P0001,52,42.949027391823165,9.050972608176835
2023-10-05,S003,P0018,24,239.27430588346772,-215.27430588346772
2023-10-05,S004,P0011,445,226.7544249969028,218.2455750030972
2023-10-05,S002,P0020,71,75.42731719344522,-4.427317193445219
2023-10-05,S004,P0001,38,111.27663202603924,-73.27663202603924
2023-10-05,S002,P0006,236,153.93167590268393,82.06832409731607
2023-10-05,S002,P0017,107,178.26438508373445,-71.26438508373445
2023-10-05,S004,P0009,66,184.0707533091516,-118.0707533091516
2023-10-05,S002,P0007,175,96.78945977176699,78.21054022823301
2023-10-05,S002,P0005,103,187.25284723293402,-84.25284723293402
2023-10-05,S005,P0001,35,176.0715677346327,-141.0715677346327
2023-10-05,S003,P0012,174,139.5307700408486,34.46922995915139
2023-10-05,S005,P0019,107,155.42134926609015,-48.42134926609015
2023-10-05,S004,P0004,31,217.36853628130478,-186.36853628130478
2023-10-05,S001,P0015,206,130.83199396761756,75.16800603238244
2023-10-05,S004,P0019,81,56.74517309326308,24.254826906736923
2023-10-05,S004,P0013,34,101.69281652957204,-67.69281652957204
2023-10-05,S001,P0007,35,140.81756727360403,-105.81756727360403
2023-10-05,S003,P0003,82,189.92240318981493,-107.92240318981493
2023-10-05,S002,P0008,219,131.45782545422895,87.54217454577105
2023-10-05,S001,P0009,279,151.9236239164686,127.07637608353139
2023-10-05,S003,P0008,93,72.67992978832336,20.320070211676637
2023-10-05,S004,P0003,20,195.9307239990231,-175.9307239990231
2023-10-05,S005,P0006,247,180.8172369207358,66.18276307926419
2023-10-05,S004,P0008,69,92.30366226464918,-23.303662264649176
2023-10-05,S003,P0002,214,236.6186194892399,-22.618619489239904
2023-10-05,S004,P0012,235,167.5594112508805,67.44058874911951
2023-10-05,S002,P0004,14,66.84882406243145,-52.84882406243145
2023-10-05,S002,P0016,75,43.56001664748021,31.43998335251979
2023-10-05,S005,P0003,110,80.4848109918309,29.515189008169102
2023-10-05,S005,P0020,35,44.02258824105934,-9.022588241059339
2023-10-05,S003,P0016,180,115.7118705022765,64.2881294977235
2023-10-05,S005,P0008,42,140.56779350009145,-98.56779350009145
2023-10-05,S001,P0013,410,248.97799825641147,161.02200174358853
2023-10-05,S001,P0014,289,241.0387829200248,47.9612170799752
2023-10-05,S001,P0005,86,114.17497223862506,-28.17497223862506
2023-10-05,S002,P0011,301,220.29412413478127,80.70587586521873
2023-10-05,S005,P0014,58,161.7020611026589,-103.70206110265889
2023-10-05,S003,P0014,78,130.69715438078555,-52.69715438078555
2023-10-05,S002,P0013,131,68.45345776631524,62.54654223368476
2023-10-05,S004,P0006,25,69.2771404131164,-44.2771404131164
2023-10-05,S004,P0005,165,186.43172555889544,-21.431725558895437
2023-10-05,S001,P0003,152,83.30614436840938,68.69385563159062
2023-10-05,S005,P0016,38,172.7271711272462,-134.7271711272462
2023-10-05,S005,P0004,137,132.50760218781204,4.49239781218796
2023-10-05,S004,P0007,175,223.50997629246723,-48.50997629246723
2023-10-05,S005,P0010,52,37.88463524404369,14.115364755956307
2023-10-05,S001,P0020,198,197.55934685097867,0.4406531490213297
2023-10-05,S003,P0006,218,227.80185357088362,-9.801853570883623
2023-10-05,S004,P0015,66,33.4888951296474,32.5111048703526
2023-10-05,S003,P0007,25,31.832090936437112,-6.832090936437112
2023-10-05,S004,P0010,117,68.40127095056647,48.59872904943353
2023-10-05,S005,P0007,52,95.33457313727519,-43.334573137275186
2023-10-05,S003,P0013,34,102.63264920326253,-68.63264920326253
2023-10-05,S002,P0018,405,234.00815847771406,170.99184152228594
2023-10-05,S001,P0006,292,158.21823449884494,133.78176550115506
2023-10-05,S001,P0016,29,122.67737240395599,-93.67737240395599
2023-10-05,S002,P0009,161,166.7987177389213,-5.798717738921312
2023-10-05,S003,P0005,63,243.04752800048345,-180.04752800048345
2023-10-05,S004,P0014,135,73.06692445894356,61.93307554105644
2023-10-05,S004,P0017,67,47.021981635418626,19.978018364581374
2023-10-05,S002,P0014,214,188.31405202544215,25.68594797455785
2023-10-05,S004,P0016,39,222.4296505601062,-183.4296505601062
2023-10-05,S003,P0019,4,77.43025233895236,-73.43025233895236
2023-10-05,S001,P0017,86,113.62697744362225,-27.626977443622252
2023-10-05,S001,P0010,81,48.974912179921034,32.025087820078966
2023-10-05,S002,P0002,228,114.80607307613491,113.19392692386509
2023-10-05,S005,P0018,235,164.94403020221694,70.05596979778306
2023-10-06,S002,P0007,100,118.1876305347962,-18.1876305347962
2023-10-06,S002,P0014,0,38.4678418971161,-38.4678418971161
2023-10-06,S004,P0015,40,137.84356774782032,-97.84356774782032
2023-10-06,S002,P0012,11,95.24181891239272,-84.24181891239272
2023-10-06,S003,P0014,88,104.91534023007608,-16.915340230076083
2023-10-06,S005,P0004,21,176.47023192249685,-155.47023192249685
2023-10-06,S003,P0007,17,187.65421044184006,-170.65421044184006
2023-10-06,S005,P0019,43,26.73551048435064,16.26448951564936
2023-10-06,S003,P0020,88,210.41870420615788,-122.41870420615788
2023-10-06,S003,P0006,63,202.4711135822452,-139.4711135822452
2023-10-06,S001,P0005,188,212.89893255844333,-24.898932558443335
2023-10-06,S005,P0001,22,50.02647288559319,-28.026472885593193
2023-10-06,S002,P0020,36,226.66830989431622,-190.66830989431622
2023-10-06,S003,P0001,172,134.1064505060334,37.89354949396659
2023-10-06,S005,P0007,268,222.86439806723746,45.13560193276254
2023-10-06,S005,P0017,211,187.99831863270134,23.00168136729866
2023-10-06,S001,P0001,415,223.35739683705629,191.64260316294371
2023-10-06,S005,P0006,106,134.33898046729712,-28.33898046729712
2023-10-06,S003,P0008,12,219.29340488322924,-207.29340488322924
2023-10-06,S002,P0004,222,173.8757886355225,48.1242113644775
2023-10-06,S004,P0005,305,159.64003710353387,145.35996289646613
2023-10-06,S001,P0002,408,249.48140168376045,158.51859831623955
2023-10-06,S005,P0005,179,98.50830137374243,80.49169862625757
2023-10-06,S005,P0003,400,211.36406713578629,188.63593286421371
2023-10-06,S005,P0009,53,48.883122078934605,4.116877921065395
2023-10-06,S002,P0019,131,80.66987949003692,50.33012050996308
2023-10-06,S001,P0009,413,217.7254897357002,195.2745102642998
2023-10-06,S002,P0013,35,185.5135027804992,-150.5135027804992
2023-10-06,S002,P0005,196,167.28258953162725,28.717410468372748
2023-10-06,S001,P0020,19,189.37236741769811,-170.37236741769811
2023-10-06,S003,P0009,136,75.00663639596428,60.99336360403572
2023-10-06,S003,P0016,16,113.9800841873643,-97.9800841873643
2023-10-06,S004,P0019,79,157.10194180461798,-78.10194180461798
2023-10-06,S003,P0005,157,83.99655320433465,73.00344679566535
2023-10-06,S004,P0013,257,166.9181054464803,90.0818945535197
2023-10-06,S004,P0003,53,97.15748758006913,-44.15748758006913
2023-10-06,S005,P0008,369,220.23295090685815,148.76704909314185
2023-10-06,S002,P0008,182,154.91318698572212,27.08681301427788
2023-10-06,S004,P0011,6,247.69869930338365,-241.69869930338365
2023-10-06,S005,P0010,194,195.1740743010604,-1.1740743010603865
2023-10-06,S001,P0013,141,109.14020349205595,31.859796507944054
2023-10-06,S005,P0012,173,245.83668714556433,-72.83668714556433
2023-10-06,S001,P0007,50,27.002584452461292,22.997415547538708
2023-10-06,S003,P0018,118,102.17463307094653,15.825366929053473
2023-10-06,S001,P0003,85,105.88047769745049,-20.880477697450488
2023-10-06,S005,P0014,65,162.51015919279246,-97.51015919279246
2023-10-06,S002,P0016,116,221.9555486748963,-105.9555486748963
2023-10-06,S005,P0016,454,243.8101512825454,210.1898487174546
2023-10-06,S003,P0003,2,98.48939793928139,-96.48939793928139
2023-10-06,S001,P0015,337,237.50708312422256,99.49291687577744
2023-10-06,S001,P0014,478,249.7808747369108,228.2191252630892
2023-10-06,S001,P0017,122,146.06986711593999,-24.069867115939985
2023-10-06,S005,P0020,482,245.04470431141664,236.95529568858336
2023-10-06,S001,P0011,1,35.943735062435564,-34.943735062435564
2023-10-06,S004,P0016,88,121.10430065982553,-33.104300659825526
2023-10-06,S004,P0004,13,50.945624948124134,-37.945624948124134
2023-10-06,S002,P0009,81,102.76503000342353,-21.765030003423533
2023-10-06,S005,P0013,37,220.6899653626366,-183.6899653626366
2023-10-06,S005,P0018,324,224.99031035083107,99.00968964916893
2023-10-06,S005,P0011,34,30.726531040272732,3.2734689597272677
2023-10-06,S005,P0015,305,225.29190669226438,79.70809330773562
2023-10-06,S004,P0020,199,122.64102440794056,76.35897559205944
2023-10-06,S001,P0004,84,77.62162167508001,6.378378324919993
2023-10-06,S002,P0010,158,108.3556304650661,49.6443695349339
2023-10-06,S002,P0001,68,35.11106633591555,32.88893366408445
2023-10-06,S001,P0019,10,30.186241817865607,-20.186241817865607
2023-10-06,S003,P0010,258,143.5645137144163,114.43548628558369
2023-10-06,S003,P0004,287,183.01965968984263,103.98034031015737
2023-10-06,S001,P0016,50,39.375569264144076,10.624430735855924
2023-10-06,S001,P0010,26,65.51961940658839,-39.51961940658839
2023-10-06,S002,P0017,135,117.23473529542821,17.76526470457179
2023-10-06,S003,P0017,133,124.00540248948568,8.994597510514325
2023-10-06,S003,P0011,365,198.33259073761377,166.66740926238623
2023-10-06,S002,P0006,85,229.816646305816,-144.816646305816
2023-10-06,S003,P0002,70,159.6086630293495,-89.60866302934949
2023-10-06,S001,P0018,120,82.22578221077669,37.774217789223314
2023-10-06,S004,P0012,304,178.4562755852872,125.54372441471281
2023-10-06,S004,P0001,47,107.60733592269452,-60.60733592269452
2023-10-06,S004,P0018,105,79.02549474693774,25.97450525306226
2023-10-06,S004,P0007,382,193.59259007517898,188.40740992482102
2023-10-06,S004,P0006,120,138.68884495273778,-18.68884495273778
2023-10-06,S002,P0018,26,87.73257560864721,-61.73257560864721
2023-10-06,S001,P0008,457,237.33277544001646,219.66722455998354
2023-10-06,S001,P0012,49,39.59622016458138,9.403779835418618
2023-10-06,S004,P0009,18,58.32115763050689,-40.32115763050689
2023-10-06,S005,P0002,95,59.36116927218683,35.63883072781317
2023-10-06,S004,P0002,44,174.36812228773147,-130.36812228773147
2023-10-06,S004,P0014,2,130.25274841004574,-128.25274841004574
2023-10-06,S002,P0003,84,58.6314608408689,25.368539159131103
2023-10-06,S004,P0017,60,122.45554268808007,-62.45554268808007
2023-10-06,S003,P0015,115,178.3304601010064,-63.330460101006395
2023-10-06,S003,P0019,11,115.24940857232764,-104.24940857232764
2023-10-06,S004,P0008,34,154.1068266631367,-120.1068266631367
2023-10-06,S002,P0011,390,206.82832632611422,183.17167367388578
2023-10-06,S001,P0006,236,182.65913990722004,53.34086009277996
2023-10-06,S002,P0002,24,232.75771583076823,-208.75771583076823
2023-10-07,S001,P0010,97,142.92945124407117,-45.929451244071174
2023-10-07,S003,P0005,87,68.86309166222708,18.136908337772923
2023-10-07,S002,P0014,230,219.729763224912,10.270236775087994
2023-10-07,S004,P0019,199,178.92977358045454,20.070226419545463
2023-10-07,S003,P0001,47,182.4311433770372,-135.4311433770372
2023-10-07,S002,P0008,112,74.12194945003057,37.87805054996943
2023-10-07,S003,P0009,117,136.5525533189014,-19.552553318901403
2023-10-07,S004,P0003,29,49.92344151587429,-20.923441515874288
2023-10-07,S004,P0017,94,152.03078616830174,-58.030786168301745
2023-10-07,S001,P0018,185,138.46149693663932,46.53850306336068
2023-10-07,S003,P0008,1,24.99949832782454,-23.99949832782454
2023-10-07,S005,P0008,52,199.84455691327457,-147.84455691327457
2023-10-07,S005,P0010,80,173.1842806314212,-93.18428063142119
2023-10-07,S002,P0004,4,29.857258327583224,-25.857258327583224
2023-10-07,S004,P0011,136,75.86148705738407,60.13851294261593
2023-10-07,S004,P0013,63,104.354653162256,-41.354653162256
2023-10-07,S003,P0016,144,76.6506849560339,67.3493150439661
2023-10-07,S003,P0011,245,151.12817637480265,93.87182362519735
2023-10-07,S001,P0009,101,62.93529625969069,38.06470374030931
2023-10-07,S003,P0019,101,57.4882514886765,43.5117485113235
2023-10-07,S002,P0011,140,106.01557062993908,33.98442937006092
2023-10-07,S005,P0004,266,184.87638818028927,81.12361181971073
2023-10-07,S002,P0009,186,92.59558604142103,93.40441395857897
2023-10-07,S002,P0001,205,202.3029101580767,2.6970898419232867
2023-10-07,S005,P0020,229,230.89190809266142,-1.8919080926614242
2023-10-07,S003,P0002,341,230.87191365211112,110.12808634788888
2023-10-07,S003,P0014,435,244.78390417353364,190.21609582646636
2023-10-07,S004,P0014,361,226.48259400467265,134.51740599532735
2023-10-07,S003,P0003,257,137.42441699537602,119.57558300462398
2023-10-07,S001,P0017,160,151.58441664418933,8.415583355810668
2023-10-07,S002,P0017,155,219.0932000477389,-64.09320004773889
2023-10-07,S004,P0016,237,126.69426901793855,110.30573098206145
2023-10-07,S002,P0013,78,96.54986612659661,-18.549866126596612
2023-10-07,S001,P0007,58,39.04517307197585,18.954826928024147
2023-10-07,S003,P0004,59,193.06051170831944,-134.06051170831944
2023-10-07,S005,P0002,147,132.96669157985457,14.033308420145431
2023-10-07,S001,P0008,93,75.31414182610808,17.685858173891916
2023-10-07,S003,P0018,23,38.41756981267076,-15.417569812670763
2023-10-07,S002,P0016,43,106.20153648661454,-63.20153648661454
2023-10-07,S001,P0004,174,186.7167649104377,-12.71676491043769
2023-10-07,S005,P0014,2,49.73909733296665,-47.73909733296665
2023-10-07,S004,P0012,185,137.35682406873605,47.643175931263954
2023-10-07,S004,P0008,128,231.6408997157895,-103.64089971578949
2023-10-07,S003,P0006,37,42.44343157921509,-5.443431579215087
2023-10-07,S001,P0005,5,76.23459587741252,-71.23459587741252
2023-10-07,S005,P0011,103,56.619038941679946,46.380961058320054
2023-10-07,S005,P0001,274,216.42710577301057,57.57289422698943
2023-10-07,S005,P0015,99,98.12366292277306,0.8763370772269354
2023-10-07,S005,P0003,395,248.7065735790572,146.2934264209428
2023-10-07,S005,P0013,68,234.71696646975528,-166.71696646975528
2023-10-07,S004,P0020,115,57.46840357330507,57.53159642669493
2023-10-07,S001,P0012,44,37.2307494805159,6.769250519484103
2023-10-07,S005,P0007,3,79.64614434436021,-76.64614434436021
2023-10-07,S001,P0003,290,227.8620969946536,62.1379030053464
2023-10-07,S005,P0006,62,99.93843714413418,-37.938437144134184
2023-10-07,S002,P0020,320,160.02490518392796,159.97509481607204
2023-10-07,S004,P0002,35,132.84861019336375,-97.84861019336375
2023-10-07,S001,P0001,16,55.93983578157827,-39.93983578157827
2023-10-07,S004,P0010,20,156.23749601428267,-136.23749601428267
2023-10-07,S002,P0012,89,169.97824094864336,-80.97824094864336
2023-10-07,S004,P0005,65,35.98865983755803,29.011340162441968
2023-10-07,S005,P0018,9,118.6714370030727,-109.6714370030727
2023-10-07,S001,P0002,61,183.81427332643796,-122.81427332643796
2023-10-07,S003,P0013,24,98.6650771145666,-74.6650771145666
2023-10-07,S002,P0003,43,201.4915102167186,-158.4915102167186
2023-10-07,S001,P0006,114,219.10867656740783,-105.10867656740783
2023-10-07,S004,P0001,160,237.75017993274332,-77.75017993274332
2023-10-07,S005,P0009,242,193.0438197711777,48.95618022882229
2023-10-07,S005,P0005,186,171.77094480924228,14.22905519075772
2023-10-07,S002,P0019,321,176.1815937314912,144.8184062685088
2023-10-07,S005,P0017,29,149.84920793987305,-120.84920793987305
2023-10-07,S005,P0012,287,147.16299069317068,139.83700930682932
2023-10-07,S003,P0007,123,236.16806025474745,-113.16806025474745
2023-10-07,S002,P0010,113,59.55072167764382,53.44927832235618
2023-10-07,S004,P0007,32,71.89215724767297,-39.89215724767297
2023-10-07,S001,P0013,18,91.50114145551674,-73.50114145551674
2023-10-07,S004,P0018,210,132.91555856441045,77.08444143558955
2023-10-07,S004,P0009,61,174.3733352535781,-113.37333525357809
2023-10-07,S004,P0006,107,95.8868920402756,11.113107959724402
2023-10-07,S005,P0016,56,32.57626318082856,23.423736819171438
2023-10-07,S001,P0011,61,108.50873476712542,-47.50873476712542
2023-10-07,S001,P0014,84,72.01601948899304,11.983980511006962
2023-10-07,S003,P0017,134,106.60321985612308,27.396780143876924
2023-10-07,S001,P0015,127,232.46830030686402,-105.46830030686402
2023-10-07,S001,P0016,64,114.86415930593256,-50.86415930593256
2023-10-07,S002,P0007,301,204.22399533243208,96.77600466756792
2023-10-07,S005,P0019,94,240.5225693868237,-146.5225693868237
2023-10-07,S002,P0015,229,229.3054884006038,-0.30548840060379234
2023-10-07,S001,P0020,104,91.06136616227303,12.938633837726968
2023-10-07,S002,P0018,181,122.38460304977042,58.61539695022958
2023-10-07,S004,P0015,163,140.11606020018144,22.883939799818563
2023-10-07,S002,P0002,79,196.67605204800964,-117.67605204800964
2023-10-07,S002,P0005,262,214.595926385717,47.40407361428299
2023-10-07,S003,P0012,23,54.873251886440585,-31.873251886440585
2023-10-07,S002,P0006,15,88.04663593056284,-73.04663593056284
2023-10-07,S004,P0004,110,170.97822874650524,-60.97822874650524
2023-10-07,S001,P0019,80,74.9033208196638,5.096679180336196
2023-10-07,S003,P0010,389,204.31859496424937,184.68140503575063
2023-10-07,S003,P0020,281,217.34335481651482,63.65664518348518
2023-10-08,S005,P0003,467,244.53398513719873,222.46601486280127
2023-10-08,S002,P0017,6,34.399935563154315,-28.399935563154315
2023-10-08,S004,P0020,104,250.49156478425624,-146.49156478425624
2023-10-08,S004,P0012,37,191.3139113675619,-154.3139113675619
2023-10-08,S004,P0016,30,49.29675641039745,-19.29675641039745
2023-10-08,S002,P0018,168,229.30621102343815,-61.30621102343815
2023-10-08,S004,P0009,135,123.93350070044823,11.066499299551765
2023-10-08,S002,P0004,77,221.78222915842173,-144.78222915842173
2023-10-08,S005,P0002,179,90.64455227816,88.35544772184
2023-10-08,S003,P0019,65,64.52118125885693,0.47881874114307266
2023-10-08,S003,P0011,64,40.59703467376579,23.40296532623421
2023-10-08,S003,P0017,61,234.00176548815722,-173.00176548815722
2023-10-08,S001,P0004,57,162.44287908037967,-105.44287908037967
2023-10-08,S002,P0007,140,221.5475430550631,-81.5475430550631
2023-10-08,S001,P0019,46,96.01594702707035,-50.015947027070354
2023-10-08,S004,P0006,183,234.74552875843062,-51.74552875843062
2023-10-08,S003,P0009,175,212.2627807459749,-37.26278074597491
2023-10-08,S004,P0002,86,54.52783012579772,31.47216987420228
2023-10-08,S005,P0011,148,196.90635151626236,-48.90635151626236
2023-10-08,S005,P0015,179,192.64074753602068,-13.640747536020683
2023-10-08,S004,P0010,57,42.58393904723914,14.416060952760859
2023-10-08,S003,P0014,54,28.39147402824881,25.60852597175119
2023-10-08,S005,P0005,39,108.12900072692253,-69.12900072692253
2023-10-08,S003,P0013,102,88.42913621958638,13.570863780413617
2023-10-08,S005,P0009,92,77.67262411740558,14.327375882594424
2023-10-08,S005,P0020,26,114.48747232726788,-88.48747232726788
2023-10-08,S001,P0017,177,105.47419153311478,71.52580846688522
2023-10-08,S003,P0016,65,209.4303181262087,-144.4303181262087
2023-10-08,S005,P0010,9,106.4578048463423,-97.4578048463423
2023-10-08,S005,P0008,151,78.1025679974133,72.8974320025867
2023-10-08,S001,P0013,270,142.19796634960562,127.80203365039438
2023-10-08,S002,P0016,111,163.22001718687642,-52.22001718687642
2023-10-08,S001,P0011,9,52.06902271789136,-43.06902271789136
2023-10-08,S003,P0012,304,156.46849393045522,147.53150606954478
2023-10-08,S004,P0015,239,161.70456586735918,77.29543413264082
2023-10-08,S005,P0001,44,37.57819471913979,6.421805280860212
2023-10-08,S003,P0006,26,74.92968570556701,-48.92968570556701
2023-10-08,S005,P0007,73,79.39876373831106,-6.398763738311061
2023-10-08,S005,P0017,107,124.90218756787601,-17.902187567876013
2023-10-08,S001,P0014,80,61.71273374535332,18.28726625464668
2023-10-08,S002,P0002,6,242.08468406992068,-236.08468406992068
2023-10-08,S001,P0009,221,242.2005886620047,-21.20058866200469
2023-10-08,S001,P0005,102,57.53102093570692,44.46897906429308
2023-10-08,S005,P0012,131,221.13549662238165,-90.13549662238165
2023-10-08,S002,P0010,151,103.23157458813637,47.76842541186363
2023-10-08,S002,P0009,1,26.226728590437574,-25.226728590437574
2023-10-08,S002,P0006,61,59.93201499848857,1.0679850015114312
2023-10-08,S004,P0013,63,38.49246906454982,24.507530935450177
2023-10-08,S004,P0019,87,125.72605799103513,-38.726057991035134
2023-10-08,S004,P0011,190,220.5327917034328,-30.532791703432792
2023-10-08,S003,P0018,374,212.27226686243677,161.72773313756323
2023-10-08,S003,P0003,47,63.22937375279025,-16.229373752790252
2023-10-08,S002,P0013,91,50.22110441786015,40.77889558213985
2023-10-08,S001,P0016,138,247.0544344777016,-109.05443447770159
2023-10-08,S003,P0010,80,56.38241741868069,23.61758258131931
2023-10-08,S002,P0001,55,38.73818641430887,16.26181358569113
2023-10-08,S002,P0008,27,84.54881188946791,-57.54881188946791
2023-10-08,S001,P0007,322,185.7179540278504,136.2820459721496
2023-10-08,S003,P0005,36,100.19448056571252,-64.19448056571252
2023-10-08,S005,P0014,66,63.49188286517,2.5081171348300018
2023-10-08,S005,P0018,288,187.2603661862306,100.73963381376939
2023-10-08,S004,P0005,141,126.25008735056895,14.749912649431053
2023-10-08,S001,P0002,135,76.72008643319043,58.27991356680957
2023-10-08,S005,P0013,11,52.65116535606154,-41.65116535606154
2023-10-08,S003,P0007,198,198.0465191778287,-0.04651917782871351
2023-10-08,S004,P0001,5,59.12475374642537,-54.12475374642537
2023-10-08,S002,P0019,6,67.71321477990489,-61.71321477990489
2023-10-08,S005,P0016,174,115.09213266191932,58.90786733808068
2023-10-08,S002,P0020,27,28.101019896609273,-1.101019896609273
2023-10-08,S003,P0020,243,191.59462839918268,51.40537160081732
2023-10-08,S001,P0003,365,216.31331434679657,148.68668565320343
2023-10-08,S005,P0019,236,160.0791193460392,75.92088065396081
2023-10-08,S004,P0004,67,184.7575116514305,-117.75751165143049
2023-10-08,S001,P0015,95,239.13018889921113,-144.13018889921113
2023-10-08,S001,P0012,113,134.99693488512048,-21.99693488512048
2023-10-08,S001,P0020,405,240.5313278097915,164.4686721902085
2023-10-08,S005,P0004,23,49.17129739106912,-26.171297391069118
2023-10-08,S002,P0015,51,76.35000392010431,-25.350003920104314
2023-10-08,S001,P0001,24,55.62011887394982,-31.62011887394982
2023-10-08,S003,P0004,73,37.630989121939876,35.369010878060124
2023-10-08,S002,P0014,227,112.79773402512353,114.20226597487647
2023-10-08,S002,P0011,81,59.72465645820648,21.275343541793518
2023-10-08,S001,P0006,133,129.39967331261414,3.6003266873858593
2023-10-08,S005,P0006,103,120.42308770242641,-17.423087702426415
2023-10-08,S004,P0008,2,98.62798356846122,-96.62798356846122
2023-10-08,S001,P0008,29,28.369939507818174,0.6300604921818262
2023-10-08,S002,P0012,20,40.46932261397035,-20.46932261397035
2023-10-08,S004,P0003,266,177.95407967020395,88.04592032979605
2023-10-08,S004,P0007,348,181.7745068411058,166.2254931588942
2023-10-08,S004,P0014,162,176.90750019903163,-14.907500199031631
2023-10-08,S002,P0005,76,111.89852756901126,-35.898527569011264
2023-10-08,S003,P0002,46,105.96873647944182,-59.968736479441816
2023-10-08,S001,P0018,318,191.4888349997944,126.51116500020561
2023-10-08,S004,P0018,68,233.18641156999922,-165.18641156999922
2023-10-08,S004,P0017,361,242.82263263180295,118.17736736819705
2023-10-08,S003,P0015,25,51.55104698893405,-26.551046988934047
2023-10-08,S003,P0001,131,106.7171988947818,24.282801105218198
2023-10-08,S001,P0010,50,47.03568246655237,2.964317533447627
2023-10-08,S003,P0008,276,206.24791770306922,69.75208229693078
2023-10-09,S005,P0017,46,29.628437299132372,16.371562700867628
2023-10-09,S005,P0005,96,75.68652059677942,20.313479403220583
2023-10-09,S005,P0019,273,200.48034741723313,72.51965258276687
2023-10-09,S003,P0006,59,47.545820140604974,11.454179859395026
2023-10-09,S002,P0003,235,197.04111847310736,37.95888152689264
2023-10-09,S003,P0013,136,72.27352023348402,63.72647976651598
2023-10-09,S005,P0009,120,179.9738719533803,-59.973871953380296
2023-10-09,S001,P0008,27,124.47620661461849,-97.47620661461849
2023-10-09,S004,P0014,277,235.70928942371228,41.29071057628772
2023-10-09,S001,P0002,299,249.71125668026923,49.28874331973077
2023-10-09,S001,P0012,239,159.70407490739183,79.29592509260817
2023-10-09,S002,P0019,285,219.66989396971428,65.33010603028572
2023-10-09,S003,P0015,31,58.70778715324525,-27.70778715324525
2023-10-09,S001,P0003,92,92.07726808252272,-0.07726808252272122
2023-10-09,S003,P0019,18,28.173353405542287,-10.173353405542287
2023-10-09,S002,P0017,32,57.968148399318125,-25.968148399318125
2023-10-09,S003,P0004,91,214.37963305897966,-123.37963305897966
2023-10-09,S001,P0004,88,120.4099331537389,-32.409933153738905
2023-10-09,S003,P0010,222,158.6582788419762,63.3417211580238
2023-10-09,S001,P0010,66,92.14337199231784,-26.14337199231784
2023-10-09,S001,P0018,18,184.4874568097361,-166.4874568097361
2023-10-09,S003,P0009,93,93.6376783591441,-0.637678359144104
2023-10-09,S001,P0019,177,165.96766864552683,11.032331354473172
2023-10-09,S004,P0005,115,106.60617751385769,8.393822486142312
2023-10-09,S005,P0007,315,196.83469758455624,118.16530241544376
2023-10-09,S002,P0015,15,57.38061395102011,-42.38061395102011
2023-10-09,S001,P0016,135,157.97159507773478,-22.971595077734776
2023-10-09,S005,P0015,194,138.02963771372293,55.970362286277066
2023-10-09,S004,P0006,65,247.8110268132338,-182.8110268132338
2023-10-09,S003,P0017,139,164.8879360357787,-25.887936035778694
2023-10-09,S003,P0014,420,249.3677281341416,170.6322718658584
2023-10-09,S004,P0002,18,47.75495563303218,-29.754955633032182
2023-10-09,S002,P0007,76,191.00031880599164,-115.00031880599164
2023-10-09,S005,P0011,260,167.74526877039023,92.25473122960977
2023-10-09,S002,P0010,35,25.33215074179543,9.66784925820457
2023-10-09,S004,P0007,65,244.5026128304632,-179.5026128304632
2023-10-09,S004,P0009,147,81.8889131921045,65.1110868078955
2023-10-09,S004,P0018,96,172.76227154062866,-76.76227154062866
2023-10-09,S002,P0011,96,67.31650498663356,28.68349501336644
2023-10-09,S002,P0006,88,53.101577804482986,34.898422195517014
2023-10-09,S005,P0018,159,112.2767500833557,46.723249916644306
2023-10-09,S003,P0011,30,35.88397181592023,-5.883971815920233
2023-10-09,S004,P0001,130,140.897050253018,-10.897050253017994
2023-10-09,S003,P0008,12,45.14981387321569,-33.14981387321569
2023-10-09,S005,P0002,168,201.32768015912097,-33.32768015912097
2023-10-09,S002,P0004,133,73.33682882487284,59.66317117512716
2023-10-09,S004,P0003,4,42.83494608989258,-38.83494608989258
2023-10-09,S005,P0004,80,48.61047752701296,31.38952247298704
2023-10-09,S003,P0005,81,159.7408511289358,-78.74085112893579
2023-10-09,S001,P0009,109,71.63164465988211,37.36835534011789
2023-10-09,S002,P0008,52,197.86762953824797,-145.86762953824797
2023-10-09,S005,P0020,293,249.9213437357527,43.078656264247286
2023-10-09,S003,P0003,58,119.58582162541325,-61.585821625413246
2023-10-09,S001,P0017,90,46.36491620249103,43.63508379750897
2023-10-09,S001,P0007,130,249.68047015767775,-119.68047015767775
2023-10-09,S004,P0019,19,180.8732064268441,-161.8732064268441
2023-10-09,S001,P0001,110,208.81476039694627,-98.81476039694627
2023-10-09,S002,P0013,227,155.76645724417216,71.23354275582784
2023-10-09,S004,P0013,12,223.48420908283697,-211.48420908283697
2023-10-09,S003,P0001,73,233.98456759360943,-160.98456759360943
2023-10-09,S003,P0002,69,70.98305946745148,-1.9830594674514828
2023-10-09,S004,P0012,50,114.74876275818957,-64.74876275818957
2023-10-09,S005,P0010,113,177.95596833612478,-64.95596833612478
2023-10-09,S002,P0012,4,47.757230039850526,-43.757230039850526
2023-10-09,S002,P0002,25,82.71075163992447,-57.71075163992447
2023-10-09,S004,P0017,18,46.63518388321381,-28.635183883213813
2023-10-09,S002,P0005,23,150.8348850600288,-127.8348850600288
2023-10-09,S002,P0016,23,154.6268928352261,-131.6268928352261
2023-10-09,S004,P0008,210,125.55743242148452,84.44256757851548
2023-10-09,S004,P0020,127,194.43350197551337,-67.43350197551337
2023-10-09,S002,P0014,287,177.127819852168,109.87218014783201
2023-10-09,S005,P0003,428,220.50911247753953,207.49088752246047
2023-10-09,S002,P0018,272,141.19983001904097,130.80016998095903
2023-10-09,S001,P0006,241,162.3145213209337,78.6854786790663
2023-10-09,S004,P0016,156,239.319744170232,-83.31974417023201
2023-10-09,S005,P0006,251,170.11049158779622,80.88950841220378
2023-10-09,S003,P0018,54,29.001570660395885,24.998429339604115
2023-10-09,S003,P0016,26,159.69957870238176,-133.69957870238176
2023-10-09,S005,P0008,187,143.38286976466128,43.61713023533872
2023-10-09,S001,P0020,49,165.8196959097798,-116.8196959097798
2023-10-09,S002,P0009,389,206.07736231144253,182.92263768855747
2023-10-09,S004,P0010,239,178.45372148746765,60.54627851253235
2023-10-09,S005,P0013,53,45.1571415515474,7.842858448452603
2023-10-09,S005,P0001,86,69.79239185130024,16.207608148699762
2023-10-09,S003,P0007,18,27.799610485460335,-9.799610485460335
2023-10-09,S001,P0005,403,201.8206276262414,201.1793723737586
2023-10-09,S004,P0015,140,209.5167757863635,-69.5167757863635
2023-10-09,S003,P0020,17,53.81972389563447,-36.81972389563447
2023-10-09,S002,P0020,60,106.19750694614697,-46.19750694614697
2023-10-09,S003,P0012,31,63.14771674792274,-32.14771674792274
2023-10-09,S001,P0015,114,139.03019046811238,-25.03019046811238
2023-10-09,S004,P0004,231,168.21585586754554,62.78414413245446
2023-10-09,S005,P0014,38,138.43971116969362,-100.43971116969362
2023-10-09,S005,P0016,57,124.80859129355986,-67.80859129355986
2023-10-09,S002,P0001,224,134.1417192420954,89.8582807579046
2023-10-09,S005,P0012,32,59.03435426913393,-27.034354269133928
2023-10-09,S001,P0014,46,123.60037608987204,-77.60037608987204
2023-10-09,S001,P0013,77,64.34191871143156,12.65808128856844
2023-10-09,S004,P0011,101,52.06597216687874,48.93402783312126
2023-10-09,S001,P0011,52,111.63847680208681,-59.638476802086814
2023-10-10,S002,P0009,12,39.93969599348674,-27.939695993486737
2023-10-10,S004,P0002,37,52.086445616632716,-15.086445616632716
2023-10-10,S002,P0006,23,41.5913174421637,-18.5913174421637
2023-10-10,S003,P0011,56,68.54767841364804,-12.547678413648043
2023-10-10,S001,P0011,397,204.02434483486388,192.97565516513612
2023-10-10,S003,P0006,15,70.25089178321474,-55.25089178321474
2023-10-10,S003,P0009,130,164.23343458306624,-34.23343458306624
2023-10-10,S001,P0010,383,235.1171954658691,147.8828045341309
2023-10-10,S002,P0007,18,41.71154782314778,-23.711547823147782
2023-10-10,S002,P0020,45,70.57943005327985,-25.57943005327985
2023-10-10,S003,P0001,26,241.49666063210077,-215.49666063210077
2023-10-10,S003,P0018,230,248.03311747704026,-18.033117477040264
2023-10-10,S004,P0011,268,195.76181996414948,72.23818003585052
2023-10-10,S001,P0003,271,139.63415712230517,131.36584287769483
2023-10-10,S004,P0001,80,45.9892299432579,34.0107700567421
2023-10-10,S004,P0009,220,115.04906504358127,104.95093495641873
2023-10-10,S002,P0012,69,43.15964123339535,25.840358766604652
2023-10-10,S002,P0014,283,187.56898037388078,95.43101962611922
2023-10-10,S004,P0017,24,116.44013820653981,-92.44013820653981
2023-10-10,S003,P0014,35,42.78614284009683,-7.786142840096829
2023-10-10,S004,P0005,352,189.0012297225294,162.9987702774706
2023-10-10,S003,P0020,74,187.22398298590235,-113.22398298590235
2023-10-10,S004,P0004,98,51.14867555711595,46.85132444288405
2023-10-10,S001,P0015,138,137.32069868806394,0.679301311936058
2023-10-10,S005,P0016,61,48.7106737915679,12.2893262084321
2023-10-10,S005,P0014,220,159.13168068998908,60.86831931001092
2023-10-10,S005,P0012,162,195.65595307098317,-33.65595307098317
2023-10-10,S002,P0001,191,170.68495250181087,20.31504749818913
2023-10-10,S004,P0013,64,183.1930021714146,-119.1930021714146
2023-10-10,S004,P0019,49,26.60563135281535,22.39436864718465
2023-10-10,S001,P0007,108,128.46584781400452,-20.46584781400452
2023-10-10,S003,P0003,19,57.19195739079805,-38.19195739079805
2023-10-10,S002,P0013,67,40.33615448191301,26.663845518086987
2023-10-10,S002,P0008,92,80.13197461505729,11.868025384942712
2023-10-10,S003,P0005,142,200.32865976183928,-58.328659761839276
2023-10-10,S005,P0002,165,148.7437808467172,16.256219153282814
2023-10-10,S003,P0002,134,124.74694225451805,9.253057745481954
2023-10-10,S005,P0004,267,142.73211054651733,124.26788945348267
2023-10-10,S003,P0008,131,180.5316501549553,-49.53165015495529
2023-10-10,S001,P0005,33,79.21657204210442,-46.21657204210442
2023-10-10,S001,P0009,208,231.38321899764242,-23.383218997642416
2023-10-10,S003,P0007,135,148.22458619430586,-13.224586194305857
2023-10-10,S001,P0020,70,94.38178494007542,-24.38178494007542
2023-10-10,S003,P0015,255,200.09294575772742,54.90705424227258
2023-10-10,S001,P0008,172,191.14829856175425,-19.148298561754245
2023-10-10,S004,P0014,32,50.34281821717428,-18.342818217174283
2023-10-10,S003,P0004,36,85.48491244547813,-49.48491244547813
2023-10-10,S002,P0011,218,226.11745708955817,-8.117457089558172
2023-10-10,S004,P0007,171,181.22696498650242,-10.226964986502423
2023-10-10,S001,P0018,205,168.2003097940452,36.79969020595479
2023-10-10,S003,P0010,163,219.47473207046232,-56.47473207046232
2023-10-10,S004,P0018,129,210.33760653069135,-81.33760653069135
2023-10-10,S002,P0015,153,207.3030309924897,-54.30303099248971
2023-10-10,S001,P0016,145,116.00946136075731,28.990538639242686
2023-10-10,S002,P0010,97,139.91653190203255,-42.916531902032546
2023-10-10,S001,P0012,70,204.49567614781756,-134.49567614781756
2023-10-10,S005,P0019,273,176.84173442615088,96.15826557384912
2023-10-10,S002,P0003,183,240.30410079470846,-57.30410079470846
2023-10-10,S005,P0018,5,75.78074740439683,-70.78074740439683
2023-10-10,S002,P0019,151,139.27378164905565,11.72621835094435
2023-10-10,S001,P0002,101,77.60875094996692,23.391249050033082
2023-10-10,S001,P0001,32,27.69550837975879,4.304491620241208
2023-10-10,S005,P0013,9,33.07619580759075,-24.07619580759075
2023-10-10,S001,P0006,59,86.99997453027322,-27.99997453027322
2023-10-10,S004,P0003,73,240.89679774512905,-167.89679774512905
2023-10-10,S002,P0005,101,94.32139538294797,6.678604617052031
2023-10-10,S001,P0014,90,149.06766236079534,-59.06766236079534
2023-10-10,S003,P0012,15,84.81865230514654,-69.81865230514654
2023-10-10,S004,P0010,37,71.47020886846406,-34.470208868464056
2023-10-10,S005,P0001,317,213.97150402941725,103.02849597058275
2023-10-10,S005,P0017,40,34.09223839506723,5.907761604932773
2023-10-10,S005,P0009,36,43.61146208501725,-7.611462085017251
2023-10-10,S003,P0013,215,168.89930462426645,46.10069537573355
2023-10-10,S005,P0005,40,60.56901840749879,-20.56901840749879
2023-10-10,S005,P0015,183,162.3435725196066,20.656427480393404
2023-10-10,S005,P0011,90,96.47824998901928,-6.478249989019275
2023-10-10,S003,P0019,309,192.9083798684669,116.09162013153309
2023-10-10,S004,P0006,216,109.77718220914022,106.22281779085978
2023-10-10,S001,P0019,116,76.84842436268531,39.15157563731469
2023-10-10,S002,P0017,39,59.66197871254951,-20.661978712549512
2023-10-10,S001,P0004,19,26.408904899075765,-7.408904899075765
2023-10-10,S003,P0017,158,162.61042081523345,-4.610420815233454
2023-10-10,S005,P0007,132,214.99792560019387,-82.99792560019387
2023-10-10,S001,P0013,117,198.80160444548784,-81.80160444548784
2023-10-10,S003,P0016,82,60.27450465043188,21.72549534956812
2023-10-10,S004,P0015,315,179.27942624902568,135.72057375097432
2023-10-10,S002,P0002,171,111.80515377564228,59.19484622435772
2023-10-10,S005,P0003,137,138.77551829391814,-1.7755182939181395
2023-10-10,S005,P0008,255,153.95696129046155,101.04303870953845
2023-10-10,S005,P0006,136,224.9687479872747,-88.9687479872747
2023-10-10,S001,P0017,102,145.85993903565156,-43.859939035651564
2023-10-10,S005,P0020,49,105.56288007039223,-56.562880070392225
2023-10-10,S005,P0010,349,225.27772478059217,123.72227521940783
2023-10-10,S004,P0008,60,233.861240269458,-173.861240269458
2023-10-10,S004,P0020,98,113.10016960259969,-15.100169602599692
2023-10-10,S004,P0012,271,157.87153900501818,113.12846099498182
2023-10-10,S002,P0004,231,230.61587910345628,0.3841208965437204
2023-10-10,S002,P0016,54,84.46889908393518,-30.468899083935185
2023-10-10,S004,P0016,198,172.18603806156284,25.81396193843716
2023-10-10,S002,P0018,133,87.26386884517427,45.73613115482573
2023-10-11,S001,P0003,23,144.28072937513247,-121.28072937513247
2023-10-11,S003,P0010,288,241.9940215071499,46.00597849285009
2023-10-11,S002,P0017,216,120.4651138010571,95.5348861989429
2023-10-11,S005,P0004,50,77.06342695206138,-27.063426952061377
2023-10-11,S003,P0009,36,178.2728883507492,-142.2728883507492
2023-10-11,S003,P0011,68,49.77337612377124,18.226623876228757
2023-10-11,S005,P0003,321,205.82470644211662,115.17529355788338
2023-10-11,S003,P0019,107,99.36705246463816,7.632947535361836
2023-10-11,S003,P0020,107,62.13392993267894,44.86607006732106
2023-10-11,S001,P0020,73,129.47656988782035,-56.47656988782035
2023-10-11,S005,P0005,84,82.44442183645776,1.5555781635422363
2023-10-11,S004,P0009,56,187.63154843958915,-131.63154843958915
2023-10-11,S001,P0012,99,114.10859349182141,-15.10859349182141
2023-10-11,S001,P0007,144,231.3211347725109,-87.3211347725109
2023-10-11,S002,P0019,383,242.30210947541877,140.69789052458123
2023-10-11,S005,P0012,76,151.13824218522302,-75.13824218522302
2023-10-11,S001,P0009,198,199.2394810727393,-1.239481072739295
2023-10-11,S001,P0013,96,68.2569796613588,27.7430203386412
2023-10-11,S002,P0018,207,107.82681163262117,99.17318836737883
2023-10-11,S004,P0010,226,116.58128466567769,109.41871533432231
2023-10-11,S004,P0011,90,68.18967256013337,21.810327439866626
2023-10-11,S002,P0011,89,49.97047036786995,39.02952963213005
2023-10-11,S002,P0005,134,95.26247506633564,38.73752493366436
2023-10-11,S004,P0012,20,50.089571730226226,-30.089571730226226
2023-10-11,S003,P0003,19,221.87320797131844,-202.87320797131844
2023-10-11,S004,P0008,86,127.01139835919673,-41.01139835919673
2023-10-11,S002,P0010,101,206.40687218589284,-105.40687218589284
2023-10-11,S002,P0015,52,43.676366035964406,8.323633964035594
2023-10-11,S004,P0020,122,66.68178141933623,55.31821858066377
2023-10-11,S002,P0016,233,125.48973830586095,107.51026169413905
2023-10-11,S004,P0018,60,128.66332220612873,-68.66332220612873
2023-10-11,S002,P0004,45,90.69549497212483,-45.695494972124834
2023-10-11,S005,P0020,3,148.88389244337725,-145.88389244337725
2023-10-11,S005,P0006,203,138.94160855907006,64.05839144092994
2023-10-11,S001,P0018,46,112.40304014395224,-66.40304014395224
2023-10-11,S003,P0016,27,52.406079030888634,-25.406079030888634
2023-10-11,S003,P0004,115,100.12155625949879,14.878443740501211
2023-10-11,S001,P0014,110,208.1844050950545,-98.1844050950545
2023-10-11,S003,P0014,5,150.97638090056756,-145.97638090056756
2023-10-11,S001,P0017,371,217.87128115579998,153.12871884420002
2023-10-11,S003,P0012,55,54.88746427741495,0.11253572258505073
2023-10-11,S005,P0001,142,161.29249545474215,-19.292495454742152
2023-10-11,S003,P0015,90,215.00910904555542,-125.00910904555542
2023-10-11,S005,P0008,46,109.12229833671233,-63.12229833671233
2023-10-11,S003,P0008,263,222.86348757052485,40.13651242947515
2023-10-11,S003,P0002,31,36.784636529236025,-5.784636529236025
2023-10-11,S005,P0019,90,199.69183891992583,-109.69183891992583
2023-10-11,S002,P0006,245,226.29467434479363,18.705325655206366
2023-10-11,S001,P0015,51,33.93698533284589,17.063014667154107
2023-10-11,S005,P0014,75,214.90673700527884,-139.90673700527884
2023-10-11,S001,P0005,126,83.3800900554831,42.619909944516905
2023-10-11,S005,P0013,20,90.81967426158155,-70.81967426158155
2023-10-11,S002,P0001,38,56.710110539007644,-18.710110539007644
2023-10-11,S003,P0013,31,101.04968056234759,-70.04968056234759
2023-10-11,S001,P0002,36,59.42968274731152,-23.429682747311517
2023-10-11,S004,P0013,10,29.134433136382768,-19.134433136382768
2023-10-11,S004,P0019,369,192.5435095974364,176.4564904025636
2023-10-11,S004,P0015,48,44.31802032686659,3.6819796731334122
2023-10-11,S001,P0001,17,27.147153691927997,-10.147153691927997
2023-10-11,S005,P0018,182,168.88028438595643,13.119715614043571
2023-10-11,S005,P0010,186,135.07032744331764,50.92967255668236
2023-10-11,S004,P0006,196,138.00431909574337,57.99568090425663
2023-10-11,S005,P0007,19,70.43007738323428,-51.43007738323428
2023-10-11,S002,P0008,466,232.94760617707692,233.05239382292308
2023-10-11,S002,P0003,185,192.94568798389702,-7.945687983897017
2023-10-11,S004,P0003,371,204.56310745253364,166.43689254746636
2023-10-11,S005,P0009,96,56.829711119458295,39.170288880541705
2023-10-11,S005,P0017,316,192.36263244673933,123.63736755326067
2023-10-11,S001,P0008,227,223.25282405161198,3.747175948388019
2023-10-11,S004,P0014,70,208.85714166014338,-138.85714166014338
2023-10-11,S003,P0007,199,115.77639405874692,83.22360594125308
2023-10-11,S002,P0009,54,68.95495734555732,-14.954957345557318
2023-10-11,S004,P0017,30,44.78125654532312,-14.781256545323117
2023-10-11,S002,P0007,212,121.96735102893155,90.03264897106845
2023-10-11,S002,P0002,271,226.745976574743,44.254023425257
2023-10-11,S004,P0002,393,230.93265286768496,162.06734713231504
2023-10-11,S001,P0011,149,100.23108611106244,48.76891388893756
2023-10-11,S005,P0016,82,43.49263221855563,38.50736778144437
2023-10-11,S002,P0013,346,214.53466736738034,131.46533263261966
2023-10-11,S003,P0001,67,97.38599604163988,-30.385996041639885
2023-10-11,S002,P0012,135,74.71660277863845,60.283397221361554
2023-10-11,S003,P0018,45,74.34643346697374,-29.346433466973735
2023-10-11,S003,P0005,170,200.68638412971836,-30.686384129718363
2023-10-11,S001,P0010,74,198.971915639418,-124.971915639418
2023-10-11,S004,P0001,67,181.39887411534397,-114.39887411534397
2023-10-11,S002,P0020,165,101.99767423210147,63.002325767898526
2023-10-11,S001,P0006,46,82.57751305336961,-36.577513053369614
2023-10-11,S005,P0002,145,73.96100222845848,71.03899777154152
2023-10-11,S002,P0014,168,104.86150958703672,63.13849041296328
2023-10-11,S004,P0005,72,93.13564345499447,-21.135643454994465
2023-10-11,S004,P0004,358,227.29683836717794,130.70316163282206
2023-10-11,S003,P0006,74,190.01214046064558,-116.01214046064558
2023-10-11,S001,P0019,37,45.40662271937572,-8.406622719375719
2023-10-11,S004,P0016,133,104.61500074909077,28.38499925090923
2023-10-11,S001,P0016,186,112.34322176848696,73.65677823151304
2023-10-11,S005,P0011,458,243.32075069492953,214.67924930507047
2023-10-11,S001,P0004,48,121.04392655251121,-73.04392655251121
2023-10-11,S004,P0007,158,90.39992855579294,67.60007144420706
2023-10-11,S005,P0015,13,234.6186336310576,-221.6186336310576
2023-10-11,S003,P0017,21,75.26018104837806,-54.26018104837806
2023-10-12,S003,P0003,351,192.63080054978752,158.36919945021248
2023-10-12,S002,P0013,32,143.49862515632157,-111.49862515632157
2023-10-12,S005,P0004,26,32.909809183587754,-6.909809183587754
2023-10-12,S001,P0008,121,62.14758500849359,58.85241499150641
2023-10-12,S004,P0017,12,132.3749971618135,-120.3749971618135
2023-10-12,S004,P0015,89,53.26210472977078,35.73789527022922
2023-10-12,S001,P0006,364,220.8003172290193,143.1996827709807
2023-10-12,S004,P0014,302,232.91313506691336,69.08686493308664
2023-10-12,S003,P0005,231,180.0772293932427,50.9227706067573
2023-10-12,S005,P0018,136,137.7803056588554,-1.7803056588554114
2023-10-12,S001,P0005,49,85.67667965510054,-36.67667965510054
2023-10-12,S005,P0013,51,243.92538589810738,-192.92538589810738
2023-10-12,S003,P0015,183,118.616452808443,64.383547191557
2023-10-12,S001,P0002,153,247.83722859811792,-94.83722859811792
2023-10-12,S002,P0019,55,59.48412730234401,-4.484127302344007
2023-10-12,S004,P0016,271,169.68221246066543,101.31778753933457
2023-10-12,S001,P0020,263,149.9959868615988,113.0040131384012
2023-10-12,S004,P0018,96,118.07111201917542,-22.071112019175416
2023-10-12,S001,P0018,93,193.53867207652945,-100.53867207652945
2023-10-12,S001,P0016,349,212.70581345783705,136.29418654216295
2023-10-12,S002,P0015,104,57.75792356725117,46.24207643274883
2023-10-12,S003,P0007,130,78.23627125585745,51.763728744142554
2023-10-12,S002,P0010,117,242.6712292332246,-125.67122923322461
2023-10-12,S002,P0018,42,73.91041719503363,-31.91041719503363
2023-10-12,S004,P0010,180,121.09165900620758,58.90834099379242
2023-10-12,S005,P0019,56,48.80765305665676,7.192346943343239
2023-10-12,S002,P0011,84,63.108673867359244,20.891326132640756
2023-10-12,S004,P0005,65,105.66785490633708,-40.667854906337084
2023-10-12,S002,P0002,15,157.62857550396228,-142.62857550396228
2023-10-12,S003,P0010,295,173.19724194373993,121.80275805626007
2023-10-12,S001,P0012,105,125.6397092644961,-20.639709264496105
2023-10-12,S005,P0016,96,69.22461047556135,26.77538952443865
2023-10-12,S002,P0003,37,29.408628826724794,7.591371173275206
2023-10-12,S001,P0017,148,223.1401968024132,-75.14019680241319
2023-10-12,S003,P0013,291,246.63334118825674,44.366658811743264
2023-10-12,S003,P0004,279,164.28735275166093,114.71264724833907
2023-10-12,S002,P0006,123,204.43237450523515,-81.43237450523515
2023-10-12,S001,P0015,207,115.76302926124043,91.23697073875957
2023-10-12,S001,P0013,48,115.07910441573097,-67.07910441573097
2023-10-12,S003,P0012,404,208.1216515436435,195.8783484563565
2023-10-12,S005,P0001,42,60.69799881713192,-18.697998817131918
2023-10-12,S003,P0006,58,209.0632074241965,-151.0632074241965
2023-10-12,S005,P0009,20,89.13569666786555,-69.13569666786555
2023-10-12,S005,P0017,136,218.8447926096071,-82.84479260960711
2023-10-12,S005,P0015,108,188.30293653571994,-80.30293653571994
2023-10-12,S005,P0005,90,118.47475144041402,-28.474751440414025
2023-10-12,S005,P0011,215,211.17068017729605,3.829319822703951
2023-10-12,S002,P0017,135,173.4975203306983,-38.49752033069831
2023-10-12,S001,P0019,234,169.22887139024454,64.77112860975546
2023-10-12,S001,P0004,119,63.03739858198122,55.96260141801878
2023-10-12,S003,P0017,100,90.68250557882158,9.317494421178424
2023-10-12,S002,P0014,130,188.6565946843274,-58.65659468432739
2023-10-12,S005,P0002,153,174.96711205317166,-21.96711205317166
2023-10-12,S002,P0007,163,221.17419636174475,-58.17419636174475
2023-10-12,S003,P0011,213,123.79127382034528,89.20872617965472
2023-10-12,S002,P0009,182,109.1416591405764,72.8583408594236
2023-10-12,S004,P0009,45,231.9241239318191,-186.9241239318191
2023-10-12,S003,P0009,26,82.74020994829516,-56.74020994829516
2023-10-12,S004,P0002,197,116.69750792899055,80.30249207100945
2023-10-12,S001,P0011,102,237.73511372926748,-135.73511372926748
2023-10-12,S003,P0001,79,94.35836220546918,-15.358362205469177
2023-10-12,S002,P0012,242,131.76795042230702,110.23204957769298
2023-10-12,S003,P0018,37,31.94319727937051,5.056802720629491
2023-10-12,S001,P0010,37,31.54315942800349,5.4568405719965085
2023-10-12,S002,P0020,375,241.3368283597461,133.6631716402539
2023-10-12,S004,P0011,35,29.10216562186031,5.897834378139692
2023-10-12,S001,P0003,50,64.58483896968914,-14.584838969689145
2023-10-12,S004,P0004,73,59.90467290688696,13.095327093113042
2023-10-12,S003,P0014,11,110.00843543588991,-99.00843543588991
2023-10-12,S001,P0014,397,208.17523582722873,188.82476417277127
2023-10-12,S005,P0008,15,245.1875403688191,-230.1875403688191
2023-10-12,S003,P0020,265,248.09146652774058,16.90853347225942
2023-10-12,S005,P0014,57,195.01507294565124,-138.01507294565124
2023-10-12,S002,P0001,227,149.79693356371195,77.20306643628805
2023-10-12,S004,P0013,104,155.98178845288743,-51.98178845288743
2023-10-12,S005,P0012,30,32.140934458780976,-2.1409344587809755
2023-10-12,S003,P0019,60,153.47634854787617,-93.47634854787617
2023-10-12,S001,P0007,131,162.2421555070161,-31.242155507016093
2023-10-12,S004,P0019,380,248.91798237316402,131.08201762683598
2023-10-12,S001,P0001,77,136.01131007261205,-59.01131007261205
2023-10-12,S004,P0006,88,87.30072342830886,0.6992765716911435
2023-10-12,S002,P0008,58,86.48275822938234,-28.48275822938234
2023-10-12,S003,P0016,165,221.65091154472236,-56.65091154472236
2023-10-12,S005,P0007,61,91.57818450762807,-30.578184507628066
2023-10-12,S002,P0005,72,182.36728011354847,-110.36728011354847
2023-10-12,S004,P0003,357,241.59241167313428,115.40758832686572
2023-10-12,S005,P0020,85,145.75051839282406,-60.75051839282406
2023-10-12,S002,P0004,110,81.70128083657636,28.29871916342364
2023-10-12,S002,P0016,396,226.25179141106986,169.74820858893014
2023-10-12,S004,P0020,68,88.45892665259828,-20.45892665259828
2023-10-12,S004,P0012,200,105.66957894997233,94.33042105002767
2023-10-12,S005,P0010,151,198.2854706952417,-47.28547069524171
2023-10-12,S004,P0008,66,148.48190924802822,-82.48190924802822
2023-10-12,S001,P0009,383,196.2432557590373,186.7567442409627
2023-10-12,S005,P0006,76,208.83192217069632,-132.83192217069632
2023-10-12,S003,P0008,157,91.6558560540027,65.3441439459973
2023-10-12,S003,P0002,221,209.5427293556266,11.45727064437341
2023-10-12,S005,P0003,99,157.903586415225,-58.90358641522499
2023-10-13,S002,P0009,266,219.1958962016676,46.80410379833239
2023-10-13,S003,P0014,101,157.7915966486213,-56.791596648621294
2023-10-13,S002,P0002,114,150.2530948630934,-36.253094863093395
2023-10-13,S004,P0006,6,37.50964064868754,-31.509640648687537
2023-10-13,S003,P0013,40,73.33212495378831,-33.33212495378831
2023-10-13,S003,P0019,358,227.82361950604695,130.17638049395305
2023-10-13,S003,P0020,27,93.82798288092192,-66.82798288092192
2023-10-13,S001,P0006,10,179.47023780464212,-169.47023780464212
2023-10-13,S004,P0003,215,140.47166906079667,74.52833093920333
2023-10-13,S004,P0008,122,150.3532921284015,-28.353292128401506
2023-10-13,S003,P0016,1,75.25440036784386,-74.25440036784386
2023-10-13,S003,P0012,3,30.654359983169286,-27.654359983169286
2023-10-13,S005,P0009,14,73.65269598270748,-59.652695982707485
2023-10-13,S005,P0011,60,225.5355292043505,-165.5355292043505
2023-10-13,S002,P0005,84,43.922454338497175,40.077545661502825
2023-10-13,S003,P0017,208,117.61975425236295,90.38024574763705
2023-10-13,S003,P0011,136,73.21379345342848,62.78620654657152
2023-10-13,S004,P0009,255,153.74372564092306,101.25627435907694
2023-10-13,S004,P0002,14,45.057152604653254,-31.057152604653254
2023-10-13,S003,P0018,345,236.79708659825116,108.20291340174884
2023-10-13,S004,P0001,375,188.8152860988086,186.1847139011914
2023-10-13,S002,P0006,51,59.72383671924564,-8.72383671924564
2023-10-13,S002,P0007,94,136.45900543259404,-42.45900543259404
2023-10-13,S002,P0008,11,28.675249144084262,-17.675249144084262
2023-10-13,S001,P0001,221,123.94382154650361,97.05617845349639
2023-10-13,S001,P0007,205,147.84921959633812,57.150780403661884
2023-10-13,S004,P0005,59,148.61792009749644,-89.61792009749644
2023-10-13,S001,P0020,38,31.29565416669675,6.70434583330325
2023-10-13,S002,P0011,4,40.331314208680965,-36.331314208680965
2023-10-13,S004,P0007,175,93.7084316441609,81.2915683558391
2023-10-13,S001,P0008,59,48.63570861887973,10.364291381120267
2023-10-13,S002,P0010,76,57.18310048382398,18.816899516176022
2023-10-13,S005,P0019,129,198.44268663645414,-69.44268663645414
2023-10-13,S002,P0003,126,146.1070855881598,-20.107085588159805
2023-10-13,S005,P0018,5,118.51730297806438,-113.51730297806438
2023-10-13,S001,P0002,236,165.9009293110475,70.09907068895251
2023-10-13,S005,P0013,16,93.00928211852528,-77.00928211852528
2023-10-13,S004,P0004,129,250.87167782576358,-121.87167782576358
2023-10-13,S005,P0014,40,118.90079073124934,-78.90079073124934
2023-10-13,S002,P0001,16,63.13225188404368,-47.13225188404368
2023-10-13,S005,P0012,55,61.992505003024064,-6.992505003024064
2023-10-13,S005,P0010,201,193.67072592130955,7.329274078690446
2023-10-13,S003,P0015,73,186.74373977172428,-113.74373977172428
2023-10-13,S001,P0003,58,154.69982272175764,-96.69982272175764
2023-10-13,S004,P0013,117,88.49346924207765,28.50653075792235
2023-10-13,S001,P0012,129,149.40865115464203,-20.40865115464203
2023-10-13,S001,P0019,66,213.14630166040894,-147.14630166040894
2023-10-13,S005,P0005,85,133.89750040768666,-48.897500407686664
2023-10-13,S005,P0015,117,92.24806609969403,24.75193390030597
2023-10-13,S003,P0002,90,191.82162855483608,-101.82162855483608
2023-10-13,S004,P0017,135,77.30419231851732,57.69580768148268
2023-10-13,S002,P0019,70,142.31733896360112,-72.31733896360112
2023-10-13,S001,P0013,17,51.200521947668335,-34.200521947668335
2023-10-13,S005,P0003,351,195.1473309823852,155.8526690176148
2023-10-13,S004,P0010,12,140.8059525332592,-128.8059525332592
2023-10-13,S001,P0005,87,167.86028294301025,-80.86028294301025
2023-10-13,S003,P0004,61,110.64074394249292,-49.64074394249292
2023-10-13,S004,P0018,127,69.96149940233573,57.03850059766427
2023-10-13,S002,P0015,348,236.78977426587448,111.21022573412552
2023-10-13,S005,P0017,394,220.96469220222474,173.03530779777526
2023-10-13,S005,P0001,101,58.10547754072559,42.89452245927441
2023-10-13,S001,P0014,168,176.12247717510616,-8.122477175106155
2023-10-13,S001,P0004,193,154.3768973048749,38.62310269512511
2023-10-13,S003,P0003,149,85.88779902990643,63.11220097009357
2023-10-13,S005,P0020,29,54.453595762691066,-25.453595762691066
2023-10-13,S003,P0008,2,227.63051662374107,-225.63051662374107
2023-10-13,S001,P0009,80,197.5925072279707,-117.59250722797071
2023-10-13,S003,P0010,144,97.29217534319417,46.707824656805826
2023-10-13,S001,P0015,231,210.81468650201754,20.185313497982463
2023-10-13,S004,P0019,300,246.2163934578541,53.78360654214589
2023-10-13,S002,P0016,95,171.81800319742894,-76.81800319742894
2023-10-13,S004,P0020,165,196.83472987867077,-31.83472987867077
2023-10-13,S005,P0006,170,105.6735025321725,64.3264974678275
2023-10-13,S005,P0008,160,208.8382855287947,-48.8382855287947
2023-10-13,S001,P0018,299,212.08397789376681,86.91602210623319
2023-10-13,S004,P0014,35,165.45110473428417,-130.45110473428417
2023-10-13,S001,P0016,42,51.39578056146405,-9.39578056146405
2023-10-13,S002,P0013,147,78.2358529661322,68.7641470338678
2023-10-13,S002,P0020,117,83.31644206958913,33.68355793041087
2023-10-13,S004,P0015,226,174.47933875460416,51.52066124539584
2023-10-13,S003,P0006,108,245.0742748331602,-137.0742748331602
2023-10-13,S001,P0010,37,242.94398959279704,-205.94398959279704
2023-10-13,S002,P0014,139,224.15530515892374,-85.15530515892374
2023-10-13,S003,P0009,275,151.21086593485745,123.78913406514255
2023-10-13,S004,P0011,443,238.2896474355507,204.7103525644493
2023-10-13,S002,P0017,24,37.003311339480376,-13.003311339480376
2023-10-13,S005,P0002,136,99.91176690561377,36.088233094386226
2023-10-13,S003,P0007,39,43.41898783355589,-4.418987833555889
2023-10-13,S002,P0012,27,250.2805020706499,-223.2805020706499
2023-10-13,S005,P0007,226,122.76233418758937,103.23766581241063
2023-10-13,S004,P0012,418,212.92705595981636,205.07294404018364
2023-10-13,S004,P0016,244,173.20947036868785,70.79052963131215
2023-10-13,S005,P0016,174,227.19951066362273,-53.19951066362273
2023-10-13,S002,P0018,177,169.1683929285246,7.831607071475389
2023-10-13,S001,P0017,152,143.01444416197097,8.985555838029029
2023-10-13,S003,P0001,382,215.63154492450553,166.36845507549447
2023-10-13,S001,P0011,206,176.04866876994924,29.951331230050755
2023-10-13,S003,P0005,53,65.09889571888874,-12.098895718888741
2023-10-14,S004,P0002,185,101.8881376561335,83.1118623438665
2023-10-14,S003,P0009,165,113.16069042685962,51.83930957314038
2023-10-14,S004,P0009,226,217.04996712004157,8.950032879958428
2023-10-14,S002,P0016,71,78.25407043869978,-7.2540704386997845
2023-10-14,S001,P0003,1,166.69846736524914,-165.69846736524914
2023-10-14,S004,P0001,295,235.55619452832366,59.44380547167634
2023-10-14,S004,P0020,162,113.39346300173935,48.60653699826065
2023-10-14,S002,P0020,176,236.47612407064298,-60.47612407064298
2023-10-14,S002,P0007,188,209.42429676926497,-21.42429676926497
2023-10-14,S005,P0006,73,238.4759469400201,-165.4759469400201
2023-10-14,S001,P0019,7,248.47168429603863,-241.47168429603863
2023-10-14,S003,P0012,56,116.9507859985984,-60.950785998598406
2023-10-14,S001,P0011,42,30.40405682814969,11.595943171850308
2023-10-14,S003,P0016,246,210.1677997632795,35.832200236720496
2023-10-14,S004,P0011,62,191.7126042672553,-129.7126042672553
2023-10-14,S001,P0014,120,65.8311866425397,54.168813357460294
2023-10-14,S003,P0018,119,202.24402657541623,-83.24402657541623
2023-10-14,S005,P0001,95,249.35028331136778,-154.35028331136778
2023-10-14,S005,P0017,142,177.5127018842415,-35.512701884241494
2023-10-14,S005,P0015,6,133.8787533440804,-127.8787533440804
2023-10-14,S005,P0011,11,147.28329518819476,-136.28329518819476
2023-10-14,S002,P0012,224,154.6881592760135,69.3118407239865
2023-10-14,S005,P0009,197,126.96508276826052,70.03491723173948
2023-10-14,S003,P0017,183,139.77078735900875,43.22921264099125
2023-10-14,S005,P0020,48,230.317259082583,-182.317259082583
2023-10-14,S002,P0004,140,85.22725561895373,54.772744381046266
2023-10-14,S005,P0002,112,97.06118153685873,14.938818463141274
2023-10-14,S004,P0010,97,61.88516933308978,35.11483066691022
2023-10-14,S003,P0002,197,131.924784393511,65.075215606489
2023-10-14,S004,P0005,243,182.7751263092063,60.224873690793686
2023-10-14,S005,P0016,333,211.49858645774287,121.50141354225713
2023-10-14,S001,P0018,446,241.1663531970848,204.8336468029152
2023-10-14,S004,P0014,363,240.76894353477923,122.23105646522077
2023-10-14,S001,P0006,250,228.03204738036357,21.967952619636435
2023-10-14,S003,P0005,60,191.02190062448102,-131.02190062448102
2023-10-14,S004,P0007,187,164.31133366679296,22.68866633320704
2023-10-14,S005,P0010,236,203.73430678471277,32.26569321528723
2023-10-14,S004,P0016,137,113.30248200156473,23.697517998435274
2023-10-14,S001,P0017,46,228.36443046994043,-182.36443046994043
2023-10-14,S002,P0010,122,108.94900685817879,13.050993141821209
2023-10-14,S005,P0007,329,242.1894915151869,86.81050848481311
2023-10-14,S002,P0013,24,43.20567436008383,-19.205674360083833
2023-10-14,S003,P0014,311,213.39183695681982,97.60816304318018
2023-10-14,S001,P0002,74,110.04436366044553,-36.044363660445526
2023-10-14,S002,P0014,128,203.30354625288084,-75.30354625288084
2023-10-14,S002,P0002,180,113.87721690069293,66.12278309930707
2023-10-14,S002,P0009,6,63.68712220626253,-57.68712220626253
2023-10-14,S001,P0010,10,202.92171428239652,-192.92171428239652
2023-10-14,S003,P0006,221,116.00602674676378,104.99397325323622
2023-10-14,S004,P0006,120,182.20811440686208,-62.20811440686208
2023-10-14,S004,P0015,124,66.36266154536617,57.637338454633834
2023-10-14,S003,P0007,75,237.3682981197956,-162.3682981197956
2023-10-14,S001,P0016,4,32.048433723581354,-28.048433723581354
2023-10-14,S004,P0017,58,216.29638984608732,-158.29638984608732
2023-10-14,S005,P0019,59,97.8413465441007,-38.8413465441007
2023-10-14,S004,P0003,42,37.225003407316024,4.774996592683976
2023-10-14,S002,P0008,249,171.13833531115517,77.86166468884483
2023-10-14,S001,P0001,18,237.4455880873296,-219.4455880873296
2023-10-14,S004,P0008,64,154.13519437888738,-90.13519437888738
2023-10-14,S004,P0019,172,186.16716642725112,-14.167166427251118
2023-10-14,S001,P0015,109,180.84364324235702,-71.84364324235702
2023-10-14,S004,P0004,98,85.7248473677787,12.275152632221307
2023-10-14,S003,P0008,148,184.7756904389945,-36.7756904389945
2023-10-14,S002,P0006,36,36.18135873788691,-0.18135873788691015
2023-10-14,S004,P0013,44,40.654162985913274,3.345837014086726
2023-10-14,S002,P0001,90,250.0046751053663,-160.0046751053663
2023-10-14,S003,P0003,46,66.30561363092625,-20.305613630926246
2023-10-14,S005,P0013,218,205.69673854315778,12.303261456842222
2023-10-14,S005,P0014,47,40.729268933800824,6.2707310661991755
2023-10-14,S001,P0004,113,83.9436911509448,29.0563088490552
2023-10-14,S005,P0018,106,245.2686108561702,-139.2686108561702
2023-10-14,S002,P0003,171,94.16526360115176,76.83473639884824
2023-10-14,S002,P0015,99,112.5709439365649,-13.570943936564902
2023-10-14,S004,P0018,340,179.29676405958253,160.70323594041747
2023-10-14,S003,P0004,25,188.32083131497114,-163.32083131497114
2023-10-14,S001,P0005,90,77.60300567011177,12.39699432988823
2023-10-14,S001,P0008,407,218.07032707395746,188.92967292604254
2023-10-14,S003,P0015,301,236.53462195320117,64.46537804679883
2023-10-14,S004,P0012,75,200.53247083585592,-125.53247083585592
2023-10-14,S003,P0011,305,184.50550196641314,120.49449803358686
2023-10-14,S003,P0013,332,199.3833518487122,132.6166481512878
2023-10-14,S001,P0009,197,167.8354561153211,29.164543884678892
2023-10-14,S002,P0019,52,107.6346365440699,-55.634636544069906
2023-10-14,S001,P0012,146,114.00356237864918,31.99643762135082
2023-10-14,S003,P0020,110,89.52126017411388,20.478739825886123
2023-10-14,S005,P0004,61,246.75398922455554,-185.75398922455554
2023-10-14,S001,P0020,65,94.71245846034464,-29.712458460344635
2023-10-14,S005,P0005,139,240.2769515647592,-101.2769515647592
2023-10-14,S001,P0013,377,199.9581355020029,177.0418644979971
2023-10-14,S002,P0017,62,40.84328193551369,21.156718064486313
2023-10-14,S005,P0012,32,220.76125066020086,-188.76125066020086
2023-10-14,S005,P0003,151,172.2483238749099,-21.248323874909886
2023-10-14,S002,P0011,47,61.48195344048412,-14.48195344048412
2023-10-14,S002,P0005,366,226.31492251369957,139.68507748630043
2023-10-14,S001,P0007,87,60.41678944868016,26.583210551319837
2023-10-14,S002,P0018,38,54.76496019467652,-16.76496019467652
2023-10-14,S003,P0019,101,72.2246598446348,28.7753401553652
2023-10-14,S003,P0010,278,152.91975426019565,125.08024573980435
2023-10-15,S002,P0005,340,218.21987502865494,121.78012497134506
2023-10-15,S002,P0003,110,119.1503320569629,-9.150332056962895
2023-10-15,S005,P0015,103,68.17625364057153,34.82374635942847
2023-10-15,S005,P0008,35,205.18899677298384,-170.18899677298384
2023-10-15,S005,P0006,185,94.91571593336192,90.08428406663808
2023-10-15,S001,P0013,170,242.56596560236954,-72.56596560236954
2023-10-15,S004,P0020,26,86.5460422539303,-60.546042253930295
2023-10-15,S005,P0005,13,178.72616519078554,-165.72616519078554
2023-10-15,S003,P0010,357,208.6365959017046,148.3634040982954
2023-10-15,S001,P0019,54,152.24803457788101,-98.24803457788101
2023-10-15,S002,P0015,175,119.66681882528445,55.33318117471555
2023-10-15,S004,P0018,79,238.10936324178795,-159.10936324178795
2023-10-15,S003,P0020,195,199.94363615988198,-4.943636159881976
2023-10-15,S002,P0016,176,163.7592774530462,12.240722546953805
2023-10-15,S003,P0004,53,62.76683122054169,-9.76683122054169
2023-10-15,S002,P0004,62,101.00664649216418,-39.00664649216418
2023-10-15,S002,P0007,15,28.163314037148382,-13.163314037148382
2023-10-15,S001,P0005,140,162.36921959217358,-22.36921959217358
2023-10-15,S003,P0012,81,80.23553448307308,0.7644655169269186
2023-10-15,S005,P0002,200,108.83599509265923,91.16400490734077
2023-10-15,S003,P0015,151,151.63647884028694,-0.6364788402869408
2023-10-15,S002,P0019,103,59.32084065450914,43.67915934549086
2023-10-15,S005,P0019,49,73.9344853303669,-24.934485330366897
2023-10-15,S004,P0002,164,228.1821436016101,-64.18214360161011
2023-10-15,S004,P0017,282,160.13415830737847,121.86584169262153
2023-10-15,S001,P0009,46,37.5409042500911,8.459095749908897
2023-10-15,S004,P0012,100,64.2479950133918,35.7520049866082
2023-10-15,S005,P0018,283,144.5047895378312,138.4952104621688
2023-10-15,S003,P0016,164,130.69022873351156,33.30977126648844
2023-10-15,S001,P0004,12,97.18144304311397,-85.18144304311397
2023-10-15,S005,P0001,304,218.2005434532315,85.79945654676851
2023-10-15,S003,P0013,32,31.864082309394178,0.13591769060582237
2023-10-15,S002,P0008,128,181.08314872101585,-53.083148721015846
2023-10-15,S001,P0001,31,221.98172563100457,-190.98172563100457
2023-10-15,S005,P0017,33,143.22708186663056,-110.22708186663056
2023-10-15,S001,P0007,202,138.56513960815704,63.43486039184296
2023-10-15,S004,P0008,105,75.0426536991892,29.957346300810798
2023-10-15,S004,P0019,136,250.48377319789148,-114.48377319789148
2023-10-15,S005,P0011,70,60.67431588985846,9.325684110141538
2023-10-15,S001,P0014,71,156.836840424991,-85.83684042499101
2023-10-15,S002,P0011,140,134.26168158494403,5.738318415055971
2023-10-15,S001,P0015,40,53.68806488673749,-13.688064886737493
2023-10-15,S004,P0003,159,79.08478776723126,79.91521223276874
2023-10-15,S004,P0004,132,242.26760009756157,-110.26760009756157
2023-10-15,S003,P0009,309,232.30036530087028,76.69963469912972
2023-10-15,S004,P0013,91,49.21732055690376,41.78267944309624
2023-10-15,S002,P0001,338,201.56452920449624,136.43547079550376
2023-10-15,S003,P0003,258,202.145043069924,55.854956930076014
2023-10-15,S003,P0001,186,100.61842290252167,85.38157709747833
2023-10-15,S005,P0013,84,187.2448830401903,-103.2448830401903
2023-10-15,S001,P0016,80,79.29821612929669,0.7017838707033093
2023-10-15,S005,P0009,137,213.7800128884764,-76.78001288847639
2023-10-15,S005,P0014,5,151.05437053566516,-146.05437053566516
2023-10-15,S005,P0003,46,77.69715850792443,-31.697158507924428
2023-10-15,S003,P0017,153,148.34890377252867,4.651096227471328
2023-10-15,S005,P0012,148,110.85614274395687,37.143857256043134
2023-10-15,S003,P0008,140,189.81952837048624,-49.81952837048624
2023-10-15,S001,P0011,72,59.18047767068765,12.819522329312349
2023-10-15,S003,P0002,154,173.86013929558942,-19.86013929558942
2023-10-15,S004,P0009,339,220.25781490048576,118.74218509951424
2023-10-15,S003,P0018,19,30.064064120162755,-11.064064120162755
2023-10-15,S005,P0004,277,196.8035529967076,80.1964470032924
2023-10-15,S005,P0010,105,219.02305676010872,-114.02305676010872
2023-10-15,S004,P0016,33,31.867122728156517,1.1328772718434834
2023-10-15,S001,P0017,339,209.53577573422422,129.46422426577578
2023-10-15,S004,P0011,107,75.32457117049051,31.675428829509485
2023-10-15,S001,P0003,49,109.83781260026291,-60.83781260026291
2023-10-15,S002,P0018,454,228.1710813200288,225.8289186799712
2023-10-15,S002,P0010,41,98.83369859986306,-57.833698599863055
2023-10-15,S003,P0007,71,54.980292255433994,16.019707744566006
2023-10-15,S002,P0013,24,217.48143769717217,-193.48143769717217
2023-10-15,S003,P0014,6,49.25903035600345,-43.25903035600345
2023-10-15,S004,P0007,210,105.02232430237314,104.97767569762686
2023-10-15,S001,P0002,86,158.2918403026128,-72.2918403026128
2023-10-15,S002,P0014,180,239.87339756585556,-59.873397565855555
2023-10-15,S002,P0020,222,208.0800384445165,13.919961555483496
2023-10-15,S002,P0002,35,141.62949048990538,-106.62949048990538
2023-10-15,S002,P0009,2,108.20341942265321,-106.20341942265321
2023-10-15,S001,P0010,66,35.59981151093592,30.400188489064078
2023-10-15,S003,P0019,73,80.8736717100034,-7.873671710003407
2023-10-15,S003,P0006,185,179.67806128499797,5.321938715002034
2023-10-15,S002,P0006,21,99.59339949234317,-78.59339949234317
2023-10-15,S004,P0006,179,119.99144155805885,59.00855844194115
2023-10-15,S004,P0010,139,102.81593117366452,36.184068826335476
2023-10-15,S004,P0015,355,238.13723938650924,116.86276061349076
2023-10-15,S003,P0011,374,228.12421487020538,145.87578512979462
2023-10-15,S004,P0001,31,129.1743526088478,-98.17435260884781
2023-10-15,S003,P0005,131,74.6872802481858,56.3127197518142
2023-10-15,S001,P0008,122,246.1746133853428,-124.17461338534281
2023-10-15,S001,P0020,41,223.61157774798158,-182.61157774798158
2023-10-15,S001,P0006,198,128.1884309447455,69.8115690552545
2023-10-15,S005,P0016,43,211.26734281626244,-168.26734281626244
2023-10-15,S002,P0017,78,203.88930695073878,-125.88930695073878
2023-10-15,S005,P0020,426,240.00511326199597,185.99488673800403
2023-10-15,S004,P0005,4,248.01772223346632,-244.01772223346632
2023-10-15,S004,P0014,182,143.7343602494443,38.26563975055569
2023-10-15,S002,P0012,66,58.388160255643186,7.611839744356814
2023-10-15,S001,P0012,128,91.00344824333519,36.996551756664815
2023-10-15,S001,P0018,265,146.50541272963983,118.49458727036017
2023-10-16,S003,P0005,69,41.907715950373415,27.092284049626585
2023-10-16,S001,P0010,166,126.929428033009,39.070571966991
2023-10-16,S002,P0009,404,244.29570198580598,159.70429801419402
2023-10-16,S003,P0019,406,204.2436454172859,201.7563545827141
2023-10-16,S002,P0008,30,94.61908064667591,-64.61908064667591
2023-10-16,S001,P0001,109,58.02666624734735,50.97333375265265
2023-10-16,S002,P0002,67,39.99086726616139,27.009132733838612
2023-10-16,S002,P0019,163,231.0537074931858,-68.05370749318581
2023-10-16,S001,P0006,40,219.83510502692502,-179.83510502692502
2023-10-16,S003,P0015,6,245.8513124156504,-239.8513124156504
2023-10-16,S004,P0003,57,47.78526336696933,9.214736633030668
2023-10-16,S003,P0002,79,189.73143751041772,-110.73143751041772
2023-10-16,S004,P0017,461,231.42095963229934,229.57904036770066
2023-10-16,S004,P0008,47,75.81742466694197,-28.817424666941974
2023-10-16,S001,P0016,113,135.1448260240635,-22.14482602406349
2023-10-16,S003,P0013,111,65.67957467203729,45.32042532796271
2023-10-16,S002,P0016,39,50.068158059233156,-11.068158059233156
2023-10-16,S004,P0006,339,234.8927334184765,104.1072665815235
2023-10-16,S004,P0015,239,136.52461246311782,102.47538753688218
2023-10-16,S001,P0012,81,68.7965122578114,12.2034877421886
2023-10-16,S004,P0020,174,113.58293619196161,60.41706380803839
2023-10-16,S003,P0010,74,54.28288742148305,19.717112578516947
2023-10-16,S004,P0010,30,79.92780494741078,-49.92780494741078
2023-10-16,S005,P0006,115,115.39083464937062,-0.3908346493706176
2023-10-16,S005,P0008,107,55.16637364520108,51.83362635479892
2023-10-16,S004,P0005,157,192.93899961687998,-35.93899961687998
2023-10-16,S003,P0006,290,216.90532362417156,73.09467637582844
2023-10-16,S004,P0012,93,60.037447983715026,32.962552016284974
2023-10-16,S005,P0016,37,59.42152014451659,-22.42152014451659
2023-10-16,S005,P0019,148,137.40594464253428,10.59405535746572
2023-10-16,S001,P0008,177,185.46158902151376,-8.46158902151376
2023-10-16,S001,P0002,163,196.69375125403815,-33.69375125403815
2023-10-16,S004,P0019,18,83.41293668519819,-65.41293668519819
2023-10-16,S001,P0017,12,243.21900314182972,-231.21900314182972
2023-10-16,S005,P0012,25,73.705220793401,-48.705220793401
2023-10-16,S003,P0020,122,248.44961450324803,-126.44961450324803
2023-10-16,S004,P0016,168,146.64678058473646,21.35321941526354
2023-10-16,S001,P0004,136,84.89910882570547,51.10089117429453
2023-10-16,S005,P0018,183,222.38986827649614,-39.389868276496145
2023-10-16,S005,P0014,16,120.26831760562357,-104.26831760562357
2023-10-16,S005,P0004,147,125.10426886668745,21.89573113331255
2023-10-16,S005,P0010,24,29.404626303672217,-5.404626303672217
2023-10-16,S002,P0003,4,227.06501674298158,-223.06501674298158
2023-10-16,S004,P0018,339,238.80827363038952,100.19172636961048
2023-10-16,S001,P0020,105,206.0134059417573,-101.0134059417573
2023-10-16,S002,P0015,22,71.92916084596783,-49.92916084596783
2023-10-16,S004,P0007,25,52.03520670675499,-27.03520670675499
2023-10-16,S004,P0014,51,51.53357426078378,-0.5335742607837801
2023-10-16,S001,P0007,42,82.85342463195349,-40.85342463195349
2023-10-16,S005,P0013,28,134.5629445054181,-106.5629445054181
2023-10-16,S003,P0003,71,141.8972256580049,-70.89722565800491
2023-10-16,S002,P0014,37,173.06402786851396,-136.06402786851396
2023-10-16,S001,P0018,227,182.3444965104947,44.65550348950529
2023-10-16,S002,P0011,37,153.6816072881952,-116.68160728819521
2023-10-16,S003,P0014,178,143.48355277788374,34.516447222116255
2023-10-16,S001,P0015,96,55.02849743869115,40.97150256130885
2023-10-16,S002,P0013,136,163.02407089808588,-27.02407089808588
2023-10-16,S001,P0005,73,115.78505442880618,-42.78505442880618
2023-10-16,S004,P0004,112,186.3638059232311,-74.3638059232311
2023-10-16,S003,P0004,140,156.87514130238816,-16.87514130238816
2023-10-16,S002,P0018,179,107.55276430196346,71.44723569803654
2023-10-16,S004,P0013,21,205.35115183559736,-184.35115183559736
2023-10-16,S003,P0007,62,81.30417924119655,-19.30417924119655
2023-10-16,S002,P0001,13,208.74350930326466,-195.74350930326466
2023-10-16,S005,P0007,218,181.69846863695938,36.301531363040624
2023-10-16,S003,P0008,11,33.24245214778273,-22.24245214778273
2023-10-16,S002,P0010,49,119.87900477386222,-70.87900477386222
2023-10-16,S003,P0009,328,173.65550825230196,154.34449174769804
2023-10-16,S003,P0016,64,104.58016853979035,-40.58016853979035
2023-10-16,S001,P0014,207,152.93799334635906,54.062006653640935
2023-10-16,S001,P0011,211,160.8802970017539,50.11970299824611
2023-10-16,S002,P0006,196,191.9560067852558,4.043993214744205
2023-10-16,S003,P0017,41,168.4061279434249,-127.4061279434249
2023-10-16,S005,P0003,215,172.13227267854114,42.86772732145886
2023-10-16,S005,P0009,72,170.93004009112065,-98.93004009112065
2023-10-16,S005,P0001,250,200.1725942616667,49.82740573833331
2023-10-16,S004,P0001,20,48.63454370085225,-28.634543700852248
2023-10-16,S004,P0002,9,155.00218568083864,-146.00218568083864
2023-10-16,S002,P0012,124,88.61069211986955,35.389307880130445
2023-10-16,S003,P0001,222,155.21231893686638,66.78768106313362
2023-10-16,S005,P0020,256,162.9072909437063,93.0927090562937
2023-10-16,S005,P0017,205,231.063445399869,-26.06344539986901
2023-10-16,S004,P0009,228,191.6987650611557,36.30123493884429
2023-10-16,S002,P0020,110,57.76680199623485,52.23319800376515
2023-10-16,S003,P0018,180,224.08235628095855,-44.08235628095855
2023-10-16,S001,P0003,167,162.56243218597137,4.437567814028625
2023-10-16,S005,P0011,62,73.92575502785274,-11.925755027852745
2023-10-16,S002,P0017,355,211.72621488271005,143.27378511728995
2023-10-16,S005,P0015,160,217.35580760461062,-57.35580760461062
2023-10-16,S002,P0005,140,104.15082389508603,35.849176104913965
2023-10-16,S004,P0011,357,231.59797848738953,125.40202151261047
2023-10-16,S002,P0007,102,100.15186218933297,1.8481378106670263
2023-10-16,S002,P0004,269,150.36942566379588,118.63057433620412
2023-10-16,S001,P0009,9,105.36853760806679,-96.36853760806679
2023-10-16,S001,P0013,58,74.83465392727379,-16.83465392727379
2023-10-16,S001,P0019,7,88.63783681058771,-81.63783681058771
2023-10-16,S005,P0005,199,210.50434612595825,-11.50434612595825
2023-10-16,S005,P0002,125,98.28972979777251,26.71027020222749
2023-10-16,S003,P0011,91,153.0309243574756,-62.03092435747561
2023-10-17,S003,P0001,350,247.07991459414114,102.92008540585886
2023-10-17,S005,P0020,9,128.26457101918146,-119.26457101918146
2023-10-17,S005,P0010,29,190.90261607978408,-161.90261607978408
2023-10-17,S004,P0014,52,74.76712548436683,-22.76712548436683
2023-10-17,S001,P0020,167,217.3045627484932,-50.3045627484932
2023-10-17,S004,P0013,100,60.79251858102566,39.20748141897434
2023-10-17,S003,P0005,244,164.11246122951218,79.88753877048782
2023-10-17,S002,P0001,357,219.23728424400264,137.76271575599736
2023-10-17,S002,P0007,166,221.73732849784687,-55.737328497846875
2023-10-17,S002,P0020,19,224.41194036807576,-205.41194036807576
2023-10-17,S001,P0007,3,193.89682473075533,-190.89682473075533
2023-10-17,S004,P0007,219,110.88838330017171,108.11161669982829
2023-10-17,S001,P0008,238,147.6721999594979,90.3278000405021
2023-10-17,S003,P0008,51,186.4517700730184,-135.4517700730184
2023-10-17,S003,P0018,68,41.39376326815227,26.60623673184773
2023-10-17,S004,P0004,19,57.567682702535365,-38.567682702535365
2023-10-17,S003,P0016,125,110.8724047094571,14.1275952905429
2023-10-17,S003,P0004,200,175.88502086345716,24.114979136542843
2023-10-17,S004,P0011,150,114.21080324794343,35.78919675205657
2023-10-17,S005,P0004,410,234.19253643596534,175.80746356403466
2023-10-17,S001,P0005,200,106.7506825324939,93.2493174675061
2023-10-17,S003,P0020,171,102.99468825348231,68.00531174651769
2023-10-17,S004,P0002,105,122.40043031763821,-17.40043031763821
2023-10-17,S005,P0019,134,93.67644878604551,40.32355121395449
2023-10-17,S005,P0015,52,121.10469110794156,-69.10469110794156
2023-10-17,S002,P0003,326,232.90734243127395,93.09265756872605
2023-10-17,S002,P0015,402,215.11190414977193,186.88809585022807
2023-10-17,S001,P0016,231,172.84716618155142,58.152833818448585
2023-10-17,S002,P0010,85,46.11037276521023,38.88962723478977
2023-10-17,S005,P0018,2,102.35378610773034,-100.35378610773034
2023-10-17,S001,P0012,181,119.03157647128222,61.96842352871778
2023-10-17,S001,P0011,471,248.92344594209425,222.07655405790575
2023-10-17,S004,P0005,152,169.79006431324012,-17.790064313240123
2023-10-17,S001,P0004,390,205.5791444909235,184.4208555090765
2023-10-17,S003,P0017,346,243.76216038703922,102.23783961296078
2023-10-17,S005,P0016,332,224.91606458199504,107.08393541800496
2023-10-17,S003,P0003,87,124.41417400019589,-37.414174000195885
2023-10-17,S001,P0019,44,77.98163456531637,-33.98163456531637
2023-10-17,S005,P0002,19,61.71779423714696,-42.71779423714696
2023-10-17,S002,P0011,301,193.42482366567185,107.57517633432815
2023-10-17,S003,P0015,265,201.55058247065426,63.44941752934574
2023-10-17,S005,P0014,378,240.3132820712969,137.6867179287031
2023-10-17,S002,P0017,33,161.45699141055354,-128.45699141055354
2023-10-17,S001,P0006,223,196.14648233154264,26.853517668457357
2023-10-17,S005,P0013,163,150.47768891037742,12.522311089622576
2023-10-17,S004,P0018,71,106.38097882067001,-35.38097882067001
2023-10-17,S005,P0009,116,128.54173099091844,-12.541730990918438
2023-10-17,S005,P0012,126,236.88035264756962,-110.88035264756962
2023-10-17,S001,P0018,33,107.63432831669775,-74.63432831669775
2023-10-17,S002,P0012,35,53.54427619023795,-18.54427619023795
2023-10-17,S004,P0017,115,227.615645286534,-112.615645286534
2023-10-17,S002,P0019,19,147.06238982804973,-128.06238982804973
2023-10-17,S003,P0012,465,241.80615820689258,223.19384179310742
2023-10-17,S003,P0002,143,209.99850259179863,-66.99850259179863
2023-10-17,S005,P0001,60,120.76945650366031,-60.76945650366031
2023-10-17,S001,P0002,53,127.56568643532381,-74.56568643532381
2023-10-17,S002,P0014,165,148.03634899256576,16.963651007434237
2023-10-17,S002,P0002,167,135.25028142480744,31.74971857519256
2023-10-17,S004,P0003,118,243.19391944642365,-125.19391944642365
2023-10-17,S005,P0011,387,194.58942583001607,192.41057416998393
2023-10-17,S003,P0019,225,138.01265117125365,86.98734882874635
2023-10-17,S001,P0010,222,139.89601110439548,82.10398889560452
2023-10-17,S002,P0006,53,46.21359408684384,6.786405913156159
2023-10-17,S004,P0012,77,167.9346397905989,-90.93463979059891
2023-10-17,S001,P0009,9,170.91929622932594,-161.91929622932594
2023-10-17,S003,P0009,262,222.8391610249584,39.1608389750416
2023-10-17,S003,P0006,453,243.53910192728364,209.46089807271636
2023-10-17,S004,P0001,140,169.33388029528618,-29.33388029528618
2023-10-17,S002,P0005,67,166.21087574741415,-99.21087574741415
2023-10-17,S005,P0008,232,129.06553817498747,102.93446182501253
2023-10-17,S005,P0006,41,217.101836144736,-176.101836144736
2023-10-17,S004,P0010,158,221.92536026322938,-63.92536026322938
2023-10-17,S001,P0013,64,132.4492869945529,-68.44928699455289
2023-10-17,S003,P0010,65,44.94760097835348,20.052399021646522
2023-10-17,S004,P0015,228,138.28324665617117,89.71675334382883
2023-10-17,S004,P0020,106,231.969808911779,-125.96980891177901
2023-10-17,S003,P0011,42,201.86835781133482,-159.86835781133482
2023-10-17,S004,P0006,23,57.77479793354786,-34.77479793354786
2023-10-17,S002,P0009,33,68.06269583611646,-35.06269583611646
2023-10-17,S003,P0013,216,135.95018509196143,80.04981490803857
2023-10-17,S002,P0004,46,30.521100710033863,15.478899289966137
2023-10-17,S002,P0016,55,33.48530177715418,21.514698222845823
2023-10-17,S001,P0014,415,233.18294246034685,181.81705753965315
2023-10-17,S002,P0008,150,78.80480994246238,71.19519005753762
2023-10-17,S005,P0005,151,89.53104239381162,61.46895760618838
2023-10-17,S005,P0017,303,168.9525640092271,134.0474359907729
2023-10-17,S001,P0001,100,84.27117858680703,15.728821413192975
2023-10-17,S001,P0017,286,240.80992458311255,45.19007541688745
2023-10-17,S002,P0018,161,214.79008243675332,-53.79008243675332
2023-10-17,S005,P0007,150,205.55246373358074,-55.55246373358074
2023-10-17,S004,P0009,35,77.00992995788198,-42.00992995788198
2023-10-17,S002,P0013,202,210.52576412651308,-8.525764126513081
2023-10-17,S003,P0007,293,240.77977709861835,52.220222901381646
2023-10-17,S003,P0014,166,114.90987984132187,51.09012015867813
2023-10-17,S004,P0008,266,220.7769484191578,45.223051580842196
2023-10-17,S004,P0019,109,233.30875518939513,-124.30875518939513
2023-10-17,S005,P0003,42,68.38101069916928,-26.38101069916928
2023-10-17,S001,P0003,4,86.23862111546862,-82.23862111546862
2023-10-18,S005,P0007,135,173.49345036710497,-38.49345036710497
2023-10-18,S003,P0011,155,87.80697151583587,67.19302848416413
2023-10-18,S001,P0013,142,177.52786251799506,-35.52786251799506
2023-10-18,S004,P0002,54,85.46642825319839,-31.466428253198387
2023-10-18,S004,P0014,216,212.35218701479977,3.6478129852002326
2023-10-18,S001,P0003,12,34.804691662752646,-22.804691662752646
2023-10-18,S003,P0007,141,244.29825422082763,-103.29825422082763
2023-10-18,S001,P0020,89,139.88332849786974,-50.88332849786974
2023-10-18,S005,P0002,278,165.87967633633087,112.12032366366913
2023-10-18,S001,P0017,190,228.92064908106977,-38.92064908106977
2023-10-18,S003,P0006,154,143.8608282771072,10.139171722892797
2023-10-18,S003,P0018,106,122.42628148027751,-16.42628148027751
2023-10-18,S001,P0008,104,72.6685539675201,31.331446032479903
2023-10-18,S004,P0006,87,56.59950291414225,30.40049708585775
2023-10-18,S004,P0016,141,160.26372644744572,-19.26372644744572
2023-10-18,S002,P0009,130,215.81754360229735,-85.81754360229735
2023-10-18,S005,P0005,221,168.46982883576038,52.53017116423962
2023-10-18,S003,P0013,103,245.05300760380277,-142.05300760380277
2023-10-18,S002,P0019,80,85.07584683005479,-5.075846830054786
2023-10-18,S003,P0004,18,50.23640430969078,-32.23640430969078
2023-10-18,S004,P0011,198,138.5052087540651,59.49479124593489
2023-10-18,S004,P0017,15,92.46822616277814,-77.46822616277814
2023-10-18,S004,P0015,37,49.86213045470407,-12.862130454704072
2023-10-18,S002,P0010,421,210.34000375454576,210.65999624545424
2023-10-18,S001,P0012,14,39.4307299963325,-25.430729996332502
2023-10-18,S004,P0001,118,78.57420292452832,39.42579707547168
2023-10-18,S003,P0014,322,248.4435732073137,73.5564267926863
2023-10-18,S005,P0020,157,111.08326108101943,45.91673891898057
2023-10-18,S002,P0013,169,142.78356353689776,26.21643646310224
2023-10-18,S001,P0002,243,181.04877353074374,61.951226469256255
2023-10-18,S001,P0018,45,74.89428678903676,-29.894286789036755
2023-10-18,S002,P0014,377,240.87631351481252,136.12368648518748
2023-10-18,S002,P0012,341,198.0150993414598,142.9849006585402
2023-10-18,S003,P0019,149,109.15631816125511,39.843681838744885
2023-10-18,S003,P0009,123,148.10892438535183,-25.108924385351827
2023-10-18,S001,P0006,10,94.96164622868395,-84.96164622868395
2023-10-18,S002,P0018,36,167.47584987983538,-131.47584987983538
2023-10-18,S005,P0019,123,173.51312180498394,-50.51312180498394
2023-10-18,S002,P0002,7,26.775283475214394,-19.775283475214394
2023-10-18,S002,P0017,5,32.68536136017747,-27.685361360177467
2023-10-18,S001,P0010,85,125.15009422340268,-40.150094223402675
2023-10-18,S004,P0009,474,237.68820885944763,236.31179114055237
2023-10-18,S005,P0016,104,90.15295373029863,13.847046269701366
2023-10-18,S004,P0005,118,120.70243767798922,-2.7024376779892236
2023-10-18,S002,P0006,28,38.43137166695544,-10.431371666955442
2023-10-18,S003,P0005,469,243.93137342501745,225.06862657498255
2023-10-18,S001,P0011,31,130.73597286745382,-99.73597286745382
2023-10-18,S004,P0010,319,160.84317716320112,158.15682283679888
2023-10-18,S001,P0016,42,134.7672537446445,-92.7672537446445
2023-10-18,S005,P0010,191,193.09893095645083,-2.098930956450829
2023-10-18,S004,P0007,20,30.5448683947601,-10.544868394760101
2023-10-18,S002,P0020,211,139.59320765408796,71.40679234591204
2023-10-18,S005,P0004,88,65.25730707930927,22.74269292069073
2023-10-18,S003,P0015,67,88.46806746383197,-21.46806746383197
2023-10-18,S003,P0010,58,47.57432467288379,10.42567532711621
2023-10-18,S003,P0008,26,237.20915916542413,-211.20915916542413
2023-10-18,S002,P0003,97,50.760616826729404,46.239383173270596
2023-10-18,S004,P0013,38,228.4307982184389,-190.4307982184389
2023-10-18,S003,P0003,53,119.8141767199038,-66.8141767199038
2023-10-18,S004,P0004,182,163.15161080281854,18.84838919718146
2023-10-18,S005,P0008,85,100.63439504765563,-15.63439504765563
2023-10-18,S002,P0011,77,46.74759511803859,30.25240488196141
2023-10-18,S001,P0001,108,143.3368539801939,-35.336853980193894
2023-10-18,S005,P0012,118,71.1350714575238,46.86492854247621
2023-10-18,S003,P0012,114,103.91150345978502,10.088496540214976
2023-10-18,S005,P0015,62,160.0168434332282,-98.01684343322819
2023-10-18,S005,P0003,194,242.02813558970036,-48.028135589700355
2023-10-18,S001,P0015,157,106.14070327034642,50.85929672965358
2023-10-18,S004,P0008,23,94.62235154964134,-71.62235154964134
2023-10-18,S005,P0017,94,87.88495576425947,6.115044235740527
2023-10-18,S005,P0018,40,43.843789825412614,-3.843789825412614
2023-10-18,S005,P0009,155,216.82424245845527,-61.824242458455274
2023-10-18,S001,P0009,311,198.95145541419413,112.04854458580587
2023-10-18,S004,P0012,195,156.24445982885715,38.755540171142854
2023-10-18,S003,P0016,62,226.669566303909,-164.669566303909
2023-10-18,S004,P0020,14,211.90212335770423,-197.90212335770423
2023-10-18,S001,P0004,56,35.35743059454137,20.64256940545863
2023-10-18,S002,P0008,92,193.8070539169551,-101.80705391695511
2023-10-18,S001,P0005,47,187.93185188815391,-140.93185188815391
2023-10-18,S003,P0002,36,50.95487076264533,-14.954870762645328
2023-10-18,S002,P0016,287,175.08725686592322,111.91274313407678
2023-10-18,S005,P0006,56,41.88514172081722,14.114858279182783
2023-10-18,S002,P0007,232,162.31310506187214,69.68689493812786
2023-10-18,S003,P0017,399,219.52127224687757,179.47872775312243
2023-10-18,S002,P0004,32,80.91315164084892,-48.91315164084892
2023-10-18,S001,P0007,16,143.96806373181346,-127.96806373181346
2023-10-18,S005,P0011,183,163.15713633298782,19.842863667012182
2023-10-18,S001,P0019,85,227.00448087783496,-142.00448087783496
2023-10-18,S004,P0003,32,32.87211717711688,-0.872117177116877
2023-10-18,S002,P0005,19,113.0584570334471,-94.0584570334471
2023-10-18,S005,P0014,211,145.02549310611505,65.97450689388495
2023-10-18,S004,P0018,10,126.47387899678637,-116.47387899678637
2023-10-18,S005,P0001,376,229.1054661095801,146.8945338904199
2023-10-18,S001,P0014,76,155.28833028649495,-79.28833028649495
2023-10-18,S004,P0019,173,135.1195475691739,37.8804524308261
2023-10-18,S003,P0001,129,71.82306909365929,57.176930906340715
2023-10-18,S003,P0020,309,179.90524909472003,129.09475090527997
2023-10-18,S002,P0001,140,112.49336829826166,27.506631701738343
2023-10-18,S005,P0013,92,64.87118485682078,27.128815143179224
2023-10-19,S005,P0011,199,191.61283928606343,7.3871607139365665
2023-10-19,S002,P0006,321,235.0902969522209,85.90970304777909
2023-10-19,S001,P0007,19,42.83593608733372,-23.83593608733372
2023-10-19,S002,P0019,101,222.40230763161526,-121.40230763161526
2023-10-19,S004,P0011,3,78.31564561884977,-75.31564561884977
2023-10-19,S003,P0008,34,124.82594271876559,-90.82594271876559
2023-10-19,S003,P0016,236,118.40447539546983,117.59552460453017
2023-10-19,S002,P0011,165,182.18297593106115,-17.18297593106115
2023-10-19,S004,P0004,154,205.88950144358222,-51.88950144358222
2023-10-19,S004,P0007,204,115.92074876616823,88.07925123383177
2023-10-19,S005,P0010,16,106.68338606032688,-90.68338606032688
2023-10-19,S001,P0015,130,236.5051421609561,-106.5051421609561
2023-10-19,S004,P0014,69,191.39408776070093,-122.39408776070093
2023-10-19,S005,P0017,162,176.00485192008387,-14.004851920083865
2023-10-19,S005,P0003,71,45.27795513980243,25.72204486019757
2023-10-19,S003,P0002,257,190.53101516533172,66.46898483466828
2023-10-19,S005,P0014,58,77.84998653349055,-19.84998653349055
2023-10-19,S002,P0014,143,130.76610742118584,12.233892578814164
2023-10-19,S004,P0003,61,180.41939896458075,-119.41939896458075
2023-10-19,S001,P0002,23,39.53220607766036,-16.532206077660362
2023-10-19,S005,P0001,280,154.09761891214686,125.90238108785314
2023-10-19,S002,P0002,12,67.75599686030966,-55.755996860309665
2023-10-19,S001,P0009,64,91.0648750534188,-27.064875053418803
2023-10-19,S004,P0001,198,166.67717649602542,31.322823503974575
2023-10-19,S002,P0008,430,225.80152230294442,204.19847769705558
2023-10-19,S003,P0014,70,40.32058618872969,29.679413811270308
2023-10-19,S001,P0013,63,137.63035785577767,-74.63035785577767
2023-10-19,S005,P0004,145,89.73893119788482,55.261068802115176
2023-10-19,S005,P0007,85,76.99898013983102,8.00101986016898
2023-10-19,S003,P0018,157,113.14453646803969,43.85546353196031
2023-10-19,S004,P0009,90,55.7026782057992,34.2973217942008
2023-10-19,S002,P0018,16,104.80960708843435,-88.80960708843435
2023-10-19,S001,P0001,201,176.28371732394612,24.71628267605388
2023-10-19,S001,P0010,206,173.78513464388146,32.21486535611854
2023-10-19,S004,P0008,267,165.75990939509626,101.24009060490374
2023-10-19,S003,P0007,116,244.11860215959672,-128.11860215959672
2023-10-19,S004,P0016,74,175.63718703215903,-101.63718703215903
2023-10-19,S001,P0003,168,136.07235731493495,31.927642685065052
2023-10-19,S004,P0012,112,120.67030357441729,-8.67030357441729
2023-10-19,S001,P0017,243,127.07241262998417,115.92758737001583
2023-10-19,S004,P0019,254,137.39573087381848,116.60426912618152
2023-10-19,S002,P0013,68,167.05183122496913,-99.05183122496913
2023-10-19,S004,P0010,127,78.09442372134089,48.90557627865911
2023-10-19,S005,P0020,2,102.98017723120114,-100.98017723120114
2023-10-19,S003,P0005,139,148.55780570847702,-9.55780570847702
2023-10-19,S005,P0018,66,121.78376632366843,-55.78376632366843
2023-10-19,S005,P0006,300,219.56725183604715,80.43274816395285
2023-10-19,S003,P0012,200,230.5030859262007,-30.503085926200697
2023-10-19,S005,P0015,461,242.12792386200152,218.87207613799848
2023-10-19,S002,P0010,72,81.41692837379298,-9.416928373792985
2023-10-19,S004,P0006,338,201.50958129922202,136.49041870077798
2023-10-19,S001,P0012,118,236.3424387498319,-118.3424387498319
2023-10-19,S005,P0002,80,104.88786157283823,-24.887861572838233
2023-10-19,S005,P0005,72,91.95322619100813,-19.953226191008127
2023-10-19,S002,P0003,2,156.8819491320021,-154.8819491320021
2023-10-19,S005,P0019,99,227.31629291814664,-128.31629291814664
2023-10-19,S002,P0009,84,141.7997588491583,-57.79975884915831
2023-10-19,S004,P0015,241,145.27601535414203,95.72398464585797
2023-10-19,S002,P0015,206,104.62659852865437,101.37340147134563
2023-10-19,S003,P0020,34,75.15440672629973,-41.154406726299726
2023-10-19,S004,P0017,270,181.66955715773258,88.33044284226742
2023-10-19,S003,P0013,31,58.70382643665363,-27.703826436653628
2023-10-19,S004,P0018,12,65.88668340650275,-53.886683406502755
2023-10-19,S002,P0016,30,176.7500671905504,-146.7500671905504
2023-10-19,S003,P0015,86,149.61156712184737,-63.61156712184737
2023-10-19,S002,P0004,76,196.21899154542206,-120.21899154542206
2023-10-19,S001,P0008,232,216.91575943179703,15.084240568202972
2023-10-19,S001,P0019,221,244.74330524919594,-23.74330524919594
2023-10-19,S002,P0007,141,87.64520584897713,53.35479415102287
2023-10-19,S001,P0005,47,109.91893327731577,-62.91893327731577
2023-10-19,S003,P0004,382,225.25636913263475,156.74363086736525
2023-10-19,S004,P0002,345,248.24162965063664,96.75837034936336
2023-10-19,S001,P0016,396,208.67015535934644,187.32984464065356
2023-10-19,S004,P0020,309,198.42088979983254,110.57911020016746
2023-10-19,S003,P0019,92,51.06383381557811,40.93616618442189
2023-10-19,S005,P0012,101,125.90185876822585,-24.90185876822585
2023-10-19,S002,P0001,16,127.07033422079832,-111.07033422079832
2023-10-19,S005,P0009,70,83.35686536994734,-13.356865369947343
2023-10-19,S003,P0003,53,198.18016018583262,-145.18016018583262
2023-10-19,S001,P0014,52,184.58531939829317,-132.58531939829317
2023-10-19,S005,P0016,209,130.17342499990684,78.82657500009316
2023-10-19,S001,P0018,2,151.78899844148077,-149.78899844148077
2023-10-19,S003,P0006,151,84.93060467216247,66.06939532783753
2023-10-19,S002,P0012,312,175.9175007425565,136.0824992574435
2023-10-19,S003,P0009,172,129.80779669921503,42.19220330078497
2023-10-19,S002,P0020,316,204.08499401139323,111.91500598860677
2023-10-19,S005,P0013,233,136.56417896824468,96.43582103175532
2023-10-19,S003,P0010,238,210.7727000019181,27.22729999808189
2023-10-19,S003,P0001,278,175.94238063220473,102.05761936779527
2023-10-19,S004,P0013,1,32.323520011243716,-31.323520011243716
2023-10-19,S002,P0005,66,172.77698725435954,-106.77698725435954
2023-10-19,S003,P0011,291,237.7932080567859,53.206791943214114
2023-10-19,S004,P0005,83,107.06247735502376,-24.06247735502376
2023-10-19,S003,P0017,278,186.2683020293053,91.73169797069471
2023-10-19,S001,P0011,81,67.36776713846865,13.63223286153135
2023-10-19,S001,P0004,293,231.26793943772037,61.73206056227963
2023-10-19,S001,P0006,283,241.639569057813,41.36043094218701
2023-10-19,S001,P0020,293,171.00206867660717,121.99793132339283
2023-10-20,S003,P0006,206,178.72535772695153,27.27464227304847
2023-10-20,S002,P0005,125,217.97223188521565,-92.97223188521565
2023-10-20,S005,P0006,88,95.75422307063337,-7.754223070633373
2023-10-20,S005,P0003,108,77.33423107847784,30.665768921522158
2023-10-20,S002,P0004,131,118.97459309466711,12.025406905332886
2023-10-20,S002,P0009,10,60.589497545808285,-50.589497545808285
2023-10-20,S001,P0017,13,233.016481737633,-220.016481737633
2023-10-20,S004,P0020,119,132.0939404559793,-13.093940455979293
2023-10-20,S003,P0018,166,131.59071942364477,34.40928057635523
2023-10-20,S001,P0010,32,92.84139442491113,-60.84139442491113
2023-10-20,S001,P0014,26,125.52946556581094,-99.52946556581094
2023-10-20,S004,P0006,67,125.71796244265147,-58.71796244265147
2023-10-20,S002,P0006,198,244.88672932913084,-46.886729329130844
2023-10-20,S002,P0016,186,149.82755352122246,36.172446478777545
2023-10-20,S003,P0013,174,143.45009085315434,30.549909146845664
2023-10-20,S001,P0013,310,216.0211104033578,93.9788895966422
2023-10-20,S002,P0019,357,188.03632122141317,168.96367877858683
2023-10-20,S001,P0003,56,198.81782119297242,-142.81782119297242
2023-10-20,S001,P0006,102,177.5330937375569,-75.5330937375569
2023-10-20,S005,P0013,109,180.15226189604562,-71.15226189604562
2023-10-20,S001,P0011,63,86.99932065946365,-23.99932065946365
2023-10-20,S004,P0005,211,190.727914051058,20.272085948941992
2023-10-20,S001,P0004,210,184.73863873646206,25.261361263537935
2023-10-20,S005,P0016,99,171.69514922545528,-72.69514922545528
2023-10-20,S001,P0016,70,67.90727184944552,2.0927281505544784
2023-10-20,S005,P0018,349,227.1832213701398,121.81677862986021
2023-10-20,S002,P0017,280,149.0633681057692,130.9366318942308
2023-10-20,S003,P0017,277,233.6931622585122,43.30683774148781
2023-10-20,S003,P0003,264,152.18789412163972,111.81210587836028
2023-10-20,S005,P0005,285,202.52668538027223,82.47331461972777
2023-10-20,S002,P0003,190,117.77296561816877,72.22703438183123
2023-10-20,S001,P0012,358,201.4131104581815,156.5868895418185
2023-10-20,S003,P0020,336,250.29961643718246,85.70038356281754
2023-10-20,S002,P0015,131,74.49113327374823,56.50886672625177
2023-10-20,S004,P0017,446,233.84374633073816,212.15625366926184
2023-10-20,S004,P0002,168,131.47909766441393,36.52090233558607
2023-10-20,S004,P0018,136,194.93230239367927,-58.932302393679265
2023-10-20,S003,P0015,17,176.2799552473149,-159.2799552473149
2023-10-20,S002,P0007,160,241.0466954916741,-81.04669549167409
2023-10-20,S003,P0004,83,108.92196920344156,-25.921969203441563
2023-10-20,S005,P0002,161,182.31914226608853,-21.319142266088534
2023-10-20,S004,P0003,371,226.47049475844472,144.52950524155528
2023-10-20,S005,P0012,5,165.28269486693063,-160.28269486693063
2023-10-20,S005,P0020,173,100.08823027325809,72.91176972674191
2023-10-20,S002,P0014,178,165.11748593714623,12.882514062853772
2023-10-20,S001,P0002,65,64.62278544059893,0.3772145594010681
2023-10-20,S003,P0002,44,50.826439625094736,-6.826439625094736
2023-10-20,S003,P0019,58,38.01561234907945,19.984387650920553
2023-10-20,S002,P0018,111,82.31028117325422,28.689718826745775
2023-10-20,S004,P0001,12,55.992299181445844,-43.992299181445844
2023-10-20,S003,P0014,357,193.44632642539864,163.55367357460136
2023-10-20,S005,P0007,107,126.54633856661127,-19.54633856661127
2023-10-20,S002,P0008,297,161.64594646781916,135.35405353218084
2023-10-20,S001,P0001,377,198.44508107074756,178.55491892925244
2023-10-20,S001,P0007,63,192.12086612222777,-129.12086612222777
2023-10-20,S005,P0001,248,183.68604987523344,64.31395012476656
2023-10-20,S005,P0017,248,185.26993536621836,62.73006463378164
2023-10-20,S005,P0004,435,226.26642867291326,208.73357132708674
2023-10-20,S005,P0011,111,200.23311621072781,-89.23311621072781
2023-10-20,S004,P0004,32,177.6079389979712,-145.6079389979712
2023-10-20,S005,P0010,170,135.85977280754247,34.14022719245753
2023-10-20,S004,P0016,7,116.93610099181251,-109.93610099181251
2023-10-20,S003,P0005,130,87.74413978871104,42.25586021128896
2023-10-20,S003,P0016,312,239.0667489238612,72.93325107613879
2023-10-20,S003,P0001,282,212.8797075759416,69.12029242405839
2023-10-20,S002,P0020,64,190.07135985672852,-126.07135985672852
2023-10-20,S004,P0019,227,244.38796553916688,-17.387965539166885
2023-10-20,S001,P0015,142,105.02311051056205,36.97688948943795
2023-10-20,S001,P0008,201,242.8111589706349,-41.81115897063489
2023-10-20,S005,P0019,82,200.709763265937,-118.709763265937
2023-10-20,S005,P0009,349,186.5455506522631,162.4544493477369
2023-10-20,S004,P0012,187,115.93816073009395,71.06183926990605
2023-10-20,S005,P0008,54,129.17490046296007,-75.17490046296007
2023-10-20,S001,P0005,197,198.36890047940267,-1.3689004794026687
2023-10-20,S004,P0008,130,145.52924052779434,-15.529240527794343
2023-10-20,S002,P0012,84,49.19738110228752,34.80261889771248
2023-10-20,S003,P0012,79,115.56875877011669,-36.56875877011669
2023-10-20,S004,P0007,411,237.65225905457856,173.34774094542144
2023-10-20,S004,P0015,350,224.08850055150566,125.91149944849434
2023-10-20,S001,P0020,257,174.73002165963442,82.26997834036558
2023-10-20,S001,P0018,383,217.0140648550361,165.9859351449639
2023-10-20,S002,P0002,75,41.23754669730698,33.76245330269302
2023-10-20,S001,P0009,193,105.39161896249004,87.60838103750996
2023-10-20,S003,P0010,84,83.3065603710719,0.693439628928104
2023-10-20,S005,P0014,97,71.90701652226181,25.092983477738187
2023-10-20,S001,P0019,196,123.51770322749456,72.48229677250544
2023-10-20,S005,P0015,71,210.51714215456082,-139.51714215456082
2023-10-20,S004,P0014,138,93.71478225335227,44.28521774664773
2023-10-20,S003,P0009,130,126.89364649600986,3.1063535039901353
2023-10-20,S003,P0008,10,70.69594201050654,-60.69594201050654
2023-10-20,S002,P0013,90,78.30913088406322,11.690869115936778
2023-10-20,S003,P0011,232,236.05502596631845,-4.055025966318453
2023-10-20,S002,P0010,71,41.91194195262028,29.088058047379718
2023-10-20,S004,P0010,137,80.53280810290323,56.46719189709677
2023-10-20,S004,P0009,34,26.63429786980919,7.365702130190812
2023-10-20,S003,P0007,254,184.28852926662904,69.71147073337096
2023-10-20,S002,P0001,101,121.60501504418534,-20.605015044185336
2023-10-20,S004,P0011,204,140.88107283367026,63.11892716632974
2023-10-20,S004,P0013,346,236.938467878003,109.061532121997
2023-10-20,S002,P0011,40,47.91404344234877,-7.91404344234877
2023-10-21,S002,P0007,21,25.124566980864756,-4.124566980864756
2023-10-21,S004,P0017,168,153.74362607651807,14.25637392348193
2023-10-21,S002,P0002,145,120.91096327065065,24.089036729349345
2023-10-21,S001,P0010,38,248.47048667086432,-210.47048667086432
2023-10-21,S001,P0017,327,220.86459874253825,106.13540125746175
2023-10-21,S005,P0011,37,76.4039566431345,-39.40395664313451
2023-10-21,S003,P0016,17,29.453976364410437,-12.453976364410437
2023-10-21,S003,P0018,265,163.20700878848504,101.79299121151496
2023-10-21,S003,P0017,236,134.4882923011417,101.51170769885829
2023-10-21,S004,P0005,238,160.36780357182744,77.63219642817256
2023-10-21,S001,P0007,110,222.6069400684642,-112.60694006846421
2023-10-21,S005,P0015,79,241.0760670559107,-162.0760670559107
2023-10-21,S005,P0016,72,225.16369946413818,-153.16369946413818
2023-10-21,S005,P0003,20,90.2403872708972,-70.2403872708972
2023-10-21,S002,P0011,409,230.9527886711461,178.0472113288539
2023-10-21,S001,P0019,253,228.23009331217224,24.769906687827756
2023-10-21,S005,P0009,94,249.13297808556206,-155.13297808556206
2023-10-21,S003,P0001,151,146.4934066932115,4.5065933067884885
2023-10-21,S001,P0016,221,190.98413819669207,30.015861803307928
2023-10-21,S005,P0019,282,241.8192208477397,40.1807791522603
2023-10-21,S002,P0005,10,118.81359463768433,-108.81359463768433
2023-10-21,S001,P0018,201,223.68269009814912,-22.682690098149124
2023-10-21,S004,P0002,155,101.56858839320421,53.43141160679579
2023-10-21,S001,P0013,348,247.24329877338351,100.75670122661649
2023-10-21,S003,P0014,99,167.0368290178069,-68.0368290178069
2023-10-21,S005,P0007,453,243.05881743298363,209.94118256701637
2023-10-21,S002,P0013,113,105.48372020357357,7.516279796426431
2023-10-21,S003,P0007,96,92.8510603732696,3.148939626730396
2023-10-21,S002,P0006,214,130.16159181615933,83.83840818384067
2023-10-21,S004,P0009,179,170.98752099935734,8.012479000642657
2023-10-21,S004,P0001,62,113.22532095228229,-51.22532095228229
2023-10-21,S004,P0014,63,126.6453198326401,-63.6453198326401
2023-10-21,S003,P0011,177,185.68225626632585,-8.682256266325851
2023-10-21,S004,P0007,36,132.52865386393012,-96.52865386393012
2023-10-21,S005,P0010,24,38.1336496100929,-14.133649610092903
2023-10-21,S001,P0003,130,173.20324570272572,-43.203245702725724
2023-10-21,S003,P0009,452,234.54691604569484,217.45308395430516
2023-10-21,S002,P0014,352,235.38454180632834,116.61545819367166
2023-10-21,S004,P0011,435,242.25760848121757,192.74239151878243
2023-10-21,S002,P0017,46,92.40305330651734,-46.403053306517336
2023-10-21,S004,P0016,161,171.40319682582174,-10.403196825821738
2023-10-21,S005,P0020,56,38.39300983511646,17.60699016488354
2023-10-21,S002,P0012,69,74.35161534108721,-5.351615341087211
2023-10-21,S003,P0005,201,149.1667015606409,51.83329843935911
2023-10-21,S005,P0005,230,161.92837805211633,68.07162194788367
2023-10-21,S001,P0011,94,88.26256409846434,5.737435901535662
2023-10-21,S001,P0002,46,27.283271250137943,18.716728749862057
2023-10-21,S005,P0017,22,70.73200470297843,-48.73200470297843
2023-10-21,S001,P0006,225,151.71627272408904,73.28372727591096
2023-10-21,S005,P0013,75,211.1783702207701,-136.1783702207701
2023-10-21,S001,P0009,4,35.38865850308554,-31.388658503085537
2023-10-21,S003,P0010,123,177.77034929948525,-54.77034929948525
2023-10-21,S005,P0002,70,64.38696193456059,5.613038065439412
2023-10-21,S002,P0020,234,120.46008186295029,113.53991813704971
2023-10-21,S005,P0001,241,178.76731323379596,62.23268676620404
2023-10-21,S005,P0006,196,223.00991441394763,-27.009914413947627
2023-10-21,S003,P0015,215,147.58641880237627,67.41358119762373
2023-10-21,S002,P0019,48,133.86406740948343,-85.86406740948343
2023-10-21,S004,P0006,129,77.9902734073309,51.0097265926691
2023-10-21,S004,P0003,5,33.16944614359187,-28.16944614359187
2023-10-21,S002,P0015,138,229.5096648287568,-91.5096648287568
2023-10-21,S005,P0014,142,243.54309606741185,-101.54309606741185
2023-10-21,S001,P0012,54,35.47574643313442,18.524253566865582
2023-10-21,S003,P0002,146,112.21935273421917,33.78064726578083
2023-10-21,S002,P0010,252,175.63237698769302,76.36762301230698
2023-10-21,S002,P0003,393,220.27056274652904,172.72943725347096
2023-10-21,S001,P0020,5,44.600466889787356,-39.600466889787356
2023-10-21,S002,P0009,87,67.95795744453505,19.042042555464946
2023-10-21,S001,P0001,56,91.36750511876778,-35.36750511876778
2023-10-21,S004,P0008,198,122.81019235457825,75.18980764542175
2023-10-21,S004,P0018,57,100.60413335949204,-43.60413335949204
2023-10-21,S004,P0019,153,109.26071150728944,43.73928849271056
2023-10-21,S004,P0012,105,152.73558088378843,-47.73558088378843
2023-10-21,S001,P0015,103,95.70415333459056,7.295846665409442
2023-10-21,S005,P0018,118,134.1485362874426,-16.148536287442596
2023-10-21,S003,P0008,126,188.67642719863983,-62.67642719863983
2023-10-21,S003,P0019,414,205.0337959717902,208.9662040282098
2023-10-21,S004,P0004,252,205.6721042195059,46.32789578049409
2023-10-21,S002,P0001,13,60.67955296308617,-47.67955296308617
2023-10-21,S004,P0010,172,167.08056029399637,4.9194397060036295
2023-10-21,S003,P0003,46,248.85195584512172,-202.85195584512172
2023-10-21,S001,P0004,167,203.78917743952223,-36.789177439522234
2023-10-21,S003,P0013,224,197.05109384767547,26.948906152324525
2023-10-21,S004,P0015,86,48.7613324434987,37.2386675565013
2023-10-21,S004,P0013,216,132.19805339395867,83.80194660604133
2023-10-21,S002,P0018,188,115.1740336802452,72.8259663197548
2023-10-21,S003,P0012,109,54.68669437119058,54.31330562880942
2023-10-21,S002,P0008,234,159.77258672326718,74.22741327673282
2023-10-21,S002,P0004,135,211.95242611643857,-76.95242611643857
2023-10-21,S003,P0020,63,34.71742622052295,28.282573779477048
2023-10-21,S001,P0005,143,107.15451680261708,35.84548319738292
2023-10-21,S003,P0004,2,72.62238809690336,-70.62238809690336
2023-10-21,S003,P0006,168,190.03724332384542,-22.037243323845416
2023-10-21,S004,P0020,124,87.74202907495311,36.25797092504689
2023-10-21,S005,P0012,21,58.371717004354196,-37.371717004354196
2023-10-21,S001,P0014,359,245.08227704353197,113.91772295646803
2023-10-21,S001,P0008,24,54.141703841893275,-30.141703841893275
2023-10-21,S002,P0016,240,174.3083325354496,65.69166746455039
2023-10-21,S005,P0008,142,143.4873268887019,-1.4873268887018867
2023-10-22,S001,P0005,80,45.752757879625676,34.247242120374324
2023-10-22,S002,P0016,338,238.5898584231145,99.41014157688551
2023-10-22,S003,P0008,206,153.46393164643325,52.53606835356675
2023-10-22,S005,P0018,60,45.138479087353744,14.861520912646256
2023-10-22,S001,P0015,323,169.10427896809847,153.89572103190153
2023-10-22,S005,P0019,75,105.81736496117315,-30.817364961173155
2023-10-22,S004,P0012,112,228.6112473864605,-116.61124738646049
2023-10-22,S005,P0010,170,114.16412723685397,55.83587276314603
2023-10-22,S002,P0004,111,101.04672536572576,9.953274634274237
2023-10-22,S004,P0011,330,214.57069771062567,115.42930228937433
2023-10-22,S004,P0007,23,63.87752001141445,-40.87752001141445
2023-10-22,S004,P0004,32,36.91988810195147,-4.9198881019514715
2023-10-22,S005,P0011,63,65.17369501508256,-2.173695015082558
2023-10-22,S004,P0017,149,232.97046006703948,-83.97046006703948
2023-10-22,S005,P0013,81,114.97953569572735,-33.97953569572735
2023-10-22,S001,P0013,49,40.137053338574844,8.862946661425156
2023-10-22,S005,P0001,278,218.79339451880548,59.206605481194515
2023-10-22,S005,P0007,131,81.40591755615844,49.59408244384156
2023-10-22,S004,P0013,191,134.9750008443163,56.0249991556837
2023-10-22,S005,P0017,69,105.3528771831032,-36.3528771831032
2023-10-22,S004,P0014,17,167.37518349735723,-150.37518349735723
2023-10-22,S001,P0014,94,134.96349617865428,-40.96349617865428
2023-10-22,S003,P0007,108,90.85178911843758,17.14821088156242
2023-10-22,S003,P0003,73,213.23375785823487,-140.23375785823487
2023-10-22,S004,P0009,74,81.15382337621782,-7.153823376217815
2023-10-22,S001,P0008,49,29.885892881833286,19.114107118166714
2023-10-22,S002,P0001,137,71.34221032508634,65.65778967491366
2023-10-22,S004,P0001,203,119.62116850405567,83.37883149594433
2023-10-22,S001,P0004,126,78.16575268227973,47.83424731772027
2023-10-22,S003,P0016,122,109.15331127221748,12.84668872778252
2023-10-22,S004,P0016,169,115.96719902030395,53.03280097969605
2023-10-22,S004,P0019,21,240.5366225412318,-219.5366225412318
2023-10-22,S004,P0005,205,121.10042251620973,83.89957748379027
2023-10-22,S003,P0012,85,134.912287407525,-49.912287407525014
2023-10-22,S004,P0018,47,89.23839431899057,-42.23839431899057
2023-10-22,S002,P0007,97,76.19921211191183,20.800787888088166
2023-10-22,S005,P0006,2,216.65576283948582,-214.65576283948582
2023-10-22,S005,P0014,79,42.81411022716571,36.18588977283429
2023-10-22,S005,P0016,125,151.12769088327246,-26.127690883272464
2023-10-22,S001,P0019,136,128.68285981371253,7.3171401862874745
2023-10-22,S004,P0002,247,184.26448669951048,62.735513300489515
2023-10-22,S004,P0003,32,121.22275129677593,-89.22275129677593
2023-10-22,S005,P0015,257,147.76730643942926,109.23269356057074
2023-10-22,S002,P0015,304,179.65592586101047,124.34407413898953
2023-10-22,S005,P0002,40,50.680829714120364,-10.680829714120364
2023-10-22,S004,P0020,378,230.7525926857905,147.2474073142095
2023-10-22,S005,P0009,230,135.88572269578458,94.11427730421542
2023-10-22,S003,P0002,279,204.5111263527105,74.4888736472895
2023-10-22,S003,P0004,80,41.67605701177831,38.32394298822169
2023-10-22,S003,P0017,361,210.2429286892924,150.7570713107076
2023-10-22,S005,P0020,69,127.45777848331761,-58.45777848331761
2023-10-22,S004,P0008,44,28.65653951067378,15.343460489326219
2023-10-22,S003,P0015,79,98.34393056023578,-19.343930560235776
2023-10-22,S003,P0005,48,79.8258688713176,-31.825868871317596
2023-10-22,S005,P0008,95,76.64291137136473,18.357088628635267
2023-10-22,S002,P0020,351,184.13637921841502,166.86362078158498
2023-10-22,S001,P0011,322,164.52720842270037,157.47279157729963
2023-10-22,S002,P0012,46,233.85937583392916,-187.85937583392916
2023-10-22,S002,P0003,208,120.32236163091306,87.67763836908694
2023-10-22,S001,P0016,132,240.07683408168407,-108.07683408168407
2023-10-22,S003,P0001,198,189.26158460007582,8.738415399924179
2023-10-22,S001,P0018,114,82.913401314206,31.086598685794
2023-10-22,S002,P0008,76,115.40880689423346,-39.408806894233464
2023-10-22,S001,P0001,152,83.52766494264029,68.47233505735971
2023-10-22,S003,P0018,296,210.95465078187885,85.04534921812115
2023-10-22,S001,P0006,50,121.0690647911859,-71.0690647911859
2023-10-22,S002,P0018,86,114.82035040062033,-28.820350400620327
2023-10-22,S001,P0012,318,176.27759587837187,141.72240412162813
2023-10-22,S002,P0017,180,156.0963565357397,23.903643464260313
2023-10-22,S005,P0003,29,208.34945697031918,-179.34945697031918
2023-10-22,S003,P0019,83,215.10093147968337,-132.10093147968337
2023-10-22,S002,P0014,339,233.283549805831,105.716450194169
2023-10-22,S003,P0010,387,231.42175990411175,155.57824009588825
2023-10-22,S005,P0004,143,235.93368836762596,-92.93368836762596
2023-10-22,S002,P0009,207,242.97471504614884,-35.974715046148845
2023-10-22,S001,P0020,15,34.52121866951535,-19.52121866951535
2023-10-22,S004,P0015,230,151.54854197199188,78.45145802800812
2023-10-22,S003,P0011,211,154.14703194817383,56.85296805182617
2023-10-22,S005,P0012,73,77.13517541345499,-4.135175413454988
2023-10-22,S001,P0017,177,150.28213897555418,26.717861024445824
2023-10-22,S001,P0003,194,114.66240938814377,79.33759061185623
2023-10-22,S003,P0009,166,157.48059329262372,8.519406707376277
2023-10-22,S002,P0005,265,197.7606776617019,67.23932233829811
2023-10-22,S003,P0006,63,152.26451099805763,-89.26451099805763
2023-10-22,S001,P0009,57,60.73004378290875,-3.7300437829087514
2023-10-22,S002,P0006,102,55.60488784446562,46.39511215553438
2023-10-22,S001,P0007,90,116.56704948204651,-26.567049482046514
2023-10-22,S002,P0002,158,158.73296952654397,-0.7329695265439682
2023-10-22,S003,P0013,98,64.44658302577682,33.55341697422318
2023-10-22,S002,P0011,92,70.01854414441402,21.981455855585978
2023-10-22,S005,P0005,275,244.84775347521946,30.152246524780537
2023-10-22,S003,P0014,22,37.253454490339664,-15.253454490339664
2023-10-22,S001,P0002,78,76.8850359783209,1.1149640216791
2023-10-22,S004,P0010,34,31.486867061763917,2.513132938236083
2023-10-22,S002,P0013,6,54.39894857375742,-48.39894857375742
2023-10-22,S003,P0020,83,121.90274013144233,-38.90274013144233
2023-10-22,S002,P0019,19,227.7157772357586,-208.7157772357586
2023-10-22,S001,P0010,211,107.0810417244843,103.9189582755157
2023-10-22,S004,P0006,49,28.02311486019198,20.97688513980802
2023-10-23,S002,P0014,10,178.69396438658566,-168.69396438658566
2023-10-23,S002,P0012,43,130.55316900846833,-87.55316900846833
2023-10-23,S003,P0020,103,215.26028654926398,-112.26028654926398
2023-10-23,S005,P0019,252,206.05067222346213,45.94932777653787
2023-10-23,S003,P0010,148,84.10729867049247,63.89270132950753
2023-10-23,S001,P0019,350,207.68006601658635,142.31993398341365
2023-10-23,S001,P0006,153,139.75306873453525,13.246931265464752
2023-10-23,S001,P0015,356,214.60769489988786,141.39230510011214
2023-10-23,S005,P0008,230,116.25585551203693,113.74414448796307
2023-10-23,S004,P0020,157,205.50759346266778,-48.507593462667785
2023-10-23,S003,P0006,104,52.705862351472035,51.294137648527965
2023-10-23,S004,P0002,176,93.36890540928817,82.63109459071183
2023-10-23,S005,P0002,132,145.59884828854166,-13.59884828854166
2023-10-23,S003,P0004,41,75.2000384864848,-34.2000384864848
2023-10-23,S001,P0002,108,239.37015741593342,-131.37015741593342
2023-10-23,S001,P0005,40,232.3664475279025,-192.3664475279025
2023-10-23,S001,P0018,189,169.856520092329,19.143479907671008
2023-10-23,S001,P0004,470,239.1564138375154,230.8435861624846
2023-10-23,S002,P0005,318,206.67453591002027,111.32546408997973
2023-10-23,S002,P0016,74,43.78363088650974,30.21636911349026
2023-10-23,S002,P0007,98,62.72119810210057,35.27880189789943
2023-10-23,S001,P0010,60,171.03290962250242,-111.03290962250242
2023-10-23,S002,P0011,250,187.1706392920778,62.829360707922206
2023-10-23,S003,P0016,37,53.31868066986584,-16.31868066986584
2023-10-23,S004,P0010,29,138.88169083663752,-109.88169083663752
2023-10-23,S002,P0002,89,46.67342422920393,42.32657577079607
2023-10-23,S002,P0018,37,222.04918386937516,-185.04918386937516
2023-10-23,S002,P0001,6,94.34173681556615,-88.34173681556615
2023-10-23,S001,P0016,465,248.64580996592485,216.35419003407515
2023-10-23,S004,P0017,296,242.093409482759,53.906590517241
2023-10-23,S005,P0011,144,105.75512478141889,38.244875218581114
2023-10-23,S003,P0001,137,192.74532039121056,-55.745320391210555
2023-10-23,S005,P0017,229,186.34832047492245,42.651679525077554
2023-10-23,S005,P0009,23,53.24304895670139,-30.243048956701386
2023-10-23,S001,P0007,37,146.97574752028095,-109.97574752028095
2023-10-23,S002,P0004,64,238.5065530039031,-174.5065530039031
2023-10-23,S005,P0001,38,24.608225378741622,13.391774621258378
2023-10-23,S005,P0015,175,120.73969824065415,54.26030175934585
2023-10-23,S005,P0003,179,171.59526078399517,7.4047392160048275
2023-10-23,S002,P0010,391,220.24696833834582,170.75303166165418
2023-10-23,S005,P0016,25,42.917596215428205,-17.917596215428205
2023-10-23,S001,P0014,19,53.78621929428857,-34.78621929428857
2023-10-23,S003,P0019,117,155.84362426370325,-38.84362426370325
2023-10-23,S003,P0017,398,212.0904542921475,185.9095457078525
2023-10-23,S001,P0008,261,131.97904720873413,129.02095279126587
2023-10-23,S005,P0012,104,235.77528392265293,-131.77528392265293
2023-10-23,S001,P0017,331,183.12011176822273,147.87988823177727
2023-10-23,S004,P0005,60,53.00213357039115,6.997866429608848
2023-10-23,S001,P0009,342,184.9612105152342,157.0387894847658
2023-10-23,S003,P0003,49,169.32858646254454,-120.32858646254454
2023-10-23,S003,P0008,77,183.0995255975924,-106.09952559759239
2023-10-23,S004,P0004,121,93.85366353398922,27.14633646601078
2023-10-23,S003,P0012,171,193.6004573603414,-22.60045736034141
2023-10-23,S002,P0019,5,79.16427053127018,-74.16427053127018
2023-10-23,S001,P0011,45,27.52557485102261,17.47442514897739
2023-10-23,S004,P0011,253,201.98629137764323,51.01370862235677
2023-10-23,S003,P0015,99,88.5480476653778,10.451952334622206
2023-10-23,S003,P0009,72,103.8906736174265,-31.8906736174265
2023-10-23,S001,P0012,144,115.82652096758494,28.17347903241506
2023-10-23,S005,P0010,186,213.79340730109902,-27.793407301099023
2023-10-23,S004,P0007,160,234.08947167657186,-74.08947167657186
2023-10-23,S002,P0009,329,247.71709801697835,81.28290198302165
2023-10-23,S001,P0003,90,173.6456852655246,-83.6456852655246
2023-10-23,S003,P0002,35,51.67231424263298,-16.67231424263298
2023-10-23,S005,P0007,187,232.72276596502934,-45.72276596502934
2023-10-23,S004,P0015,37,31.046321123831717,5.953678876168283
2023-10-23,S003,P0011,82,52.52932166733848,29.47067833266152
2023-10-23,S004,P0014,222,145.55139074665504,76.44860925334496
2023-10-23,S003,P0013,39,122.45480694822055,-83.45480694822055
2023-10-23,S002,P0013,193,99.72072345087116,93.27927654912884
2023-10-23,S001,P0020,56,52.89399876650651,3.106001233493487
2023-10-23,S005,P0004,73,69.88440511594041,3.1155948840595897
2023-10-23,S002,P0003,16,99.03903073111962,-83.03903073111962
2023-10-23,S001,P0001,381,193.85376091381153,187.14623908618847
2023-10-23,S002,P0008,94,223.2226552898702,-129.2226552898702
2023-10-23,S002,P0006,79,54.12580187564379,24.874198124356212
2023-10-23,S004,P0001,93,88.03449692824819,4.965503071751812
2023-10-23,S003,P0005,67,90.8274760665696,-23.827476066569602
2023-10-23,S002,P0015,152,96.76906449101409,55.23093550898591
2023-10-23,S003,P0007,126,243.26990045016686,-117.26990045016686
2023-10-23,S004,P0009,45,56.4394041989014,-11.4394041989014
2023-10-23,S001,P0013,66,42.114121194690824,23.885878805309176
2023-10-23,S005,P0020,56,172.82421628425794,-116.82421628425794
2023-10-23,S005,P0006,137,127.98153832271981,9.018461677280186
2023-10-23,S005,P0018,378,226.5676141464283,151.4323858535717
2023-10-23,S003,P0014,43,188.1210638978735,-145.1210638978735
2023-10-23,S004,P0013,140,102.54553741996091,37.45446258003909
2023-10-23,S005,P0014,23,36.153738496703625,-13.153738496703625
2023-10-23,S004,P0006,264,216.105330091714,47.894669908286005
2023-10-23,S004,P0008,132,147.70641240013117,-15.706412400131171
2023-10-23,S005,P0013,52,70.40358760969735,-18.403587609697354
2023-10-23,S005,P0005,56,192.87220544485155,-136.87220544485155
2023-10-23,S003,P0018,90,58.265865845701455,31.734134154298545
2023-10-23,S002,P0017,33,63.17716311438039,-30.17716311438039
2023-10-23,S004,P0012,152,79.37583896904232,72.62416103095768
2023-10-23,S004,P0003,40,27.136638299045387,12.863361700954613
2023-10-23,S002,P0020,43,40.49920072716873,2.500799272831273
2023-10-23,S004,P0019,34,237.41381240986544,-203.41381240986544
2023-10-23,S004,P0016,119,160.01991773502118,-41.01991773502118
2023-10-23,S004,P0018,227,116.902967827824,110.097032172176
2023-10-24,S005,P0001,59,46.110634258621644,12.889365741378356
2023-10-24,S004,P0019,79,164.0773987371242,-85.07739873712421
2023-10-24,S001,P0007,138,70.13160110214795,67.86839889785205
2023-10-24,S004,P0010,80,51.89954081884224,28.10045918115776
2023-10-24,S005,P0011,10,44.158164584563224,-34.158164584563224
2023-10-24,S005,P0004,102,58.52474349403627,43.47525650596373
2023-10-24,S002,P0009,325,174.55111132224897,150.44888867775103
2023-10-24,S004,P0008,375,216.84262768644032,158.15737231355968
2023-10-24,S004,P0004,32,183.32351295525592,-151.32351295525592
2023-10-24,S002,P0002,92,90.68065564484954,1.3193443551504629
2023-10-24,S004,P0017,232,196.17926938424574,35.82073061575426
2023-10-24,S003,P0015,390,241.05030726204285,148.94969273795715
2023-10-24,S002,P0018,193,198.8978076039677,-5.897807603967692
2023-10-24,S001,P0001,20,97.12803225384778,-77.12803225384778
2023-10-24,S001,P0020,6,25.471735110702696,-19.471735110702696
2023-10-24,S002,P0010,92,120.00423573301254,-28.004235733012536
2023-10-24,S003,P0012,60,144.16025684247495,-84.16025684247495
2023-10-24,S005,P0018,87,92.85667576837926,-5.856675768379262
2023-10-24,S002,P0019,168,114.06241395808235,53.937586041917655
2023-10-24,S004,P0018,38,76.58812225437202,-38.588122254372024
2023-10-24,S003,P0020,237,181.86655958325423,55.13344041674577
2023-10-24,S005,P0006,171,174.96629012906334,-3.9662901290633386
2023-10-24,S003,P0019,73,64.19500719730382,8.804992802696177
2023-10-24,S005,P0014,251,157.1545430962763,93.84545690372369
2023-10-24,S004,P0020,120,108.63075963887707,11.369240361122934
2023-10-24,S001,P0015,40,203.73499659412477,-163.73499659412477
2023-10-24,S003,P0006,342,248.69650768366722,93.30349231633278
2023-10-24,S004,P0006,111,96.63411636135862,14.365883638641378
2023-10-24,S001,P0005,254,136.3838920262553,117.6161079737447
2023-10-24,S004,P0012,42,37.36797329256973,4.632026707430271
2023-10-24,S003,P0004,4,76.26505503059661,-72.26505503059661
2023-10-24,S001,P0012,42,90.98390503047824,-48.98390503047824
2023-10-24,S005,P0008,441,243.77492267963902,197.22507732036098
2023-10-24,S002,P0015,203,228.95184809612817,-25.951848096128174
2023-10-24,S002,P0004,279,168.32713500600715,110.67286499399285
2023-10-24,S002,P0011,285,166.14771896108238,118.85228103891762
2023-10-24,S003,P0002,196,215.59343997499087,-19.593439974990872
2023-10-24,S005,P0012,47,225.24574768974782,-178.24574768974782
2023-10-24,S001,P0008,168,98.75887946245803,69.24112053754197
2023-10-24,S002,P0016,123,154.17847044040656,-31.178470440406556
2023-10-24,S002,P0003,249,195.67452111693,53.32547888306999
2023-10-24,S003,P0008,183,97.49739787246102,85.50260212753898
2023-10-24,S001,P0014,79,85.67939298915246,-6.679392989152461
2023-10-24,S002,P0008,138,112.69830565599585,25.301694344004147
2023-10-24,S004,P0003,251,237.3609889740565,13.63901102594349
2023-10-24,S001,P0010,153,116.59493806468203,36.405061935317974
2023-10-24,S005,P0017,118,99.9595569981758,18.0404430018242
2023-10-24,S005,P0019,60,79.36827147784862,-19.368271477848623
2023-10-24,S005,P0020,51,59.61710555069004,-8.617105550690042
2023-10-24,S005,P0005,281,223.1245196439932,57.87548035600679
2023-10-24,S001,P0011,83,158.2179405799148,-75.2179405799148
2023-10-24,S002,P0012,277,151.62431516950028,125.37568483049972
2023-10-24,S001,P0018,129,68.50993497374594,60.49006502625406
2023-10-24,S001,P0006,247,195.07086238837866,51.92913761162134
2023-10-24,S001,P0004,192,239.02272980495758,-47.02272980495758
2023-10-24,S004,P0013,208,136.13387314791748,71.86612685208252
2023-10-24,S005,P0002,53,93.15623254669788,-40.15623254669788
2023-10-24,S004,P0002,20,96.49599170000818,-76.49599170000818
2023-10-24,S003,P0003,1,80.76432181739057,-79.76432181739057
2023-10-24,S001,P0019,48,29.970654695114945,18.029345304885055
2023-10-24,S002,P0005,303,201.69805563598447,101.30194436401553
2023-10-24,S002,P0007,134,91.90126990516472,42.098730094835275
2023-10-24,S004,P0005,64,226.75855312304577,-162.75855312304577
2023-10-24,S001,P0017,49,57.68099642052812,-8.680996420528118
2023-10-24,S002,P0014,44,66.76054242878752,-22.760542428787517
2023-10-24,S004,P0016,17,53.8689781745951,-36.8689781745951
2023-10-24,S004,P0007,41,202.69354337096746,-161.69354337096746
2023-10-24,S002,P0020,121,167.2585054935355,-46.258505493535495
2023-10-24,S003,P0018,132,203.56071061082906,-71.56071061082906
2023-10-24,S003,P0014,24,39.18933073439297,-15.189330734392968
2023-10-24,S001,P0013,118,180.79873265979353,-62.79873265979353
2023-10-24,S004,P0009,362,201.73402848261435,160.26597151738565
2023-10-24,S005,P0007,91,177.45264320607606,-86.45264320607606
2023-10-24,S002,P0013,47,52.384594680494615,-5.384594680494615
2023-10-24,S002,P0006,4,168.81977261427056,-164.81977261427056
2023-10-24,S005,P0013,28,184.15457338501375,-156.15457338501375
2023-10-24,S003,P0011,20,33.05346678111357,-13.05346678111357
2023-10-24,S004,P0001,49,68.72859445191557,-19.72859445191557
2023-10-24,S004,P0015,93,206.1470379585117,-113.1470379585117
2023-10-24,S003,P0005,194,129.2925617309507,64.7074382690493
2023-10-24,S004,P0014,211,114.75491984241233,96.24508015758767
2023-10-24,S001,P0003,272,136.86094957482578,135.13905042517422
2023-10-24,S005,P0010,83,107.9810868645078,-24.9810868645078
2023-10-24,S003,P0009,346,246.79212317867223,99.20787682132777
2023-10-24,S004,P0011,283,151.9784042943944,131.0215957056056
2023-10-24,S003,P0013,64,39.97795157482432,24.022048425175683
2023-10-24,S003,P0017,103,189.9839233644833,-86.9839233644833
2023-10-24,S001,P0002,36,140.81819735640846,-104.81819735640846
2023-10-24,S003,P0007,96,79.809323841624,16.190676158375993
2023-10-24,S005,P0016,322,232.83825991178497,89.16174008821503
2023-10-24,S002,P0001,54,171.11239748062775,-117.11239748062775
2023-10-24,S001,P0016,246,238.9554998837022,7.044500116297797
2023-10-24,S003,P0001,53,222.10611573360376,-169.10611573360376
2023-10-24,S002,P0017,120,142.90992386028705,-22.90992386028705
2023-10-24,S005,P0003,50,148.90196480000174,-98.90196480000174
2023-10-24,S005,P0015,148,138.54308161977013,9.456918380229865
2023-10-24,S003,P0016,32,64.73942886355314,-32.739428863553144
2023-10-24,S005,P0009,27,86.51359081519638,-59.51359081519638
2023-10-24,S003,P0010,177,142.9187340271426,34.08126597285741
2023-10-25,S003,P0009,45,71.78247207553994,-26.782472075539943
2023-10-25,S002,P0017,138,157.48789330174515,-19.487893301745146
2023-10-25,S003,P0005,68,97.66392723138966,-29.663927231389664
2023-10-25,S004,P0007,114,189.79667750351683,-75.79667750351683
2023-10-25,S004,P0014,135,144.688674070169,-9.688674070168986
2023-10-25,S002,P0002,135,176.2014559843186,-41.20145598431861
2023-10-25,S003,P0002,66,36.22694246732971,29.773057532670293
2023-10-25,S001,P0003,70,72.75859635955487,-2.758596359554872
2023-10-25,S004,P0004,25,71.35762413275438,-46.35762413275438
2023-10-25,S001,P0020,65,38.28931150990536,26.71068849009464
2023-10-25,S002,P0018,56,143.46445742890324,-87.46445742890324
2023-10-25,S005,P0017,94,117.22173678836401,-23.221736788364012
2023-10-25,S001,P0005,49,62.899853340495724,-13.899853340495724
2023-10-25,S005,P0010,288,174.01683929759076,113.98316070240924
2023-10-25,S004,P0006,21,39.82938531106936,-18.82938531106936
2023-10-25,S005,P0009,41,174.88313685027197,-133.88313685027197
2023-10-25,S004,P0011,100,93.78427095441049,6.215729045589512
2023-10-25,S001,P0012,42,54.3258677927401,-12.325867792740098
2023-10-25,S004,P0003,408,218.96458946192246,189.03541053807754
2023-10-25,S002,P0001,210,168.40979277470177,41.59020722529823
2023-10-25,S002,P0015,82,122.6192536061796,-40.6192536061796
2023-10-25,S002,P0016,86,204.72843236672043,-118.72843236672043
2023-10-25,S005,P0013,45,121.62834297351912,-76.62834297351912
2023-10-25,S005,P0004,264,242.44413134746503,21.55586865253497
2023-10-25,S003,P0018,146,81.81741793149814,64.18258206850186
2023-10-25,S005,P0019,474,240.01286927808206,233.98713072191794
2023-10-25,S004,P0019,175,179.43665504408762,-4.436655044087615
2023-10-25,S003,P0014,178,229.75258042417818,-51.75258042417818
2023-10-25,S002,P0009,25,37.408071151427464,-12.408071151427464
2023-10-25,S001,P0013,49,27.095930850734362,21.904069149265638
2023-10-25,S004,P0015,102,104.44913301341705,-2.449133013417054
2023-10-25,S004,P0008,198,121.50625280321225,76.49374719678775
2023-10-25,S004,P0009,30,35.798849667645754,-5.798849667645754
2023-10-25,S004,P0001,4,28.443211165924367,-24.443211165924367
2023-10-25,S003,P0015,139,222.21774549792485,-83.21774549792485
2023-10-25,S005,P0007,19,197.04485192416354,-178.04485192416354
2023-10-25,S003,P0016,40,124.22874683807373,-84.22874683807373
2023-10-25,S002,P0013,101,53.115874237501146,47.884125762498854
2023-10-25,S001,P0016,8,36.35701734694146,-28.35701734694146
2023-10-25,S001,P0001,27,58.78895331029986,-31.78895331029986
2023-10-25,S003,P0011,124,151.09630784684185,-27.096307846841853
2023-10-25,S004,P0012,403,208.00825897001937,194.99174102998063
2023-10-25,S002,P0008,181,211.86429656549063,-30.864296565490633
2023-10-25,S004,P0017,293,197.64045452053318,95.35954547946682
2023-10-25,S003,P0001,338,245.79384633991378,92.20615366008622
2023-10-25,S005,P0011,101,102.6487336144503,-1.6487336144502933
2023-10-25,S002,P0003,212,219.14150237067304,-7.141502370673038
2023-10-25,S002,P0020,101,223.6281797076308,-122.6281797076308
2023-10-25,S005,P0014,127,144.18482010934804,-17.18482010934804
2023-10-25,S002,P0010,244,134.3766789568179,109.6233210431821
2023-10-25,S003,P0008,166,205.9890316783871,-39.98903167838711
2023-10-25,S003,P0004,302,191.35716873301055,110.64283126698945
2023-10-25,S004,P0020,12,55.64699702241961,-43.64699702241961
2023-10-25,S001,P0015,304,224.4655238762714,79.53447612372861
2023-10-25,S004,P0002,115,164.03836407469942,-49.038364074699416
2023-10-25,S001,P0004,395,246.29717715921055,148.70282284078945
2023-10-25,S004,P0010,217,145.59359635203657,71.40640364796343
2023-10-25,S005,P0008,70,57.214641770735,12.785358229265
2023-10-25,S003,P0006,40,108.90336092475098,-68.90336092475098
2023-10-25,S002,P0011,183,102.88141799316196,80.11858200683804
2023-10-25,S005,P0012,193,120.31916594304892,72.68083405695108
2023-10-25,S002,P0005,349,216.30779045239098,132.69220954760902
2023-10-25,S002,P0004,23,66.715875219451,-43.71587521945099
2023-10-25,S003,P0010,20,35.34863815599084,-15.348638155990841
2023-10-25,S002,P0007,145,189.23131543301758,-44.231315433017585
2023-10-25,S004,P0005,180,115.71068044978176,64.28931955021824
2023-10-25,S001,P0014,162,87.58490252683026,74.41509747316974
2023-10-25,S003,P0013,137,145.4028017866873,-8.402801786687291
2023-10-25,S003,P0017,24,48.48366173475199,-24.48366173475199
2023-10-25,S003,P0007,306,168.38357064958416,137.61642935041584
2023-10-25,S001,P0008,403,224.1129992601406,178.8870007398594
2023-10-25,S001,P0017,86,134.63470916638647,-48.63470916638647
2023-10-25,S004,P0016,172,130.49929040282922,41.50070959717078
2023-10-25,S005,P0016,78,50.18464336148031,27.815356638519688
2023-10-25,S005,P0002,137,111.37907964263331,25.620920357366685
2023-10-25,S003,P0020,472,248.54789043031542,223.45210956968458
2023-10-25,S005,P0020,37,200.75907664721245,-163.75907664721245
2023-10-25,S003,P0003,77,64.95030302171085,12.049696978289148
2023-10-25,S005,P0005,59,96.82257867410834,-37.82257867410834
2023-10-25,S002,P0014,23,38.29092541553723,-15.290925415537231
2023-10-25,S001,P0011,185,108.78720823954063,76.21279176045937
2023-10-25,S003,P0012,27,39.8474750024385,-12.8474750024385
2023-10-25,S001,P0006,42,120.29706373267152,-78.29706373267152
2023-10-25,S004,P0013,52,117.53743768201849,-65.53743768201849
2023-10-25,S005,P0006,309,232.8636214631124,76.1363785368876
2023-10-25,S004,P0018,393,243.5502873818703,149.4497126181297
2023-10-25,S001,P0009,108,157.3973020481679,-49.39730204816789
2023-10-25,S001,P0007,4,51.718215346887234,-47.718215346887234
2023-10-25,S002,P0012,343,246.38276480329063,96.61723519670937
2023-10-25,S002,P0019,121,149.9813278836852,-28.981327883685196
2023-10-25,S001,P0010,96,220.15872042536313,-124.15872042536313
2023-10-25,S005,P0018,13,86.85682806920192,-73.85682806920192
2023-10-25,S003,P0019,37,166.29611343696502,-129.29611343696502
2023-10-25,S005,P0015,150,166.39771866107174,-16.397718661071735
2023-10-25,S001,P0018,291,231.3824201038655,59.61757989613449
2023-10-25,S001,P0002,151,87.33062800729226,63.66937199270774
2023-10-25,S005,P0001,309,179.8416735149575,129.1583264850425
2023-10-25,S005,P0003,223,152.13091086763524,70.86908913236476
2023-10-26,S003,P0019,43,241.247313752842,-198.247313752842
2023-10-26,S002,P0001,15,129.6414899037336,-114.6414899037336
2023-10-26,S001,P0015,68,140.2870185710014,-72.2870185710014
2023-10-26,S004,P0010,129,150.51365320767206,-21.513653207672064
2023-10-26,S004,P0012,127,240.3154612879777,-113.31546128797771
2023-10-26,S004,P0004,4,33.31576014280711,-29.315760142807108
2023-10-26,S002,P0018,362,206.02926929256182,155.97073070743818
2023-10-26,S003,P0018,105,102.81407397523736,2.1859260247626366
2023-10-26,S004,P0019,54,74.92943038443207,-20.929430384432067
2023-10-26,S003,P0010,99,141.19234087565604,-42.19234087565604
2023-10-26,S002,P0017,103,73.71322878092275,29.286771219077252
2023-10-26,S003,P0001,148,228.07623366637864,-80.07623366637864
2023-10-26,S005,P0003,240,159.11978088331296,80.88021911668704
2023-10-26,S005,P0015,81,68.59038410835245,12.409615891647547
2023-10-26,S002,P0005,232,175.16100586651066,56.83899413348934
2023-10-26,S003,P0017,81,60.164107427935676,20.835892572064324
2023-10-26,S002,P0007,255,205.2875179203591,49.71248207964089
2023-10-26,S001,P0019,19,182.32136592655434,-163.32136592655434
2023-10-26,S004,P0002,78,167.33272863547188,-89.33272863547188
2023-10-26,S005,P0002,136,129.89896909866093,6.101030901339072
2023-10-26,S003,P0016,184,113.03571134060229,70.96428865939771
2023-10-26,S002,P0012,78,246.01022879766947,-168.01022879766947
2023-10-26,S001,P0011,16,64.89878927823247,-48.89878927823247
2023-10-26,S005,P0005,90,95.51352413562802,-5.513524135628018
2023-10-26,S005,P0020,124,183.9499127672148,-59.94991276721481
2023-10-26,S002,P0020,139,203.00603738564791,-64.00603738564791
2023-10-26,S003,P0009,257,171.0547135094938,85.94528649050619
2023-10-26,S004,P0011,60,122.04464473408052,-62.04464473408052
2023-10-26,S001,P0003,31,234.59436490438242,-203.59436490438242
2023-10-26,S004,P0001,174,231.80605828569736,-57.80605828569736
2023-10-26,S003,P0011,372,189.45461475892597,182.54538524107403
2023-10-26,S004,P0009,57,52.65303919324771,4.346960806752293
2023-10-26,S001,P0013,105,55.48108025110889,49.51891974889111
2023-10-26,S001,P0009,22,78.30761363087066,-56.30761363087066
2023-10-26,S005,P0004,70,71.02064039274836,-1.020640392748362
2023-10-26,S005,P0009,220,169.74824585027142,50.25175414972858
2023-10-26,S005,P0017,27,201.67273870152303,-174.67273870152303
2023-10-26,S004,P0008,3,146.74811982747877,-143.74811982747877
2023-10-26,S001,P0001,177,110.69575326657412,66.30424673342588
2023-10-26,S002,P0008,301,175.10845815363461,125.89154184636539
2023-10-26,S003,P0002,352,207.01747870733493,144.98252129266507
2023-10-26,S001,P0020,45,76.29081569730789,-31.29081569730789
2023-10-26,S004,P0003,78,140.16533896815184,-62.16533896815184
2023-10-26,S005,P0014,19,61.76349396639512,-42.76349396639512
2023-10-26,S005,P0006,228,154.70255545096785,73.29744454903215
2023-10-26,S001,P0012,0,90.63875884309118,-90.63875884309118
2023-10-26,S003,P0012,263,219.60574698159877,43.39425301840123
2023-10-26,S002,P0019,140,124.31299746380233,15.687002536197667
2023-10-26,S005,P0011,193,218.13418809820695,-25.13418809820695
2023-10-26,S003,P0020,145,135.6723677724251,9.327632227574895
2023-10-26,S004,P0020,286,245.63176237926797,40.36823762073203
2023-10-26,S005,P0008,53,30.408087315437854,22.591912684562146
2023-10-26,S002,P0004,120,117.28781967867809,2.7121803213219096
2023-10-26,S002,P0016,96,143.3329554692765,-47.3329554692765
2023-10-26,S001,P0014,232,136.92873061961149,95.07126938038851
2023-10-26,S005,P0012,323,247.80068303191888,75.19931696808112
2023-10-26,S005,P0018,13,225.79024136008576,-212.79024136008576
2023-10-26,S001,P0007,42,66.81850792580161,-24.81850792580161
2023-10-26,S003,P0008,176,162.40079733763383,13.599202662366167
2023-10-26,S005,P0001,119,190.16885510561798,-71.16885510561798
2023-10-26,S002,P0006,50,171.90195734277336,-121.90195734277336
2023-10-26,S002,P0011,60,104.72631939087552,-44.72631939087552
2023-10-26,S003,P0003,364,180.8446713835147,183.1553286164853
2023-10-26,S004,P0015,10,134.9695585571297,-124.96955855712969
2023-10-26,S002,P0010,262,232.57882158961036,29.421178410389643
2023-10-26,S001,P0018,279,166.35763498620878,112.64236501379122
2023-10-26,S005,P0016,232,127.50026403641124,104.49973596358876
2023-10-26,S001,P0017,15,63.02220515762207,-48.02220515762207
2023-10-26,S004,P0005,55,214.09461756031345,-159.09461756031345
2023-10-26,S001,P0008,337,186.57367045894148,150.42632954105852
2023-10-26,S002,P0009,140,182.75197335503225,-42.75197335503225
2023-10-26,S005,P0013,33,143.45282890063294,-110.45282890063294
2023-10-26,S002,P0003,185,181.44948579998373,3.5505142000162664
2023-10-26,S005,P0007,160,231.9890514580211,-71.9890514580211
2023-10-26,S001,P0006,137,86.96680077852113,50.03319922147887
2023-10-26,S003,P0013,69,49.88903430710633,19.11096569289367
2023-10-26,S001,P0016,314,182.48963494606437,131.51036505393563
2023-10-26,S003,P0004,196,246.88341522578116,-50.883415225781164
2023-10-26,S004,P0014,175,173.90502808302193,1.0949719169780678
2023-10-26,S005,P0010,236,230.7322143415654,5.267785658434605
2023-10-26,S004,P0007,27,78.41552710614656,-51.415527106146556
2023-10-26,S003,P0015,44,86.09703318836438,-42.09703318836438
2023-10-26,S005,P0019,83,192.5209909273711,-109.52099092737109
2023-10-26,S001,P0010,54,142.41071317342693,-88.41071317342693
2023-10-26,S001,P0002,66,95.84515655399832,-29.845156553998322
2023-10-26,S002,P0002,262,239.36540538895076,22.634594611049238
2023-10-26,S004,P0016,53,104.74892676170128,-51.748926761701284
2023-10-26,S004,P0017,140,185.52378190957876,-45.52378190957876
2023-10-26,S004,P0018,10,87.49750235994077,-77.49750235994077
2023-10-26,S002,P0014,245,176.00568072314059,68.99431927685941
2023-10-26,S003,P0014,104,179.37186485483824,-75.37186485483824
2023-10-26,S002,P0013,30,100.931783295645,-70.931783295645
2023-10-26,S003,P0007,159,169.58273498670445,-10.582734986704452
2023-10-26,S003,P0005,189,131.33134248748638,57.66865751251362
2023-10-26,S001,P0005,179,138.0905687423956,40.90943125760441
2023-10-26,S002,P0015,52,67.86815018440666,-15.868150184406659
2023-10-26,S003,P0006,273,247.431351109864,25.56864889013599
2023-10-26,S004,P0006,15,29.157391085711424,-14.157391085711424
2023-10-26,S004,P0013,243,234.12299354625293,8.877006453747072
2023-10-26,S001,P0004,214,239.05300022055684,-25.05300022055684
2023-10-27,S004,P0007,33,29.569080850539308,3.430919149460692
2023-10-27,S004,P0020,161,183.52622336270065,-22.526223362700648
2023-10-27,S003,P0017,97,129.42262104286647,-32.42262104286647
2023-10-27,S005,P0004,60,101.46635281651146,-41.46635281651146
2023-10-27,S001,P0002,64,160.600658250869,-96.600658250869
2023-10-27,S003,P0004,113,101.77944500967601,11.22055499032399
2023-10-27,S004,P0005,183,150.77364280448313,32.22635719551687
2023-10-27,S002,P0015,343,194.26286940255915,148.73713059744085
2023-10-27,S002,P0007,139,108.05831004235944,30.941689957640563
2023-10-27,S003,P0001,19,144.51564479034806,-125.51564479034806
2023-10-27,S001,P0010,314,212.8815033432528,101.1184966567472
2023-10-27,S001,P0012,270,247.9581482258373,22.041851774162694
2023-10-27,S005,P0014,125,127.78900000215663,-2.7890000021566266
2023-10-27,S001,P0009,151,198.80054304320367,-47.800543043203675
2023-10-27,S002,P0019,172,155.86263595401448,16.13736404598552
2023-10-27,S004,P0006,6,63.167320889129144,-57.167320889129144
2023-10-27,S005,P0020,52,213.5769462129358,-161.5769462129358
2023-10-27,S002,P0002,3,71.72270894564957,-68.72270894564957
2023-10-27,S004,P0019,22,69.79638468976697,-47.79638468976697
2023-10-27,S001,P0007,198,198.00888769793397,-0.008887697933971594
2023-10-27,S001,P0011,124,120.70963947228574,3.290360527714256
2023-10-27,S003,P0015,336,235.9776667851192,100.0223332148808
2023-10-27,S002,P0008,46,155.05392768541378,-109.05392768541378
2023-10-27,S001,P0020,136,192.16146673186307,-56.16146673186307
2023-10-27,S004,P0018,65,152.67034513159228,-87.67034513159228
2023-10-27,S004,P0015,76,61.02501483083876,14.974985169161243
2023-10-27,S001,P0001,20,139.1638324406723,-119.16383244067231
2023-10-27,S003,P0008,121,110.49235642444307,10.507643575556926
2023-10-27,S004,P0002,174,244.9750742411748,-70.97507424117481
2023-10-27,S001,P0018,203,204.2251955856405,-1.2251955856405061
2023-10-27,S001,P0019,37,80.04653715205086,-43.04653715205086
2023-10-27,S003,P0002,82,159.75933423093346,-77.75933423093346
2023-10-27,S003,P0007,36,38.36467951858532,-2.3646795185853193
2023-10-27,S001,P0017,142,104.71195110087706,37.28804889912294
2023-10-27,S005,P0016,158,81.58314762403933,76.41685237596067
2023-10-27,S001,P0005,303,206.30152158085383,96.69847841914617
2023-10-27,S002,P0005,237,172.23240726685367,64.76759273314633
2023-10-27,S001,P0006,142,74.02716680146642,67.97283319853358
2023-10-27,S005,P0006,207,163.70710038213792,43.292899617862076
2023-10-27,S005,P0015,138,70.70151250789343,67.29848749210657
2023-10-27,S003,P0010,22,104.10040299738733,-82.10040299738733
2023-10-27,S004,P0008,262,218.93303514062848,43.066964859371524
2023-10-27,S004,P0003,92,53.885290539409596,38.114709460590404
2023-10-27,S002,P0009,35,122.49072299352792,-87.49072299352792
2023-10-27,S002,P0003,101,50.70082092773282,50.29917907226718
2023-10-27,S005,P0003,21,159.32345645155414,-138.32345645155414
2023-10-27,S001,P0016,202,247.53038370678928,-45.53038370678928
2023-10-27,S002,P0012,378,223.3597047640585,154.6402952359415
2023-10-27,S003,P0012,17,47.94571051988572,-30.945710519885722
2023-10-27,S005,P0002,47,33.24493138255389,13.755068617446113
2023-10-27,S005,P0008,34,97.60617983644215,-63.60617983644215
2023-10-27,S005,P0005,153,116.85507838574642,36.144921614253576
2023-10-27,S002,P0010,72,40.74002962358048,31.259970376419517
2023-10-27,S004,P0009,107,100.81424653814861,6.185753461851391
2023-10-27,S004,P0004,140,92.18054521619672,47.81945478380328
2023-10-27,S001,P0008,292,223.1399474584204,68.86005254157959
2023-10-27,S002,P0014,30,27.309794049320885,2.6902059506791147
2023-10-27,S002,P0016,133,113.76572791430414,19.234272085695864
2023-10-27,S005,P0018,13,247.87350062860168,-234.87350062860168
2023-10-27,S003,P0019,70,109.82500629730106,-39.82500629730106
2023-10-27,S001,P0013,84,186.2861557229852,-102.2861557229852
2023-10-27,S005,P0017,174,142.99085506855016,31.00914493144984
2023-10-27,S003,P0005,43,54.31771000795243,-11.317710007952428
2023-10-27,S003,P0014,197,104.59913839705524,92.40086160294476
2023-10-27,S003,P0018,188,222.8092204516829,-34.809220451682904
2023-10-27,S005,P0013,48,190.13694954875444,-142.13694954875444
2023-10-27,S003,P0013,289,221.12914921495104,67.87085078504896
2023-10-27,S005,P0001,53,94.60725301604106,-41.60725301604106
2023-10-27,S003,P0009,111,59.43660473400581,51.56339526599419
2023-10-27,S002,P0001,93,114.67657483149878,-21.676574831498783
2023-10-27,S005,P0012,250,140.0660018622882,109.9339981377118
2023-10-27,S001,P0004,15,59.67490287333186,-44.67490287333186
2023-10-27,S003,P0006,166,102.80257062332151,63.197429376678485
2023-10-27,S003,P0003,374,222.27416267608095,151.72583732391905
2023-10-27,S002,P0006,238,217.10559437291295,20.894405627087053
2023-10-27,S002,P0013,268,161.47569076754985,106.52430923245015
2023-10-27,S001,P0003,70,37.51754743018489,32.48245256981511
2023-10-27,S001,P0014,29,157.0888373988148,-128.0888373988148
2023-10-27,S002,P0011,62,178.307091379207,-116.30709137920701
2023-10-27,S003,P0011,31,113.97942150944073,-82.97942150944073
2023-10-27,S002,P0018,247,208.24287856976343,38.757121430236566
2023-10-27,S005,P0007,278,241.50585396533847,36.494146034661526
2023-10-27,S002,P0017,43,115.51267772592365,-72.51267772592365
2023-10-27,S004,P0011,7,116.06812698060878,-109.06812698060878
2023-10-27,S003,P0016,88,54.709204622537584,33.290795377462416
2023-10-27,S004,P0014,70,164.93287072349807,-94.93287072349807
2023-10-27,S004,P0016,70,57.7854572921853,12.2145427078147
2023-10-27,S001,P0015,26,75.77776782418664,-49.77776782418664
2023-10-27,S004,P0010,117,205.12749154504974,-88.12749154504974
2023-10-27,S005,P0011,191,210.8634742823727,-19.863474282372692
2023-10-27,S005,P0010,118,69.85716193375316,48.14283806624684
2023-10-27,S004,P0001,99,84.89729608643637,14.10270391356363
2023-10-27,S002,P0004,348,174.29721330633333,173.70278669366667
2023-10-27,S003,P0020,148,148.72193208860006,-0.721932088600056
2023-10-27,S004,P0017,50,113.37434567532648,-63.37434567532648
2023-10-27,S004,P0012,64,68.82997960333017,-4.829979603330173
2023-10-27,S005,P0019,106,62.75568323730545,43.24431676269455
2023-10-27,S005,P0009,46,203.67362208262148,-157.67362208262148
2023-10-27,S002,P0020,26,66.81485326352157,-40.81485326352157
2023-10-27,S004,P0013,88,137.7138130458011,-49.71381304580109
2023-10-28,S003,P0007,43,117.97236881527408,-74.97236881527408
2023-10-28,S003,P0006,270,144.87052146817564,125.12947853182436
2023-10-28,S002,P0019,19,135.7723784163698,-116.7723784163698
2023-10-28,S003,P0020,38,222.06554771338966,-184.06554771338966
2023-10-28,S005,P0006,89,220.69982400529136,-131.69982400529136
2023-10-28,S004,P0018,108,168.2147048457157,-60.21470484571569
2023-10-28,S002,P0017,15,57.06785244445075,-42.06785244445075
2023-10-28,S001,P0014,278,219.10723230857604,58.892767691423956
2023-10-28,S003,P0017,145,95.9496358439468,49.050364156053206
2023-10-28,S002,P0002,72,50.07653480000312,21.923465199996883
2023-10-28,S001,P0007,180,134.43696505002464,45.56303494997536
2023-10-28,S005,P0008,379,211.32737533640147,167.67262466359853
2023-10-28,S002,P0011,406,203.26105367276188,202.73894632723812
2023-10-28,S003,P0008,41,138.32228429252052,-97.32228429252052
2023-10-28,S003,P0016,179,173.7239836144874,5.276016385512605
2023-10-28,S003,P0004,13,41.42076241159782,-28.42076241159782
2023-10-28,S001,P0001,255,137.42927661784728,117.57072338215272
2023-10-28,S005,P0001,136,74.28264515300299,61.71735484699701
2023-10-28,S004,P0017,294,155.04307331353675,138.95692668646325
2023-10-28,S002,P0010,180,107.7487804957504,72.2512195042496
2023-10-28,S005,P0019,123,196.3553939465699,-73.3553939465699
2023-10-28,S004,P0015,75,235.2307519776296,-160.2307519776296
2023-10-28,S001,P0016,142,103.24609625596315,38.75390374403685
2023-10-28,S001,P0010,200,185.11195529755923,14.888044702440766
2023-10-28,S003,P0010,103,104.95953386590344,-1.9595338659034383
2023-10-28,S005,P0011,9,109.97276423634037,-100.97276423634037
2023-10-28,S005,P0016,22,242.30088940550695,-220.30088940550695
2023-10-28,S002,P0016,310,161.99216358107697,148.00783641892303
2023-10-28,S005,P0018,24,131.42281854241128,-107.42281854241128
2023-10-28,S003,P0012,198,240.27204295127598,-42.27204295127598
2023-10-28,S003,P0011,10,166.97975563720036,-156.97975563720036
2023-10-28,S005,P0017,413,245.49044259221023,167.50955740778977
2023-10-28,S004,P0020,355,199.54309163897216,155.45690836102784
2023-10-28,S002,P0004,130,93.16657247311878,36.83342752688122
2023-10-28,S005,P0015,14,174.23605404010613,-160.23605404010613
2023-10-28,S001,P0012,98,122.4025838095892,-24.402583809589203
2023-10-28,S005,P0009,26,145.43563152196083,-119.43563152196083
2023-10-28,S005,P0012,300,182.7781298726469,117.2218701273531
2023-10-28,S001,P0008,410,216.2217926128052,193.7782073871948
2023-10-28,S003,P0005,7,158.71173529394076,-151.71173529394076
2023-10-28,S002,P0020,25,34.33691566798581,-9.336915667985807
2023-10-28,S004,P0001,172,220.3857014932953,-48.3857014932953
2023-10-28,S001,P0015,46,55.252623501614835,-9.252623501614835
2023-10-28,S004,P0013,181,109.88219087044257,71.11780912955743
2023-10-28,S004,P0010,165,152.18342729473443,12.816572705265571
2023-10-28,S005,P0010,63,146.14091827698144,-83.14091827698144
2023-10-28,S004,P0011,76,52.82333850735881,23.176661492641188
2023-10-28,S004,P0012,182,97.83106684938542,84.16893315061458
2023-10-28,S005,P0005,275,207.6291780803279,67.3708219196721
2023-10-28,S004,P0019,21,60.21684909390922,-39.21684909390922
2023-10-28,S005,P0020,389,193.0376580067799,195.9623419932201
2023-10-28,S004,P0016,117,231.11914820993633,-114.11914820993633
2023-10-28,S001,P0009,19,63.00288269964983,-44.00288269964983
2023-10-28,S001,P0011,89,194.1957687545369,-105.19576875453691
2023-10-28,S003,P0015,337,237.3799732390579,99.6200267609421
2023-10-28,S005,P0004,417,236.34890555398277,180.65109444601723
2023-10-28,S004,P0014,327,214.65529412714324,112.34470587285676
2023-10-28,S004,P0007,117,63.304473664548425,53.695526335451575
2023-10-28,S002,P0014,182,131.45411271838094,50.54588728161906
2023-10-28,S005,P0007,6,149.75484148197802,-143.75484148197802
2023-10-28,S002,P0001,100,62.938301209012536,37.061698790987464
2023-10-28,S001,P0003,133,84.38596948907241,48.61403051092759
2023-10-28,S002,P0013,170,235.46392246217857,-65.46392246217857
2023-10-28,S003,P0003,237,146.50969550879904,90.49030449120096
2023-10-28,S002,P0006,132,83.45408716795788,48.54591283204212
2023-10-28,S001,P0004,139,77.77352011431412,61.226479885685876
2023-10-28,S003,P0018,44,36.93597870547916,7.064021294520842
2023-10-28,S002,P0018,394,208.2925976985789,185.7074023014211
2023-10-28,S003,P0013,306,154.39624290512444,151.60375709487556
2023-10-28,S003,P0014,30,38.379938075981045,-8.379938075981045
2023-10-28,S003,P0009,263,236.17613076267958,26.823869237320423
2023-10-28,S003,P0019,103,101.20008388408019,1.7999161159198138
2023-10-28,S001,P0013,57,78.10087738283255,-21.10087738283255
2023-10-28,S004,P0009,129,108.86662787770592,20.133372122294077
2023-10-28,S004,P0004,274,241.4647645359559,32.53523546404409
2023-10-28,S005,P0013,11,163.24209503757135,-152.24209503757135
2023-10-28,S002,P0009,26,183.03194591082308,-157.03194591082308
2023-10-28,S004,P0002,1,168.4285095721412,-167.4285095721412
2023-10-28,S004,P0006,266,146.61559209102313,119.38440790897687
2023-10-28,S004,P0003,51,194.91591614762092,-143.91591614762092
2023-10-28,S001,P0006,44,97.13793164895924,-53.13793164895924
2023-10-28,S001,P0005,169,139.19128143865493,29.808718561345074
2023-10-28,S001,P0019,249,132.09799676685827,116.90200323314173
2023-10-28,S002,P0005,313,235.3208126650411,77.6791873349589
2023-10-28,S001,P0020,96,226.11614176805347,-130.11614176805347
2023-10-28,S004,P0005,70,97.56586231914343,-27.565862319143434
2023-10-28,S001,P0018,21,43.337919815533894,-22.337919815533894
2023-10-28,S002,P0007,64,116.84670434789786,-52.846704347897855
2023-10-28,S005,P0002,86,67.76406316422367,18.23593683577633
2023-10-28,S003,P0002,106,107.69261701581507,-1.692617015815074
2023-10-28,S005,P0014,281,216.67304296960646,64.32695703039354
2023-10-28,S001,P0002,11,42.17698269514523,-31.176982695145227
2023-10-28,S004,P0008,14,30.108041028337652,-16.108041028337652
2023-10-28,S001,P0017,388,220.36876839550035,167.63123160449965
2023-10-28,S002,P0003,1,162.22587714561928,-161.22587714561928
2023-10-28,S002,P0008,142,177.13117965360914,-35.13117965360914
2023-10-28,S002,P0015,199,179.71166466757307,19.288335332426925
2023-10-28,S002,P0012,446,247.4111553667322,198.5888446332678
2023-10-29,S001,P0019,103,169.3994866891329,-66.39948668913291
2023-10-29,S004,P0009,1,53.78735804947513,-52.78735804947513
2023-10-29,S001,P0013,107,188.249170968812,-81.249170968812
2023-10-29,S003,P0009,79,152.32556032265808,-73.32556032265808
2023-10-29,S003,P0011,99,68.77705840219227,30.222941597807733
2023-10-29,S004,P0007,103,74.30299888018334,28.69700111981666
2023-10-29,S005,P0001,142,104.02293785325793,37.97706214674207
2023-10-29,S001,P0018,9,31.54974233704945,-22.54974233704945
2023-10-29,S005,P0012,197,165.42203043919193,31.57796956080807
2023-10-29,S005,P0007,223,120.68651490611603,102.31348509388397
2023-10-29,S002,P0017,105,139.909174229141,-34.909174229141
2023-10-29,S003,P0018,38,105.89458784875853,-67.89458784875853
2023-10-29,S002,P0006,39,37.727993931404626,1.272006068595374
2023-10-29,S004,P0005,53,63.224369145666515,-10.224369145666515
2023-10-29,S005,P0015,77,157.2641479832949,-80.26414798329489
2023-10-29,S003,P0017,88,230.8320753014736,-142.8320753014736
2023-10-29,S001,P0003,105,85.44837375311607,19.551626246883927
2023-10-29,S002,P0011,143,191.5365559975309,-48.53655599753091
2023-10-29,S003,P0008,95,121.18769504363985,-26.18769504363985
2023-10-29,S003,P0005,287,244.44404472234294,42.55595527765706
2023-10-29,S003,P0014,43,142.28408614250333,-99.28408614250333
2023-10-29,S001,P0017,173,153.20581457892405,19.79418542107595
2023-10-29,S004,P0014,289,170.49900973276863,118.50099026723137
2023-10-29,S004,P0017,59,56.49642694183757,2.5035730581624307
2023-10-29,S001,P0002,268,242.52361791713372,25.47638208286628
2023-10-29,S003,P0001,34,180.51284007644114,-146.51284007644114
2023-10-29,S001,P0011,183,98.00762969689481,84.99237030310519
2023-10-29,S001,P0016,100,176.1180549175259,-76.11805491752591
2023-10-29,S001,P0009,228,204.07517498336045,23.924825016639545
2023-10-29,S004,P0016,207,142.1230215590071,64.8769784409929
2023-10-29,S001,P0010,154,117.55109034575611,36.44890965424389
2023-10-29,S002,P0012,245,231.98947952569915,13.010520474300847
2023-10-29,S002,P0002,125,123.00624741095714,1.993752589042856
2023-10-29,S005,P0017,416,228.9771307609263,187.0228692390737
2023-10-29,S005,P0020,37,157.67615155053227,-120.67615155053227
2023-10-29,S002,P0013,77,136.07670736529656,-59.076707365296556
2023-10-29,S002,P0020,128,216.13659964278116,-88.13659964278116
2023-10-29,S005,P0003,185,121.0029304719024,63.9970695280976
2023-10-29,S001,P0007,147,86.5562146092081,60.4437853907919
2023-10-29,S003,P0016,323,219.0711029356114,103.9288970643886
2023-10-29,S005,P0002,139,128.69366463846745,10.306335361532547
2023-10-29,S005,P0005,50,32.872885875358804,17.127114124641196
2023-10-29,S004,P0011,93,71.47030222039967,21.529697779600326
2023-10-29,S003,P0007,216,181.71284575423897,34.28715424576103
2023-10-29,S005,P0016,165,184.86798194315526,-19.867981943155257
2023-10-29,S005,P0010,80,107.48215847720957,-27.482158477209566
2023-10-29,S005,P0009,8,31.77502642856018,-23.77502642856018
2023-10-29,S001,P0006,60,72.32821298733171,-12.32821298733171
2023-10-29,S005,P0011,153,87.99833454908207,65.00166545091793
2023-10-29,S002,P0005,104,56.95306336752077,47.04693663247923
2023-10-29,S004,P0001,17,159.9466272923973,-142.9466272923973
2023-10-29,S004,P0002,224,248.35033047797907,-24.35033047797907
2023-10-29,S002,P0014,78,60.400667637934134,17.599332362065866
2023-10-29,S001,P0001,218,120.27394978379266,97.72605021620734
2023-10-29,S002,P0007,22,111.71838949776077,-89.71838949776077
2023-10-29,S005,P0018,82,218.63045278783665,-136.63045278783665
2023-10-29,S005,P0008,236,197.1177037776793,38.88229622232069
2023-10-29,S004,P0010,71,214.02616289954346,-143.02616289954346
2023-10-29,S005,P0006,135,131.99802665628016,3.0019733437198397
2023-10-29,S004,P0018,321,177.19424980553055,143.80575019446945
2023-10-29,S003,P0002,131,137.4685460972297,-6.468546097229705
2023-10-29,S004,P0003,362,204.8326297636571,157.1673702363429
2023-10-29,S003,P0020,116,115.71601122694022,0.2839887730597752
2023-10-29,S003,P0012,137,81.9836737494038,55.016326250596194
2023-10-29,S002,P0016,130,69.94698697834895,60.053013021651054
2023-10-29,S002,P0010,79,107.39065848407597,-28.39065848407597
2023-10-29,S003,P0015,34,47.32031816617979,-13.320318166179788
2023-10-29,S001,P0020,96,87.30021909154897,8.699780908451032
2023-10-29,S005,P0004,283,248.57798892592433,34.42201107407567
2023-10-29,S001,P0004,19,205.05322046093596,-186.05322046093596
2023-10-29,S002,P0004,72,218.55422231994567,-146.55422231994567
2023-10-29,S004,P0013,384,236.69347710678846,147.30652289321154
2023-10-29,S005,P0019,169,212.0009972828028,-43.000997282802814
2023-10-29,S004,P0020,257,183.63174899851725,73.36825100148275
2023-10-29,S004,P0012,59,34.53539236888878,24.46460763111122
2023-10-29,S003,P0013,5,117.8068030570168,-112.8068030570168
2023-10-29,S002,P0008,250,126.84634923562146,123.15365076437854
2023-10-29,S003,P0010,110,108.99991777300528,1.0000822269947207
2023-10-29,S004,P0015,108,73.50964582044611,34.49035417955389
2023-10-29,S002,P0003,144,79.64819669447394,64.35180330552606
2023-10-29,S002,P0019,20,38.845894146099454,-18.845894146099454
2023-10-29,S004,P0008,72,233.04406357188924,-161.04406357188924
2023-10-29,S003,P0004,153,245.76139206352792,-92.76139206352792
2023-10-29,S002,P0009,248,217.8197059154288,30.180294084571187
2023-10-29,S002,P0018,61,31.895521459530755,29.104478540469245
2023-10-29,S001,P0012,355,234.14189166418703,120.85810833581297
2023-10-29,S001,P0015,90,105.41962666547835,-15.419626665478347
2023-10-29,S001,P0008,398,238.13127752651144,159.86872247348856
2023-10-29,S003,P0003,40,77.69091837358275,-37.69091837358275
2023-10-29,S004,P0019,190,151.2182130715738,38.781786928426186
2023-10-29,S004,P0006,227,120.60558193519557,106.39441806480443
2023-10-29,S002,P0001,69,102.83931844978537,-33.83931844978537
2023-10-29,S005,P0014,296,204.5876692262823,91.41233077371771
2023-10-29,S002,P0015,286,208.47096470603856,77.52903529396144
2023-10-29,S001,P0005,27,57.90087895418094,-30.90087895418094
2023-10-29,S004,P0004,225,148.97483678229878,76.02516321770122
2023-10-29,S001,P0014,5,137.63242775622757,-132.63242775622757
2023-10-29,S003,P0019,186,167.86879034702287,18.131209652977134
2023-10-29,S005,P0013,284,163.17422685784533,120.82577314215467
2023-10-30,S004,P0020,25,145.6773424010347,-120.67734240103471
2023-10-30,S004,P0009,69,163.8816220228731,-94.8816220228731
2023-10-30,S001,P0016,180,90.36813134423511,89.63186865576489
2023-10-30,S005,P0019,59,63.7644847751306,-4.764484775130597
2023-10-30,S001,P0006,24,40.0851297013657,-16.0851297013657
2023-10-30,S005,P0013,211,153.03998098809836,57.960019011901636
2023-10-30,S004,P0006,83,101.95164826204552,-18.951648262045524
2023-10-30,S002,P0007,92,134.21757759890585,-42.21757759890585
2023-10-30,S003,P0010,5,184.31884736690046,-179.31884736690046
2023-10-30,S004,P0005,185,214.24475722259297,-29.244757222592966
2023-10-30,S001,P0019,310,213.17789747535414,96.82210252464586
2023-10-30,S004,P0014,151,129.6236707595462,21.3763292404538
2023-10-30,S001,P0018,136,206.69878972708267,-70.69878972708267
2023-10-30,S003,P0004,329,198.78181775524087,130.21818224475913
2023-10-30,S005,P0010,328,193.64935324343668,134.35064675656332
2023-10-30,S005,P0002,99,82.6405250342005,16.359474965799507
2023-10-30,S005,P0017,154,90.0875224337077,63.912477566292296
2023-10-30,S003,P0001,183,178.12416224098382,4.8758377590161786
2023-10-30,S003,P0009,127,100.60585084236845,26.394149157631546
2023-10-30,S002,P0009,199,220.00919837576635,-21.009198375766346
2023-10-30,S002,P0012,216,116.79643703077772,99.20356296922228
2023-10-30,S004,P0002,2,140.4139618150436,-138.4139618150436
2023-10-30,S001,P0005,372,185.2915571019638,186.7084428980362
2023-10-30,S005,P0020,371,231.0839001433804,139.9160998566196
2023-10-30,S005,P0006,106,170.72613739036854,-64.72613739036854
2023-10-30,S004,P0004,132,98.66792193919582,33.33207806080418
2023-10-30,S002,P0017,47,247.5500914005022,-200.5500914005022
2023-10-30,S004,P0018,123,86.48713503403218,36.51286496596782
2023-10-30,S004,P0001,88,121.14416567326379,-33.144165673263785
2023-10-30,S001,P0001,362,185.41092425658536,176.58907574341464
2023-10-30,S003,P0019,164,162.04299897008337,1.9570010299166256
2023-10-30,S001,P0012,57,91.03611981994425,-34.03611981994425
2023-10-30,S002,P0005,51,35.518211328691166,15.481788671308834
2023-10-30,S003,P0012,169,207.76944054901088,-38.76944054901088
2023-10-30,S001,P0017,0,29.066160323877853,-29.066160323877853
2023-10-30,S003,P0002,56,31.927096106784802,24.072903893215198
2023-10-30,S005,P0007,112,109.9860628968072,2.013937103192802
2023-10-30,S005,P0016,429,226.72333497690488,202.27666502309512
2023-10-30,S005,P0003,72,203.37609712779255,-131.37609712779255
2023-10-30,S002,P0014,63,74.3726935500676,-11.372693550067595
2023-10-30,S005,P0014,48,86.24910195222094,-38.24910195222094
2023-10-30,S001,P0020,52,83.19301031062918,-31.193010310629177
2023-10-30,S003,P0017,37,237.52196159336893,-200.52196159336893
2023-10-30,S001,P0010,7,239.3515706644149,-232.3515706644149
2023-10-30,S001,P0015,19,184.79841302011505,-165.79841302011505
2023-10-30,S002,P0002,53,28.6534711575012,24.3465288424988
2023-10-30,S001,P0013,122,64.91521487950064,57.08478512049936
2023-10-30,S004,P0003,135,210.8430194176488,-75.8430194176488
2023-10-30,S003,P0015,55,109.92414824707669,-54.92414824707669
2023-10-30,S001,P0011,224,200.01938400598317,23.98061599401683
2023-10-30,S001,P0014,71,192.24971503071032,-121.24971503071032
2023-10-30,S002,P0016,202,127.94046425736838,74.05953574263162
2023-10-30,S005,P0005,89,51.88869856117623,37.11130143882377
2023-10-30,S003,P0020,77,173.36351292521215,-96.36351292521215
2023-10-30,S004,P0017,243,141.87213430163087,101.12786569836913
2023-10-30,S004,P0013,133,138.73241752877254,-5.732417528772544
2023-10-30,S005,P0015,69,36.107189121541694,32.892810878458306
2023-10-30,S004,P0019,225,122.11876973635009,102.88123026364991
2023-10-30,S003,P0014,133,154.99866541984983,-21.99866541984983
2023-10-30,S001,P0004,121,103.32482869978662,17.67517130021338
2023-10-30,S003,P0006,136,179.35952598013114,-43.35952598013114
2023-10-30,S001,P0009,363,210.46209161021494,152.53790838978506
2023-10-30,S003,P0011,118,110.66546443658353,7.334535563416466
2023-10-30,S003,P0005,318,235.77504492868098,82.22495507131902
2023-10-30,S002,P0020,73,216.04433221303788,-143.04433221303788
2023-10-30,S004,P0010,81,70.52121319782589,10.478786802174113
2023-10-30,S002,P0006,190,171.98093814195278,18.019061858047223
2023-10-30,S002,P0018,123,99.38033385812224,23.619666141877758
2023-10-30,S004,P0016,283,206.97006639856272,76.02993360143728
2023-10-30,S005,P0012,13,134.37788823821285,-121.37788823821285
2023-10-30,S004,P0011,67,191.24452477026603,-124.24452477026603
2023-10-30,S005,P0001,202,176.16693992198896,25.833060078011044
2023-10-30,S005,P0018,81,56.105791672436055,24.894208327563945
2023-10-30,S005,P0004,212,131.04673486146476,80.95326513853524
2023-10-30,S001,P0008,38,93.92077385944492,-55.92077385944492
2023-10-30,S003,P0018,158,106.44927278003496,51.55072721996504
2023-10-30,S005,P0008,204,108.1434500553438,95.8565499446562
2023-10-30,S004,P0012,47,45.89845713932948,1.10154286067052
2023-10-30,S001,P0002,42,66.04987111407769,-24.04987111407769
2023-10-30,S003,P0016,12,50.59172948725495,-38.59172948725495
2023-10-30,S002,P0013,226,238.53063106511865,-12.530631065118655
2023-10-30,S003,P0013,294,169.77729479625106,124.22270520374894
2023-10-30,S003,P0008,65,114.82704694454941,-49.82704694454941
2023-10-30,S003,P0007,140,151.77205938892348,-11.77205938892348
2023-10-30,S004,P0015,326,187.94025847898752,138.05974152101248
2023-10-30,S002,P0008,333,237.66338040377542,95.33661959622458
2023-10-30,S002,P0015,16,103.3679341641294,-87.3679341641294
2023-10-30,S002,P0010,65,129.4182234621473,-64.4182234621473
2023-10-30,S002,P0019,151,109.02571063662043,41.97428936337957
2023-10-30,S001,P0007,10,128.00315160166514,-118.00315160166514
2023-10-30,S001,P0003,52,112.10186902106574,-60.10186902106574
2023-10-30,S004,P0007,123,90.66608536402009,32.33391463597991
2023-10-30,S002,P0001,448,226.30385252907377,221.69614747092623
2023-10-30,S002,P0003,143,154.79119200352972,-11.791192003529716
2023-10-30,S005,P0009,33,45.16645773975017,-12.166457739750172
2023-10-30,S005,P0011,47,45.98218266769862,1.0178173323013766
2023-10-30,S002,P0004,208,134.46291033581974,73.53708966418026
2023-10-30,S002,P0011,245,124.52597180907725,120.47402819092275
2023-10-31,S004,P0016,323,200.53628372010127,122.46371627989873
2023-10-31,S004,P0010,34,114.944382462899,-80.944382462899
2023-10-31,S001,P0019,35,141.7234165309025,-106.72341653090251
2023-10-31,S005,P0013,341,241.8715402020735,99.1284597979265
2023-10-31,S002,P0020,389,238.03049042129243,150.96950957870757
2023-10-31,S001,P0017,171,115.29722731271471,55.70277268728529
2023-10-31,S002,P0013,39,63.25273281831562,-24.25273281831562
2023-10-31,S004,P0019,169,219.84499733422,-50.84499733422001
2023-10-31,S004,P0006,69,73.79094524007076,-4.790945240070755
2023-10-31,S005,P0010,50,176.47212908816647,-126.47212908816647
2023-10-31,S004,P0002,83,57.77257516539743,25.227424834602573
2023-10-31,S005,P0002,49,67.9712122254113,-18.971212225411307
2023-10-31,S004,P0008,56,63.14290435823193,-7.142904358231931
2023-10-31,S004,P0012,45,63.497925581000914,-18.497925581000914
2023-10-31,S003,P0010,143,92.10574671674766,50.89425328325234
2023-10-31,S002,P0008,25,98.66087495958527,-73.66087495958527
2023-10-31,S004,P0007,87,53.89187850367085,33.10812149632915
2023-10-31,S001,P0006,363,219.97434293274824,143.02565706725176
2023-10-31,S002,P0012,99,248.70302730868195,-149.70302730868195
2023-10-31,S002,P0003,68,51.99940823623177,16.000591763768227
2023-10-31,S003,P0006,40,56.0098425445139,-16.0098425445139
2023-10-31,S002,P0009,104,135.88845487688332,-31.888454876883316
2023-10-31,S003,P0002,18,60.94685207582393,-42.94685207582393
2023-10-31,S001,P0011,151,226.17682523910855,-75.17682523910855
2023-10-31,S003,P0015,155,151.4543437266001,3.5456562733999135
2023-10-31,S002,P0005,79,240.18238867622148,-161.18238867622148
2023-10-31,S005,P0005,405,226.99346485421074,178.00653514578926
2023-10-31,S004,P0001,111,231.03464854465471,-120.03464854465471
2023-10-31,S005,P0004,55,32.445975590025,22.554024409975
2023-10-31,S001,P0009,162,243.66573340270867,-81.66573340270867
2023-10-31,S001,P0005,21,225.35203695358325,-204.35203695358325
2023-10-31,S004,P0011,233,164.31450625213705,68.68549374786295
2023-10-31,S002,P0015,161,85.75606303018685,75.24393696981315
2023-10-31,S004,P0013,209,117.10891379385924,91.89108620614076
2023-10-31,S005,P0020,119,132.34080436243647,-13.340804362436472
2023-10-31,S004,P0014,89,82.92644696117685,6.07355303882315
2023-10-31,S003,P0018,95,219.6052924163178,-124.60529241631781
2023-10-31,S002,P0004,5,36.38430942760357,-31.38430942760357
2023-10-31,S005,P0011,256,244.3717378433057,11.62826215669429
2023-10-31,S001,P0004,131,151.97183267987822,-20.97183267987822
2023-10-31,S001,P0007,64,62.232246568413984,1.7677534315860157
2023-10-31,S002,P0010,37,76.0325931302068,-39.032593130206806
2023-10-31,S001,P0002,68,144.1127720613211,-76.1127720613211
2023-10-31,S003,P0007,117,62.69368060231511,54.30631939768489
2023-10-31,S004,P0015,87,69.33241992738942,17.667580072610576
2023-10-31,S002,P0011,122,176.89787095628338,-54.897870956283384
2023-10-31,S004,P0003,31,49.4793702464263,-18.4793702464263
2023-10-31,S003,P0016,179,141.24754911595574,37.752450884044265
2023-10-31,S001,P0015,9,108.49265920593308,-99.49265920593308
2023-10-31,S003,P0014,45,72.55426691458791,-27.554266914587913
2023-10-31,S005,P0017,62,128.91491737919802,-66.91491737919802
2023-10-31,S002,P0014,51,126.10302623097817,-75.10302623097817
2023-10-31,S005,P0009,91,98.45612708375609,-7.456127083756087
2023-10-31,S002,P0002,89,54.85811831275322,34.14188168724678
2023-10-31,S002,P0016,114,200.41470408818867,-86.41470408818867
2023-10-31,S002,P0001,80,246.45009058586436,-166.45009058586436
2023-10-31,S003,P0008,35,47.06476297239607,-12.064762972396068
2023-10-31,S001,P0008,332,240.64935608002844,91.35064391997156
2023-10-31,S005,P0015,60,243.98350659571628,-183.98350659571628
2023-10-31,S001,P0014,168,151.23012688213367,16.769873117866325
2023-10-31,S002,P0018,27,76.53341168445087,-49.53341168445087
2023-10-31,S002,P0019,59,56.633709308279606,2.366290691720394
2023-10-31,S003,P0004,277,171.16547838343058,105.83452161656942
2023-10-31,S003,P0003,76,133.64592746538636,-57.645927465386364
2023-10-31,S005,P0012,173,146.8164641268728,26.183535873127198
2023-10-31,S002,P0006,35,25.819971842854272,9.180028157145728
2023-10-31,S003,P0011,172,212.88566236799852,-40.88566236799852
2023-10-31,S005,P0018,28,217.4454625340926,-189.4454625340926
2023-10-31,S003,P0020,2,107.11494004886481,-105.11494004886481
2023-10-31,S003,P0005,285,237.94371794228323,47.05628205771677
2023-10-31,S004,P0017,50,29.4423896662978,20.5576103337022
2023-10-31,S005,P0001,50,53.95599215999977,-3.9559921599997665
2023-10-31,S003,P0013,135,106.01464141626406,28.985358583735945
2023-10-31,S005,P0008,9,210.4066026030805,-201.4066026030805
2023-10-31,S004,P0020,140,159.13769875902057,-19.137698759020566
2023-10-31,S005,P0006,119,74.5726905549817,44.427309445018295
2023-10-31,S001,P0018,162,224.36497224593194,-62.36497224593194
2023-10-31,S003,P0019,167,225.5797989696303,-58.5797989696303
2023-10-31,S001,P0013,149,94.28539788969852,54.714602110301485
2023-10-31,S002,P0017,105,57.3323629234352,47.6676370765648
2023-10-31,S001,P0003,217,236.16964057914123,-19.16964057914123
2023-10-31,S004,P0004,125,98.73405124317622,26.265948756823775
2023-10-31,S005,P0003,244,248.5899699218125,-4.5899699218124965
2023-10-31,S005,P0014,448,232.48962723705296,215.51037276294704
2023-10-31,S001,P0001,311,216.7202373037236,94.2797626962764
2023-10-31,S003,P0017,273,191.96282902481596,81.03717097518404
2023-10-31,S001,P0012,22,210.13114801259763,-188.13114801259763
2023-10-31,S005,P0007,66,151.06697309752042,-85.06697309752042
2023-10-31,S003,P0012,201,198.05585376418782,2.944146235812184
2023-10-31,S004,P0018,20,147.24919874768295,-127.24919874768295
2023-10-31,S003,P0001,157,115.43730866317088,41.56269133682912
2023-10-31,S004,P0009,339,217.4512471640022,121.54875283599779
2023-10-31,S001,P0016,153,238.26303948135035,-85.26303948135035
2023-10-31,S002,P0007,189,200.61159179717276,-11.611591797172764
2023-10-31,S003,P0009,177,125.127031797766,51.872968202234006
2023-10-31,S004,P0005,86,62.10457523259271,23.89542476740729
2023-10-31,S005,P0016,315,176.8618610694637,138.1381389305363
2023-10-31,S001,P0010,68,36.647771578050595,31.352228421949405
2023-10-31,S001,P0020,1,59.21859673266624,-58.21859673266624
2023-10-31,S005,P0019,70,61.951312922729244,8.048687077270756
2023-11-01,S003,P0003,172,129.08353346807752,42.91646653192248
2023-11-01,S005,P0007,103,88.45666744952308,14.543332550476919
2023-11-01,S002,P0020,240,208.37901287854908,31.620987121450923
2023-11-01,S003,P0019,117,110.70197179755195,6.298028202448052
2023-11-01,S002,P0015,20,44.5714103641418,-24.571410364141798
2023-11-01,S002,P0018,454,226.23850323781915,227.76149676218085
2023-11-01,S004,P0014,295,188.51877029657334,106.48122970342666
2023-11-01,S005,P0013,32,97.61695877712674,-65.61695877712674
2023-11-01,S002,P0001,130,197.67996181393875,-67.67996181393875
2023-11-01,S003,P0005,249,141.8538067954276,107.1461932045724
2023-11-01,S004,P0013,106,126.55144237759765,-20.551442377597652
2023-11-01,S003,P0014,238,186.55746224343977,51.44253775656023
2023-11-01,S004,P0009,50,105.989701918192,-55.989701918192
2023-11-01,S003,P0013,8,57.075340387378844,-49.075340387378844
2023-11-01,S001,P0015,74,70.12147549827125,3.878524501728748
2023-11-01,S003,P0009,42,65.73983365998726,-23.739833659987255
2023-11-01,S002,P0009,37,26.38312939835265,10.61687060164735
2023-11-01,S002,P0006,37,29.830509320477006,7.169490679522994
2023-11-01,S001,P0004,15,216.9196290708088,-201.9196290708088
2023-11-01,S003,P0018,137,226.7842735041769,-89.7842735041769
2023-11-01,S004,P0004,2,36.8994344872861,-34.8994344872861
2023-11-01,S005,P0005,35,68.79663277692617,-33.796632776926174
2023-11-01,S002,P0014,338,220.38682440094345,117.61317559905655
2023-11-01,S004,P0001,45,54.5389609567473,-9.538960956747303
2023-11-01,S004,P0012,305,199.97582654384001,105.02417345615999
2023-11-01,S005,P0010,10,40.104132447634356,-30.104132447634356
2023-11-01,S004,P0010,198,112.9857782889867,85.0142217110133
2023-11-01,S004,P0002,208,175.3711555092488,32.62884449075119
2023-11-01,S001,P0003,58,32.64901872079582,25.350981279204177
2023-11-01,S002,P0011,66,175.00684468670482,-109.00684468670482
2023-11-01,S005,P0008,266,240.29107131523307,25.70892868476693
2023-11-01,S003,P0016,72,158.4898849559454,-86.4898849559454
2023-11-01,S003,P0004,13,48.123686904365854,-35.123686904365854
2023-11-01,S005,P0017,164,92.48341384551799,71.51658615448201
2023-11-01,S004,P0020,145,146.4567946080403,-1.4567946080402976
2023-11-01,S003,P0001,297,154.968766489313,142.031233510687
2023-11-01,S003,P0007,39,96.5674674517727,-57.5674674517727
2023-11-01,S001,P0016,409,211.75839524918877,197.24160475081123
2023-11-01,S001,P0020,257,147.19530190273434,109.80469809726566
2023-11-01,S005,P0016,192,188.76707824391923,3.2329217560807706
2023-11-01,S001,P0012,121,133.6356811217923,-12.635681121792288
2023-11-01,S001,P0001,15,54.46351361051296,-39.46351361051296
2023-11-01,S001,P0018,193,221.41908323365237,-28.419083233652373
2023-11-01,S005,P0006,124,94.92983385879808,29.070166141201923
2023-11-01,S003,P0017,54,45.04408326672069,8.95591673327931
2023-11-01,S005,P0014,118,91.92453282582005,26.07546717417995
2023-11-01,S002,P0010,38,30.65549845487493,7.34450154512507
2023-11-01,S001,P0010,49,221.74485999934438,-172.74485999934438
2023-11-01,S001,P0007,218,181.94799519838398,36.05200480161602
2023-11-01,S001,P0002,58,47.573664740856486,10.426335259143514
2023-11-01,S005,P0020,10,145.03524687695744,-135.03524687695744
2023-11-01,S003,P0008,310,184.64764379140865,125.35235620859135
2023-11-01,S001,P0008,317,239.7616361985634,77.2383638014366
2023-11-01,S005,P0015,16,33.705314884029974,-17.705314884029974
2023-11-01,S001,P0014,40,69.28105221395532,-29.28105221395532
2023-11-01,S002,P0002,55,77.92328256048972,-22.923282560489724
2023-11-01,S002,P0019,194,209.89826657759642,-15.898266577596416
2023-11-01,S005,P0001,220,248.9242965866573,-28.924296586657306
2023-11-01,S003,P0020,31,72.12631029971385,-41.12631029971385
2023-11-01,S005,P0012,80,182.65203585771997,-102.65203585771997
2023-11-01,S005,P0018,220,172.78678292029878,47.213217079701224
2023-11-01,S003,P0011,153,99.93570012267668,53.06429987732332
2023-11-01,S004,P0017,58,54.882700006185644,3.117299993814356
2023-11-01,S002,P0016,1,34.80063236711675,-33.80063236711675
2023-11-01,S005,P0009,49,171.93983680040213,-122.93983680040213
2023-11-01,S004,P0015,318,193.30511651674607,124.69488348325393
2023-11-01,S002,P0004,36,128.42265253359858,-92.42265253359858
2023-11-01,S005,P0011,33,30.382822229700253,2.6171777702997474
2023-11-01,S005,P0003,162,215.344919437062,-53.344919437062
2023-11-01,S002,P0017,73,79.7954237802848,-6.795423780284807
2023-11-01,S002,P0012,96,114.46766352331798,-18.46766352331798
2023-11-01,S004,P0011,164,92.89964757577889,71.10035242422111
2023-11-01,S002,P0005,256,172.61159659603203,83.38840340396797
2023-11-01,S001,P0009,132,161.5679714625079,-29.5679714625079
2023-11-01,S003,P0002,91,79.41592617838,11.584073821619995
2023-11-01,S005,P0004,402,228.6646472505508,173.3353527494492
2023-11-01,S003,P0006,267,245.0743944913226,21.925605508677393
2023-11-01,S004,P0007,219,187.23145313295538,31.76854686704462
2023-11-01,S001,P0006,479,245.92237132789654,233.07762867210346
2023-11-01,S002,P0007,116,87.10916444906411,28.89083555093589
2023-11-01,S004,P0008,16,144.83597213627814,-128.83597213627814
2023-11-01,S003,P0015,15,235.45297265921891,-220.45297265921891
2023-11-01,S005,P0002,241,233.75176782135787,7.248232178642127
2023-11-01,S002,P0008,43,89.93423467923594,-46.93423467923594
2023-11-01,S001,P0011,49,28.07161193205269,20.92838806794731
2023-11-01,S003,P0010,42,33.820612817696485,8.179387182303515
2023-11-01,S001,P0005,52,149.24402936344057,-97.24402936344057
2023-11-01,S005,P0019,233,188.06606251741596,44.93393748258404
2023-11-01,S001,P0017,77,54.551894918989774,22.448105081010226
2023-11-01,S004,P0018,167,93.30466758155723,73.69533241844277
2023-11-01,S002,P0013,48,173.4033380790048,-125.40333807900481
2023-11-01,S003,P0012,181,103.67285161397416,77.32714838602584
2023-11-01,S004,P0005,83,210.7013124730364,-127.70131247303641
2023-11-01,S004,P0006,56,138.13605361003596,-82.13605361003596
2023-11-01,S001,P0013,148,139.13207251644434,8.867927483555661
2023-11-01,S004,P0019,292,162.72769495372359,129.27230504627641
2023-11-01,S002,P0003,272,147.35499101073043,124.64500898926957
2023-11-01,S004,P0016,150,171.94911079304762,-21.949110793047623
2023-11-01,S001,P0019,87,60.58408261911728,26.415917380882718
2023-11-01,S004,P0003,166,166.62439900995628,-0.624399009956278
2023-11-02,S005,P0004,223,132.07291303757376,90.92708696242624
2023-11-02,S002,P0018,38,129.50901545419862,-91.50901545419862
2023-11-02,S003,P0009,29,39.669889541898726,-10.669889541898726
2023-11-02,S003,P0020,167,126.16828128841331,40.83171871158669
2023-11-02,S002,P0002,203,133.84299685704354,69.15700314295646
2023-11-02,S005,P0020,68,185.47433457091353,-117.47433457091353
2023-11-02,S005,P0012,29,201.2094524725709,-172.2094524725709
2023-11-02,S005,P0018,164,216.68728045322763,-52.68728045322763
2023-11-02,S002,P0013,105,93.15974879559053,11.84025120440947
2023-11-02,S002,P0019,94,161.24216985835437,-67.24216985835437
2023-11-02,S001,P0009,112,148.83708285266357,-36.83708285266357
2023-11-02,S003,P0019,304,168.48748869798504,135.51251130201496
2023-11-02,S002,P0014,265,149.77807077792255,115.22192922207745
2023-11-02,S005,P0003,116,108.73437857628801,7.265621423711991
2023-11-02,S001,P0010,73,96.615458300066,-23.615458300065995
2023-11-02,S001,P0017,316,239.38208913365725,76.61791086634275
2023-11-02,S004,P0010,52,28.379041186216057,23.620958813783943
2023-11-02,S002,P0017,338,242.17125743073882,95.82874256926118
2023-11-02,S003,P0013,74,90.6210588449897,-16.621058844989705
2023-11-02,S002,P0009,232,214.56291147763477,17.43708852236523
2023-11-02,S001,P0012,106,233.42037807941057,-127.42037807941057
2023-11-02,S001,P0020,383,224.23392158583096,158.76607841416904
2023-11-02,S004,P0006,397,240.24484037340653,156.75515962659347
2023-11-02,S005,P0005,318,210.9783383163118,107.0216616836882
2023-11-02,S002,P0005,21,203.7227317031689,-182.7227317031689
2023-11-02,S002,P0011,92,116.26579341139916,-24.26579341139916
2023-11-02,S005,P0019,217,114.37468765834507,102.62531234165493
2023-11-02,S001,P0007,48,51.82313620211312,-3.823136202113119
2023-11-02,S003,P0006,180,180.5234509437633,-0.5234509437632937
2023-11-02,S004,P0015,104,83.92368046751363,20.076319532486366
2023-11-02,S003,P0005,243,186.9592355261176,56.040764473882405
2023-11-02,S003,P0010,65,60.24396846937316,4.756031530626842
2023-11-02,S002,P0001,343,188.08661392668284,154.91338607331716
2023-11-02,S001,P0002,4,129.0117837738414,-125.01178377384139
2023-11-02,S005,P0006,0,28.347906976971956,-28.347906976971956
2023-11-02,S005,P0014,170,95.43251237729487,74.56748762270513
2023-11-02,S004,P0018,72,167.97868011601065,-95.97868011601065
2023-11-02,S003,P0017,193,158.5902412490401,34.409758750959895
2023-11-02,S004,P0003,70,114.82492812064038,-44.82492812064038
2023-11-02,S001,P0018,135,78.6101625914414,56.389837408558606
2023-11-02,S001,P0011,34,76.84120711988623,-42.841207119886235
2023-11-02,S001,P0005,41,83.28310504958182,-42.28310504958182
2023-11-02,S004,P0016,240,120.96562169637582,119.03437830362418
2023-11-02,S005,P0015,235,163.47689710512464,71.52310289487536
2023-11-02,S003,P0002,99,129.70505480416597,-30.705054804165968
2023-11-02,S001,P0001,139,192.05940706381625,-53.05940706381625
2023-11-02,S001,P0013,183,121.87273509997198,61.127264900028024
2023-11-02,S002,P0008,83,89.61484230267041,-6.614842302670411
2023-11-02,S004,P0011,193,135.34655151614822,57.653448483851776
2023-11-02,S004,P0007,155,216.7758620501823,-61.7758620501823
2023-11-02,S003,P0008,188,178.27887352912205,9.721126470877948
2023-11-02,S003,P0012,27,94.66928097447499,-67.66928097447499
2023-11-02,S002,P0004,131,222.51109448230108,-91.51109448230108
2023-11-02,S004,P0002,150,164.06109546022628,-14.061095460226284
2023-11-02,S002,P0010,19,71.10716217917678,-52.10716217917678
2023-11-02,S004,P0005,3,56.45511830381855,-53.45511830381855
2023-11-02,S005,P0008,46,43.94390394134632,2.0560960586536794
2023-11-02,S003,P0004,39,147.06761966949614,-108.06761966949614
2023-11-02,S001,P0006,26,37.148756874525816,-11.148756874525816
2023-11-02,S002,P0007,62,129.39511183004043,-67.39511183004043
2023-11-02,S004,P0020,60,84.84975923053503,-24.849759230535028
2023-11-02,S003,P0007,27,209.87143955759677,-182.87143955759677
2023-11-02,S001,P0014,355,201.2808282203822,153.7191717796178
2023-11-02,S002,P0012,459,236.68473218610967,222.31526781389033
2023-11-02,S005,P0002,172,188.9389985682755,-16.938998568275508
2023-11-02,S001,P0008,191,171.5657319028104,19.4342680971896
2023-11-02,S005,P0011,164,127.55143617199019,36.44856382800981
2023-11-02,S001,P0003,322,162.3894505658596,159.6105494341404
2023-11-02,S002,P0003,37,167.3491310165183,-130.3491310165183
2023-11-02,S004,P0008,190,212.63757175047033,-22.63757175047033
2023-11-02,S003,P0018,122,66.46610468770302,55.53389531229698
2023-11-02,S004,P0009,107,221.12283642334904,-114.12283642334904
2023-11-02,S005,P0016,155,97.52827808673175,57.471721913268254
2023-11-02,S005,P0013,377,189.6412370580927,187.3587629419073
2023-11-02,S003,P0011,113,248.21074025743417,-135.21074025743417
2023-11-02,S004,P0004,306,239.90204238162357,66.09795761837643
2023-11-02,S005,P0017,86,136.51493090596227,-50.514930905962274
2023-11-02,S003,P0014,257,207.12226324274337,49.87773675725663
2023-11-02,S004,P0017,36,44.85906145478208,-8.85906145478208
2023-11-02,S003,P0016,269,175.9222854003467,93.07771459965329
2023-11-02,S001,P0004,17,136.00802036958504,-119.00802036958504
2023-11-02,S003,P0003,57,146.4738794502755,-89.47387945027549
2023-11-02,S002,P0006,358,206.41204570749244,151.58795429250756
2023-11-02,S005,P0009,97,130.55283923730178,-33.55283923730178
2023-11-02,S005,P0007,233,132.34926344320212,100.65073655679788
2023-11-02,S001,P0015,39,57.34515955343704,-18.345159553437043
2023-11-02,S004,P0012,8,28.010059806120296,-20.010059806120296
2023-11-02,S002,P0016,196,180.07860855549598,15.921391444504025
2023-11-02,S004,P0019,93,136.43468184282847,-43.43468184282847
2023-11-02,S002,P0020,21,120.78354673851038,-99.78354673851038
2023-11-02,S002,P0015,17,159.66312165323296,-142.66312165323296
2023-11-02,S004,P0014,67,243.95839931142007,-176.95839931142007
2023-11-02,S003,P0001,85,91.18111330405765,-6.1811133040576465
2023-11-02,S005,P0001,74,54.530933908059126,19.469066091940874
2023-11-02,S004,P0013,10,52.372833166157704,-42.372833166157704
2023-11-02,S003,P0015,32,73.41288562766505,-41.41288562766505
2023-11-02,S005,P0010,39,139.14615680436384,-100.14615680436384
2023-11-02,S001,P0016,259,178.27313213508398,80.72686786491602
2023-11-02,S004,P0001,116,184.24312462523523,-68.24312462523523
2023-11-03,S005,P0009,304,166.87817790550673,137.12182209449327
2023-11-03,S002,P0002,108,85.22541359420961,22.774586405790387
2023-11-03,S005,P0012,37,35.68797549505632,1.312024504943679
2023-11-03,S003,P0020,221,203.82394529810824,17.176054701891758
2023-11-03,S001,P0007,92,158.48420182270962,-66.48420182270962
2023-11-03,S002,P0016,157,119.8606703956466,37.13932960435341
2023-11-03,S001,P0014,102,174.85391182286259,-72.85391182286259
2023-11-03,S002,P0019,171,112.62486351388736,58.37513648611264
2023-11-03,S004,P0017,33,44.49700457387337,-11.497004573873369
2023-11-03,S005,P0001,292,209.73661422800217,82.26338577199783
2023-11-03,S005,P0020,125,176.77797217338576,-51.77797217338576
2023-11-03,S001,P0008,101,93.95491825069041,7.045081749309588
2023-11-03,S002,P0017,19,37.028961140816705,-18.028961140816705
2023-11-03,S003,P0011,215,109.12887948475463,105.87112051524537
2023-11-03,S005,P0015,71,191.6691415353643,-120.6691415353643
2023-11-03,S005,P0018,94,129.2148806661093,-35.21488066610931
2023-11-03,S003,P0008,445,231.68567317750097,213.31432682249903
2023-11-03,S001,P0002,115,152.99760689746967,-37.997606897469666
2023-11-03,S005,P0016,4,173.08094185456173,-169.08094185456173
2023-11-03,S005,P0007,93,152.7717943177371,-59.77179431773709
2023-11-03,S002,P0004,68,194.80499341150016,-126.80499341150016
2023-11-03,S002,P0003,168,155.0931737304249,12.906826269575106
2023-11-03,S004,P0019,280,220.40607773726185,59.59392226273815
2023-11-03,S005,P0004,25,126.03559639092367,-101.03559639092367
2023-11-03,S004,P0010,205,159.42194216004384,45.57805783995616
2023-11-03,S003,P0015,258,129.66409064479376,128.33590935520624
2023-11-03,S004,P0012,208,184.72600636355867,23.273993636441332
2023-11-03,S005,P0013,119,85.90344095129058,33.09655904870942
2023-11-03,S002,P0008,106,218.79261925414386,-112.79261925414386
2023-11-03,S003,P0019,37,50.50905108529207,-13.509051085292072
2023-11-03,S004,P0004,59,30.700479117442967,28.299520882557033
2023-11-03,S002,P0009,379,204.9162890774441,174.0837109225559
2023-11-03,S003,P0013,120,93.89888532039004,26.101114679609964
2023-11-03,S001,P0015,232,178.19932024489674,53.80067975510326
2023-11-03,S001,P0004,115,155.95921466975608,-40.95921466975608
2023-11-03,S003,P0003,18,33.69078226634787,-15.690782266347867
2023-11-03,S002,P0018,36,86.90322909389766,-50.903229093897664
2023-11-03,S002,P0015,87,92.78959898071287,-5.789598980712867
2023-11-03,S004,P0013,106,118.53367934324012,-12.533679343240124
2023-11-03,S005,P0019,306,186.98567539549902,119.01432460450098
2023-11-03,S004,P0008,5,144.89544287267273,-139.89544287267273
2023-11-03,S003,P0004,87,213.04859600525555,-126.04859600525555
2023-11-03,S005,P0008,26,104.26690644464179,-78.26690644464179
2023-11-03,S002,P0011,341,205.03014169549954,135.96985830450046
2023-11-03,S004,P0020,10,43.72695389594139,-33.72695389594139
2023-11-03,S001,P0017,79,81.8264878487492,-2.8264878487491956
2023-11-03,S003,P0007,79,112.49397713868103,-33.49397713868103
2023-11-03,S003,P0010,22,103.08215544966788,-81.08215544966788
2023-11-03,S001,P0020,17,55.33582275009803,-38.33582275009803
2023-11-03,S002,P0010,273,150.61426794255732,122.38573205744268
2023-11-03,S001,P0012,37,111.30802120660758,-74.30802120660758
2023-11-03,S005,P0014,75,198.89754844001942,-123.89754844001942
2023-11-03,S005,P0006,143,73.34045313860878,69.65954686139122
2023-11-03,S004,P0018,184,109.00244988019148,74.99755011980852
2023-11-03,S004,P0003,157,113.28518558568499,43.714814414315015
2023-11-03,S004,P0006,36,27.07267042181934,8.927329578180661
2023-11-03,S001,P0005,193,146.9701653901119,46.0298346098881
2023-11-03,S003,P0002,262,133.90451952329397,128.09548047670603
2023-11-03,S004,P0015,90,219.16221194147772,-129.16221194147772
2023-11-03,S003,P0012,55,38.47690231157537,16.523097688424627
2023-11-03,S001,P0006,56,208.92321426418835,-152.92321426418835
2023-11-03,S002,P0012,16,32.65942194447433,-16.65942194447433
2023-11-03,S001,P0001,136,120.00531169251269,15.994688307487309
2023-11-03,S002,P0005,48,51.83256405943547,-3.8325640594354695
2023-11-03,S001,P0003,291,181.63510964208353,109.36489035791647
2023-11-03,S001,P0018,92,240.81714713309162,-148.81714713309162
2023-11-03,S002,P0014,188,190.50491552552273,-2.5049155255227333
2023-11-03,S004,P0002,28,127.00728222088316,-99.00728222088316
2023-11-03,S003,P0017,67,122.640774645524,-55.640774645524004
2023-11-03,S001,P0010,108,98.53825414423181,9.461745855768186
2023-11-03,S003,P0009,66,191.08915565339674,-125.08915565339674
2023-11-03,S001,P0019,156,226.79598273411443,-70.79598273411443
2023-11-03,S004,P0007,256,241.27724717139552,14.722752828604484
2023-11-03,S002,P0013,20,221.00067900915752,-201.00067900915752
2023-11-03,S005,P0003,19,163.02121983606293,-144.02121983606293
2023-11-03,S001,P0009,339,238.65578992010097,100.34421007989903
2023-11-03,S004,P0005,51,247.3970439332009,-196.3970439332009
2023-11-03,S003,P0005,173,175.01613722859526,-2.0161372285952552
2023-11-03,S004,P0011,45,37.333849553185644,7.666150446814356
2023-11-03,S001,P0011,30,30.892858333307345,-0.8928583333073448
2023-11-03,S002,P0007,166,211.94356190538724,-45.94356190538724
2023-11-03,S005,P0002,233,152.16940442593835,80.83059557406165
2023-11-03,S002,P0001,175,122.35257722039933,52.647422779600674
2023-11-03,S002,P0020,39,34.9684481474801,4.031551852519897
2023-11-03,S005,P0010,79,218.4578381347772,-139.4578381347772
2023-11-03,S003,P0018,12,96.29904955639,-84.29904955639
2023-11-03,S003,P0014,302,214.83714890174411,87.16285109825589
2023-11-03,S003,P0016,60,90.97289650203658,-30.972896502036576
2023-11-03,S003,P0006,15,29.85159163168879,-14.851591631688791
2023-11-03,S005,P0017,219,209.77493695541892,9.225063044581077
2023-11-03,S004,P0014,98,55.714090773991416,42.285909226008584
2023-11-03,S001,P0013,134,81.5326223406147,52.467377659385306
2023-11-03,S004,P0009,401,246.45958339437396,154.54041660562604
2023-11-03,S002,P0006,63,209.42822546926214,-146.42822546926214
2023-11-03,S005,P0011,339,189.02826488983806,149.97173511016194
2023-11-03,S003,P0001,290,173.84632752825263,116.15367247174737
2023-11-03,S001,P0016,209,113.49685250319749,95.50314749680251
2023-11-03,S004,P0001,2,81.22859088611324,-79.22859088611324
2023-11-03,S004,P0016,32,70.32544586083071,-38.32544586083071
2023-11-03,S005,P0005,22,111.80116263630293,-89.80116263630293
2023-11-04,S002,P0010,427,228.5056069533544,198.4943930466456
2023-11-04,S001,P0012,335,238.16724335373914,96.83275664626086
2023-11-04,S002,P0013,162,115.46155387117932,46.53844612882068
2023-11-04,S004,P0007,117,84.47990080429065,32.52009919570935
2023-11-04,S002,P0009,111,98.19265995351952,12.807340046480476
2023-11-04,S003,P0012,7,236.24791594894793,-229.24791594894793
2023-11-04,S001,P0020,228,156.75530467727697,71.24469532272303
2023-11-04,S005,P0006,243,204.42621887883115,38.57378112116885
2023-11-04,S004,P0019,125,145.16016955241855,-20.16016955241855
2023-11-04,S004,P0016,38,69.75096616557704,-31.75096616557704
2023-11-04,S005,P0014,101,58.84663198695176,42.15336801304824
2023-11-04,S001,P0011,248,171.82649665701757,76.17350334298243
2023-11-04,S002,P0014,25,168.0904133173566,-143.0904133173566
2023-11-04,S003,P0006,167,163.03272832284767,3.9672716771523255
2023-11-04,S001,P0007,90,169.2857571084386,-79.28575710843859
2023-11-04,S004,P0011,52,200.82791078074212,-148.82791078074212
2023-11-04,S005,P0013,150,183.30473042664897,-33.30473042664897
2023-11-04,S003,P0018,120,120.6414721281073,-0.6414721281072957
2023-11-04,S003,P0014,265,165.5124863629648,99.48751363703519
2023-11-04,S004,P0014,308,186.9127627524134,121.08723724758659
2023-11-04,S001,P0005,99,146.39943554543345,-47.39943554543345
2023-11-04,S003,P0015,102,151.89085696521812,-49.89085696521812
2023-11-04,S005,P0005,95,56.375079991589246,38.624920008410754
2023-11-04,S005,P0004,8,144.67039096598938,-136.67039096598938
2023-11-04,S004,P0001,22,30.330313172804267,-8.330313172804267
2023-11-04,S005,P0010,77,208.36234690288023,-131.36234690288023
2023-11-04,S002,P0003,79,99.24395838207488,-20.24395838207488
2023-11-04,S002,P0020,101,165.87027385700918,-64.87027385700918
2023-11-04,S005,P0002,153,244.25210556866307,-91.25210556866307
2023-11-04,S001,P0003,196,126.46494633844776,69.53505366155224
2023-11-04,S004,P0013,258,132.22625256313705,125.77374743686295
2023-11-04,S005,P0019,28,162.50880041651033,-134.50880041651033
2023-11-04,S004,P0010,63,132.69877650220138,-69.69877650220138
2023-11-04,S003,P0009,81,41.83624793203512,39.16375206796488
2023-11-04,S002,P0015,82,236.01284964471938,-154.01284964471938
2023-11-04,S003,P0007,105,105.76752079313133,-0.7675207931313253
2023-11-04,S001,P0009,407,236.73253841917426,170.26746158082574
2023-11-04,S004,P0006,198,233.4073908265226,-35.4073908265226
2023-11-04,S002,P0018,20,136.70190428787743,-116.70190428787743
2023-11-04,S004,P0008,163,237.15667980476354,-74.15667980476354
2023-11-04,S004,P0003,223,160.27146610895647,62.728533891043526
2023-11-04,S004,P0018,123,190.96578922038242,-67.96578922038242
2023-11-04,S003,P0002,55,153.79052088157698,-98.79052088157698
2023-11-04,S003,P0010,260,179.3465107550573,80.6534892449427
2023-11-04,S003,P0019,37,96.50569075935556,-59.50569075935556
2023-11-04,S005,P0020,72,237.35272229970752,-165.35272229970752
2023-11-04,S005,P0003,371,211.54882201583126,159.45117798416874
2023-11-04,S002,P0012,93,74.52896644992978,18.471033550070217
2023-11-04,S001,P0008,249,165.10655377276538,83.89344622723462
2023-11-04,S001,P0002,74,41.446471560004284,32.553528439995716
2023-11-04,S001,P0004,153,91.74131412793196,61.25868587206804
2023-11-04,S002,P0017,104,109.95038421573236,-5.950384215732356
2023-11-04,S003,P0017,344,193.4205888346358,150.5794111653642
2023-11-04,S004,P0017,43,27.235464246234415,15.764535753765585
2023-11-04,S005,P0015,311,240.04232690284124,70.95767309715876
2023-11-04,S004,P0015,322,188.03151810351972,133.96848189648028
2023-11-04,S001,P0015,25,181.39785374684425,-156.39785374684425
2023-11-04,S001,P0018,165,81.98437861633528,83.01562138366472
2023-11-04,S005,P0007,66,136.80214066146556,-70.80214066146556
2023-11-04,S002,P0002,1,216.31081703132338,-215.31081703132338
2023-11-04,S002,P0006,94,136.43786972936078,-42.437869729360784
2023-11-04,S005,P0016,155,135.9068894129585,19.093110587041508
2023-11-04,S001,P0013,164,90.39335185717687,73.60664814282313
2023-11-04,S001,P0016,96,54.88966689204932,41.11033310795068
2023-11-04,S005,P0001,159,93.06820204781428,65.93179795218572
2023-11-04,S002,P0001,137,216.47199871836733,-79.47199871836733
2023-11-04,S003,P0011,31,156.03182409071093,-125.03182409071093
2023-11-04,S005,P0012,157,215.491610908878,-58.49161090887799
2023-11-04,S005,P0018,141,241.38758880532578,-100.38758880532578
2023-11-04,S001,P0001,180,142.20768437774387,37.792315622256126
2023-11-04,S003,P0003,12,67.16291670347204,-55.162916703472035
2023-11-04,S002,P0019,129,75.894946409846,53.105053590154
2023-11-04,S002,P0007,249,163.7015832067837,85.29841679321629
2023-11-04,S001,P0017,274,222.61555532114795,51.38444467885205
2023-11-04,S004,P0009,344,225.856247041002,118.143752958998
2023-11-04,S003,P0013,384,233.86484166905979,150.13515833094021
2023-11-04,S003,P0008,96,93.59828953468048,2.4017104653195247
2023-11-04,S004,P0020,131,123.3514692722365,7.6485307277635
2023-11-04,S005,P0011,281,159.7955151587197,121.2044848412803
2023-11-04,S004,P0012,164,182.09381994588892,-18.093819945888924
2023-11-04,S005,P0009,47,50.58645470712207,-3.5864547071220727
2023-11-04,S002,P0011,27,51.12071980953243,-24.12071980953243
2023-11-04,S001,P0019,187,101.09857559529138,85.90142440470862
2023-11-04,S001,P0006,48,46.25136365890393,1.7486363410960735
2023-11-04,S002,P0005,110,92.93215489601715,17.067845103982847
2023-11-04,S003,P0004,15,103.79206385939733,-88.79206385939733
2023-11-04,S004,P0004,1,145.7721489990666,-144.7721489990666
2023-11-04,S004,P0002,139,91.89043375017985,47.10956624982015
2023-11-04,S002,P0004,12,56.71330967491849,-44.71330967491849
2023-11-04,S005,P0008,19,25.85850956609454,-6.85850956609454
2023-11-04,S004,P0005,301,213.6341900622824,87.36580993771759
2023-11-04,S002,P0016,128,68.13909338716581,59.860906612834185
2023-11-04,S002,P0008,233,186.3721108923724,46.627889107627595
2023-11-04,S003,P0016,69,105.30414330122608,-36.30414330122608
2023-11-04,S001,P0010,35,245.19559268184423,-210.19559268184423
2023-11-04,S003,P0020,216,181.97726823622656,34.022731763773436
2023-11-04,S003,P0001,320,193.6986503922505,126.3013496077495
2023-11-04,S001,P0014,371,211.5236849475624,159.4763150524376
2023-11-04,S003,P0005,59,65.56914032538447,-6.569140325384467
2023-11-04,S005,P0017,87,86.02210902448275,0.9778909755172549
2023-11-05,S001,P0005,287,143.81695272722766,143.18304727277234
2023-11-05,S003,P0003,32,70.1779445583619,-38.1779445583619
2023-11-05,S002,P0009,120,79.3112636605419,40.6887363394581
2023-11-05,S003,P0018,420,238.62689842503323,181.37310157496677
2023-11-05,S001,P0004,293,224.01808654813198,68.98191345186802
2023-11-05,S002,P0008,108,57.29689548360648,50.70310451639352
2023-11-05,S003,P0005,128,64.24731838964198,63.752681610358024
2023-11-05,S002,P0014,213,143.61790980943846,69.38209019056154
2023-11-05,S003,P0013,212,133.16450714599102,78.83549285400898
2023-11-05,S002,P0006,362,186.67068615450665,175.32931384549335
2023-11-05,S002,P0015,192,131.2010696587849,60.79893034121511
2023-11-05,S003,P0012,31,130.14738768223805,-99.14738768223805
2023-11-05,S003,P0014,29,118.2778712263634,-89.2778712263634
2023-11-05,S001,P0007,57,31.654027445632153,25.345972554367847
2023-11-05,S003,P0016,401,246.4958139930892,154.5041860069108
2023-11-05,S005,P0017,67,247.79767833570236,-180.79767833570236
2023-11-05,S005,P0018,24,102.19025581146576,-78.19025581146576
2023-11-05,S005,P0012,40,24.670106184182828,15.329893815817172
2023-11-05,S003,P0011,182,229.3001862097562,-47.30018620975619
2023-11-05,S005,P0016,88,65.72778365070923,22.272216349290773
2023-11-05,S005,P0015,14,184.96787944008776,-170.96787944008776
2023-11-05,S002,P0017,5,60.057241661486444,-55.057241661486444
2023-11-05,S003,P0017,147,88.86697270744378,58.13302729255622
2023-11-05,S005,P0020,49,146.63512215028675,-97.63512215028675
2023-11-05,S002,P0019,56,218.2524245522809,-162.2524245522809
2023-11-05,S002,P0007,263,169.7829734012978,93.2170265987022
2023-11-05,S005,P0013,94,44.98725181622842,49.01274818377158
2023-11-05,S003,P0001,40,37.4376452682576,2.5623547317424027
2023-11-05,S001,P0006,60,61.45216585414778,-1.452165854147779
2023-11-05,S003,P0010,354,244.51697127835695,109.48302872164305
2023-11-05,S003,P0008,4,27.871659890962007,-23.871659890962007
2023-11-05,S002,P0012,55,47.04580057858135,7.95419942141865
2023-11-05,S003,P0007,272,160.36946840788403,111.63053159211597
2023-11-05,S003,P0006,38,46.52214549919927,-8.522145499199269
2023-11-05,S002,P0010,32,131.29269352371068,-99.29269352371068
2023-11-05,S002,P0013,347,247.7704701317067,99.2295298682933
2023-11-05,S005,P0014,137,129.87220617161046,7.127793828389542
2023-11-05,S003,P0009,160,204.19521571320087,-44.19521571320087
2023-11-05,S003,P0002,74,120.09467481455249,-46.09467481455249
2023-11-05,S002,P0020,28,62.43373926164122,-34.43373926164122
2023-11-05,S003,P0015,68,43.15469856948897,24.84530143051103
2023-11-05,S002,P0016,413,228.27336804979825,184.72663195020175
2023-11-05,S003,P0004,61,110.94946042967479,-49.94946042967479
2023-11-05,S002,P0018,73,59.39461002746083,13.605389972539172
2023-11-05,S001,P0013,315,247.03290968437,67.96709031563
2023-11-05,S001,P0012,255,146.56626196540208,108.43373803459792
2023-11-05,S004,P0020,277,173.78092625431765,103.21907374568235
2023-11-05,S001,P0009,161,178.3593779606294,-17.359377960629388
2023-11-05,S005,P0003,5,114.3945670097944,-109.3945670097944
2023-11-05,S005,P0005,71,71.91053935981444,-0.910539359814436
2023-11-05,S003,P0020,196,183.19770597998541,12.802294020014585
2023-11-05,S002,P0005,156,202.2213676393202,-46.22136763932019
2023-11-05,S004,P0003,43,227.17457943866037,-184.17457943866037
2023-11-05,S002,P0004,109,99.50140978692974,9.498590213070258
2023-11-05,S004,P0011,223,187.2662590674076,35.73374093259241
2023-11-05,S005,P0010,82,116.29340187395417,-34.29340187395417
2023-11-05,S001,P0001,21,81.22583429389368,-60.22583429389368
2023-11-05,S001,P0017,256,223.66295227587693,32.33704772412307
2023-11-05,S005,P0004,115,91.47003272147987,23.529967278520132
2023-11-05,S004,P0015,55,40.34518385837873,14.654816141621268
2023-11-05,S001,P0008,359,236.81996282303345,122.18003717696655
2023-11-05,S001,P0010,87,92.3579297359367,-5.357929735936693
2023-11-05,S003,P0019,473,235.51518251311984,237.48481748688016
2023-11-05,S001,P0015,312,220.47573502839128,91.52426497160872
2023-11-05,S005,P0002,39,247.2847780160971,-208.2847780160971
2023-11-05,S001,P0003,53,29.376859395867143,23.623140604132857
2023-11-05,S005,P0008,154,200.4709492322035,-46.47094923220351
2023-11-05,S004,P0012,66,47.90747915425959,18.09252084574041
2023-11-05,S004,P0017,273,240.7975124374508,32.20248756254921
2023-11-05,S001,P0016,207,129.6577211822945,77.3422788177055
2023-11-05,S005,P0011,199,151.74104824761213,47.25895175238787
2023-11-05,S004,P0005,175,112.0663605190291,62.933639480970896
2023-11-05,S001,P0014,44,111.24669497035006,-67.24669497035006
2023-11-05,S001,P0002,37,49.10136729226923,-12.10136729226923
2023-11-05,S004,P0013,114,93.87330717301455,20.126692826985447
2023-11-05,S005,P0001,112,172.76534174594156,-60.765341745941555
2023-11-05,S004,P0007,260,192.81809121169732,67.18190878830268
2023-11-05,S004,P0001,155,102.54429027522775,52.45570972477225
2023-11-05,S005,P0006,31,198.23987143345624,-167.23987143345624
2023-11-05,S005,P0019,191,136.79593986727434,54.20406013272566
2023-11-05,S001,P0011,453,225.5121390812988,227.4878609187012
2023-11-05,S004,P0018,231,120.11766760756962,110.88233239243038
2023-11-05,S001,P0020,39,57.468365167718105,-18.468365167718105
2023-11-05,S004,P0010,291,212.0638340742002,78.9361659257998
2023-11-05,S004,P0008,25,211.12040349940418,-186.12040349940418
2023-11-05,S004,P0006,23,60.87401084179305,-37.87401084179305
2023-11-05,S002,P0001,132,84.9569171452884,47.0430828547116
2023-11-05,S004,P0019,30,38.60596774861574,-8.60596774861574
2023-11-05,S005,P0007,206,105.30523691488293,100.69476308511707
2023-11-05,S004,P0014,199,211.79487076707608,-12.794870767076077
2023-11-05,S001,P0018,65,200.8173459709963,-135.8173459709963
2023-11-05,S004,P0002,102,145.356700720218,-43.35670072021799
2023-11-05,S001,P0019,311,208.18131134347595,102.81868865652405
2023-11-05,S005,P0009,208,228.28672871217782,-20.28672871217782
2023-11-05,S004,P0004,38,118.87573786157753,-80.87573786157753
2023-11-05,S004,P0009,218,111.13597749477492,106.86402250522508
2023-11-05,S002,P0002,12,131.18660944853258,-119.18660944853258
2023-11-05,S004,P0016,6,152.88101733647528,-146.88101733647528
2023-11-06,S004,P0012,202,140.10389905752925,61.89610094247075
2023-11-06,S001,P0013,288,209.50729915736736,78.49270084263264
2023-11-06,S005,P0014,33,141.3225977935718,-108.32259779357179
2023-11-06,S001,P0003,219,220.06726009050067,-1.0672600905006675
2023-11-06,S001,P0011,180,143.72804788523945,36.27195211476055
2023-11-06,S004,P0009,81,55.01786053992862,25.98213946007138
2023-11-06,S002,P0008,66,44.91957081729032,21.08042918270968
2023-11-06,S001,P0016,185,126.75739359181932,58.24260640818068
2023-11-06,S002,P0004,67,66.5418034488219,0.458196551178105
2023-11-06,S005,P0018,143,130.43063482107436,12.569365178925636
2023-11-06,S004,P0003,30,159.52416471197762,-129.52416471197762
2023-11-06,S004,P0004,94,235.39910409652572,-141.39910409652572
2023-11-06,S001,P0004,97,59.609508323953435,37.390491676046565
2023-11-06,S001,P0012,42,138.59042897902225,-96.59042897902225
2023-11-06,S005,P0004,77,191.4084096496344,-114.4084096496344
2023-11-06,S005,P0008,401,210.42390525976663,190.57609474023337
2023-11-06,S005,P0011,7,108.24940086940279,-101.24940086940279
2023-11-06,S004,P0015,193,100.76304797509397,92.23695202490603
2023-11-06,S003,P0016,328,218.5979698258755,109.40203017412449
2023-11-06,S004,P0013,23,166.31930813611564,-143.31930813611564
2023-11-06,S004,P0002,245,139.0061459724427,105.99385402755729
2023-11-06,S002,P0015,152,180.14441539260804,-28.14441539260804
2023-11-06,S002,P0019,9,186.78702616938,-177.78702616938
2023-11-06,S004,P0010,19,60.63314533082445,-41.63314533082445
2023-11-06,S001,P0020,322,196.03584838828056,125.96415161171944
2023-11-06,S004,P0018,380,235.16026774297768,144.83973225702232
2023-11-06,S003,P0010,68,158.92429053666484,-90.92429053666484
2023-11-06,S003,P0006,293,157.98250301544834,135.01749698455166
2023-11-06,S003,P0018,162,141.4151589245506,20.58484107544939
2023-11-06,S005,P0020,47,118.40043837762414,-71.40043837762414
2023-11-06,S002,P0006,45,31.003461721195094,13.996538278804906
2023-11-06,S003,P0011,72,60.33957757279478,11.66042242720522
2023-11-06,S005,P0009,238,120.60235337170843,117.39764662829157
2023-11-06,S004,P0001,31,113.41241646681254,-82.41241646681254
2023-11-06,S001,P0009,93,101.88072036586652,-8.880720365866523
2023-11-06,S001,P0017,101,124.1287897341885,-23.1287897341885
2023-11-06,S002,P0007,92,50.98285750450509,41.01714249549491
2023-11-06,S003,P0007,112,83.67949939914843,28.320500600851574
2023-11-06,S004,P0017,36,106.89053986191226,-70.89053986191226
2023-11-06,S005,P0016,66,213.90545781058228,-147.90545781058228
2023-11-06,S001,P0010,223,210.51375549639397,12.48624450360603
2023-11-06,S002,P0020,21,103.97757965233791,-82.97757965233791
2023-11-06,S005,P0002,269,218.43939547055243,50.56060452944757
2023-11-06,S001,P0005,115,60.80326712001698,54.19673287998302
2023-11-06,S005,P0013,28,142.84094625805557,-114.84094625805557
2023-11-06,S003,P0017,295,220.9745660150407,74.0254339849593
2023-11-06,S005,P0005,85,46.87437719846889,38.12562280153111
2023-11-06,S002,P0005,22,72.70049098813877,-50.70049098813877
2023-11-06,S001,P0007,417,246.62825864182145,170.37174135817855
2023-11-06,S005,P0003,281,153.7551997581512,127.2448002418488
2023-11-06,S002,P0017,103,178.44516943665224,-75.44516943665224
2023-11-06,S001,P0001,49,26.69552648711192,22.30447351288808
2023-11-06,S003,P0004,91,123.36319785733218,-32.36319785733218
2023-11-06,S003,P0019,32,145.25941192432236,-113.25941192432236
2023-11-06,S003,P0008,19,207.8941701744095,-188.8941701744095
2023-11-06,S002,P0009,133,101.91130218608464,31.08869781391536
2023-11-06,S003,P0012,21,189.46790942393545,-168.46790942393545
2023-11-06,S004,P0006,40,85.93259175272067,-45.93259175272067
2023-11-06,S004,P0011,366,197.2161830673499,168.7838169326501
2023-11-06,S004,P0016,57,229.88846521609736,-172.88846521609736
2023-11-06,S001,P0014,123,83.0306199651086,39.9693800348914
2023-11-06,S005,P0007,38,81.0527828685693,-43.052782868569295
2023-11-06,S003,P0001,63,80.05386437385232,-17.05386437385232
2023-11-06,S002,P0018,400,214.95748073838706,185.04251926161294
2023-11-06,S004,P0005,39,75.33170230482187,-36.331702304821874
2023-11-06,S002,P0002,449,225.52021758765653,223.47978241234347
2023-11-06,S001,P0006,13,26.27385265539084,-13.27385265539084
2023-11-06,S001,P0008,189,124.22971737518111,64.77028262481889
2023-11-06,S004,P0007,32,35.8494701821777,-3.849470182177697
2023-11-06,S002,P0010,82,49.59340496311245,32.40659503688755
2023-11-06,S002,P0013,82,71.09234770499864,10.907652295001355
2023-11-06,S001,P0015,85,88.87848010049225,-3.8784801004922542
2023-11-06,S005,P0015,19,212.3866591358098,-193.3866591358098
2023-11-06,S004,P0020,322,230.71846260288982,91.28153739711018
2023-11-06,S001,P0002,144,80.45426065381702,63.545739346182984
2023-11-06,S003,P0009,100,78.34936413161569,21.650635868384313
2023-11-06,S005,P0010,48,25.34491681818855,22.65508318181145
2023-11-06,S003,P0014,133,87.55028432059464,45.44971567940536
2023-11-06,S002,P0011,84,115.3960519317406,-31.3960519317406
2023-11-06,S002,P0016,48,32.88556782054559,15.114432179454411
2023-11-06,S002,P0012,93,57.08025463951867,35.91974536048133
2023-11-06,S003,P0005,12,157.09457436564827,-145.09457436564827
2023-11-06,S005,P0012,114,58.93507026591749,55.06492973408251
2023-11-06,S003,P0020,77,66.54764485561503,10.452355144384967
2023-11-06,S002,P0003,187,99.68105425893538,87.31894574106462
2023-11-06,S003,P0013,269,143.20301695263083,125.79698304736917
2023-11-06,S004,P0008,240,178.61322227367367,61.38677772632633
2023-11-06,S001,P0018,92,246.47382909280026,-154.47382909280026
2023-11-06,S004,P0014,3,52.54502135922661,-49.54502135922661
2023-11-06,S002,P0001,140,161.0695670870885,-21.0695670870885
2023-11-06,S003,P0002,150,106.00860634417677,43.99139365582323
2023-11-06,S002,P0014,66,67.4774884717092,-1.4774884717091936
2023-11-06,S001,P0019,136,192.85363390947418,-56.85363390947418
2023-11-06,S005,P0006,198,136.9796859486882,61.0203140513118
2023-11-06,S005,P0001,89,122.19836956688624,-33.19836956688624
2023-11-06,S005,P0017,149,76.27232108834625,72.72767891165375
2023-11-06,S004,P0019,158,145.84855565899602,12.15144434100398
2023-11-06,S003,P0015,264,206.39428197703825,57.60571802296175
2023-11-06,S003,P0003,334,172.4413969036433,161.5586030963567
2023-11-06,S005,P0019,53,229.88817794537783,-176.88817794537783
2023-11-07,S004,P0006,422,227.9086292633114,194.0913707366886
2023-11-07,S004,P0016,216,118.29913667797138,97.70086332202862
2023-11-07,S004,P0001,187,199.64443966686213,-12.644439666862127
2023-11-07,S005,P0009,26,62.0219392555548,-36.0219392555548
2023-11-07,S002,P0007,190,193.51544755788962,-3.5154475578896154
2023-11-07,S002,P0017,257,207.49284923586856,49.50715076413144
2023-11-07,S001,P0005,63,35.845183934127306,27.154816065872694
2023-11-07,S004,P0020,463,249.2180387135611,213.7819612864389
2023-11-07,S005,P0003,28,46.60214368586054,-18.60214368586054
2023-11-07,S003,P0010,140,89.58513529722518,50.41486470277482
2023-11-07,S003,P0013,15,63.28575803685851,-48.28575803685851
2023-11-07,S001,P0020,32,130.27230426077625,-98.27230426077625
2023-11-07,S003,P0002,71,74.03352421307682,-3.0335242130768165
2023-11-07,S003,P0011,21,45.79967473478172,-24.799674734781718
2023-11-07,S003,P0005,143,156.38272514950194,-13.382725149501937
2023-11-07,S005,P0020,160,232.47051857664349,-72.47051857664349
2023-11-07,S004,P0011,89,77.73766644513586,11.262333554864142
2023-11-07,S005,P0006,102,210.50069708779444,-108.50069708779444
2023-11-07,S001,P0017,404,239.85219013842385,164.14780986157615
2023-11-07,S004,P0007,83,186.03141803936455,-103.03141803936455
2023-11-07,S002,P0009,109,126.62237482075932,-17.62237482075932
2023-11-07,S003,P0018,94,124.24035901369223,-30.240359013692228
2023-11-07,S002,P0002,160,165.60945450774443,-5.609454507744431
2023-11-07,S004,P0013,104,64.39561378407444,39.60438621592556
2023-11-07,S004,P0002,95,230.70511639834518,-135.70511639834518
2023-11-07,S004,P0019,239,197.78228079572898,41.21771920427102
2023-11-07,S005,P0007,4,81.78998036372371,-77.78998036372371
2023-11-07,S003,P0006,30,46.976244592579974,-16.976244592579974
2023-11-07,S002,P0015,6,146.76859349986444,-140.76859349986444
2023-11-07,S004,P0010,4,63.65874136082874,-59.65874136082874
2023-11-07,S005,P0015,181,142.80378932928755,38.196210670712446
2023-11-07,S001,P0002,353,174.12347370891217,178.87652629108783
2023-11-07,S002,P0012,26,118.48919029667456,-92.48919029667456
2023-11-07,S001,P0008,186,219.9269735658538,-33.926973565853814
2023-11-07,S005,P0008,53,105.24465090702046,-52.24465090702046
2023-11-07,S002,P0004,11,28.0470204679811,-17.0470204679811
2023-11-07,S002,P0003,93,76.64472553603815,16.355274463961848
2023-11-07,S003,P0003,159,174.6206744330513,-15.620674433051306
2023-11-07,S004,P0003,44,68.79314457836131,-24.793144578361307
2023-11-07,S001,P0004,286,176.36847794380162,109.63152205619838
2023-11-07,S003,P0015,45,219.79030994732454,-174.79030994732454
2023-11-07,S005,P0001,8,30.681539893080753,-22.681539893080753
2023-11-07,S003,P0012,161,92.44694626809655,68.55305373190345
2023-11-07,S001,P0019,83,213.82214402611322,-130.82214402611322
2023-11-07,S002,P0008,170,100.55849497568204,69.44150502431796
2023-11-07,S001,P0011,15,74.27988757910794,-59.279887579107935
2023-11-07,S004,P0004,88,114.03535530768738,-26.035355307687382
2023-11-07,S005,P0017,243,198.6852869598008,44.314713040199194
2023-11-07,S002,P0001,58,244.29637364430454,-186.29637364430454
2023-11-07,S001,P0013,56,142.99266011358867,-86.99266011358867
2023-11-07,S005,P0014,339,170.50246748142467,168.49753251857533
2023-11-07,S004,P0008,157,167.27932163692662,-10.279321636926625
2023-11-07,S005,P0013,126,143.7036371068458,-17.703637106845804
2023-11-07,S002,P0014,193,237.07412656910668,-44.07412656910668
2023-11-07,S004,P0012,143,74.5149837841546,68.4850162158454
2023-11-07,S001,P0003,60,137.8524962242936,-77.85249622429359
2023-11-07,S003,P0008,97,158.6527587587634,-61.65275875876341
2023-11-07,S005,P0005,391,206.33079335833162,184.66920664166838
2023-11-07,S003,P0017,287,208.14987248951115,78.85012751048885
2023-11-07,S001,P0001,22,96.52740246253273,-74.52740246253273
2023-11-07,S003,P0014,158,157.47117954926398,0.5288204507360206
2023-11-07,S005,P0010,2,211.62788465179682,-209.62788465179682
2023-11-07,S004,P0015,33,76.4352952367937,-43.435295236793706
2023-11-07,S005,P0002,32,71.28440284852365,-39.284402848523655
2023-11-07,S001,P0015,164,146.3523772396677,17.647622760332297
2023-11-07,S002,P0020,67,117.86839866488111,-50.86839866488111
2023-11-07,S002,P0010,45,65.47523519312989,-20.47523519312989
2023-11-07,S001,P0010,81,94.34383154002029,-13.34383154002029
2023-11-07,S005,P0016,293,236.9812899871182,56.0187100128818
2023-11-07,S004,P0017,259,180.69174653839912,78.30825346160088
2023-11-07,S001,P0006,152,160.60850743775586,-8.608507437755861
2023-11-07,S003,P0009,17,177.58495380871676,-160.58495380871676
2023-11-07,S004,P0005,20,229.93838426723676,-209.93838426723676
2023-11-07,S003,P0016,335,226.3031076974371,108.6968923025629
2023-11-07,S003,P0001,379,237.48271848538008,141.51728151461992
2023-11-07,S001,P0014,24,56.39590277173562,-32.39590277173562
2023-11-07,S001,P0009,245,180.89917785976854,64.10082214023146
2023-11-07,S005,P0011,160,188.1724572983075,-28.172457298307506
2023-11-07,S002,P0016,71,136.4818949583132,-65.4818949583132
2023-11-07,S004,P0009,74,222.32790173802704,-148.32790173802704
2023-11-07,S001,P0016,69,80.30556442069388,-11.305564420693884
2023-11-07,S003,P0004,256,243.75124083503692,12.248759164963076
2023-11-07,S002,P0011,30,43.764564317824295,-13.764564317824295
2023-11-07,S003,P0007,35,98.41534290501363,-63.41534290501363
2023-11-07,S002,P0006,263,247.85658254613548,15.143417453864515
2023-11-07,S002,P0018,94,212.87689789119452,-118.87689789119452
2023-11-07,S001,P0018,241,127.53166000754595,113.46833999245405
2023-11-07,S004,P0018,312,165.828169960945,146.171830039055
2023-11-07,S005,P0004,78,173.44570191110182,-95.44570191110182
2023-11-07,S005,P0012,96,76.36093734880166,19.639062651198344
2023-11-07,S004,P0014,3,229.91265604853777,-226.91265604853777
2023-11-07,S003,P0020,142,201.50516585463146,-59.50516585463146
2023-11-07,S002,P0013,191,144.0753032676041,46.92469673239589
2023-11-07,S002,P0019,23,56.7795878624666,-33.7795878624666
2023-11-07,S002,P0005,168,178.50069872760554,-10.500698727605538
2023-11-07,S001,P0007,148,166.65753523374377,-18.657535233743772
2023-11-07,S003,P0019,18,147.45434566144723,-129.45434566144723
2023-11-07,S001,P0012,45,150.80053395411937,-105.80053395411937
2023-11-07,S005,P0018,99,116.89871294750498,-17.898712947504976
2023-11-08,S001,P0014,195,150.01182934358042,44.988170656419584
2023-11-08,S002,P0002,321,163.8059851111596,157.1940148888404
2023-11-08,S002,P0017,286,214.83680201990921,71.16319798009079
2023-11-08,S004,P0019,13,167.8666024109948,-154.8666024109948
2023-11-08,S001,P0001,324,209.35842517871362,114.64157482128638
2023-11-08,S005,P0006,51,128.02345651879455,-77.02345651879455
2023-11-08,S001,P0013,41,71.46767977359218,-30.46767977359218
2023-11-08,S002,P0010,26,25.564831957579372,0.4351680424206279
2023-11-08,S004,P0001,55,37.90870865198082,17.091291348019183
2023-11-08,S005,P0015,165,120.84551006232442,44.15448993767558
2023-11-08,S004,P0020,430,224.6162080649724,205.3837919350276
2023-11-08,S005,P0019,66,204.74039964446632,-138.74039964446632
2023-11-08,S002,P0013,122,240.42821059757017,-118.42821059757017
2023-11-08,S002,P0014,74,113.23319902071069,-39.233199020710686
2023-11-08,S004,P0015,272,148.28622899739878,123.71377100260122
2023-11-08,S001,P0011,360,245.03260028049948,114.96739971950052
2023-11-08,S003,P0008,7,211.96000789354775,-204.96000789354775
2023-11-08,S005,P0008,103,234.50798454263747,-131.50798454263747
2023-11-08,S001,P0015,204,156.21146667909267,47.788533320907334
2023-11-08,S005,P0017,243,171.66898515803916,71.33101484196084
2023-11-08,S004,P0014,332,209.0328034823645,122.9671965176355
2023-11-08,S002,P0018,67,127.15521526466364,-60.15521526466364
2023-11-08,S002,P0019,95,50.41017221400415,44.58982778599585
2023-11-08,S002,P0009,69,52.38494506099062,16.615054939009383
2023-11-08,S002,P0005,155,126.708772463831,28.291227536169004
2023-11-08,S005,P0005,48,226.81530931697233,-178.81530931697233
2023-11-08,S001,P0006,45,170.90177333998201,-125.90177333998201
2023-11-08,S003,P0001,35,70.58528144824425,-35.585281448244245
2023-11-08,S005,P0003,81,177.22510376910594,-96.22510376910594
2023-11-08,S003,P0004,2,82.86018737448035,-80.86018737448035
2023-11-08,S004,P0007,22,249.01258300301555,-227.01258300301555
2023-11-08,S004,P0013,67,54.8495595642695,12.150440435730502
2023-11-08,S003,P0010,34,67.76174766219196,-33.761747662191965
2023-11-08,S005,P0013,63,208.8513113735862,-145.8513113735862
2023-11-08,S001,P0017,50,65.76724152454699,-15.76724152454699
2023-11-08,S002,P0008,127,225.39183606787498,-98.39183606787498
2023-11-08,S005,P0018,293,175.41777315201415,117.58222684798585
2023-11-08,S005,P0004,37,44.71463671951955,-7.714636719519547
2023-11-08,S002,P0015,2,179.3284879847492,-177.3284879847492
2023-11-08,S003,P0017,376,231.09957295375375,144.90042704624625
2023-11-08,S004,P0008,241,223.3432783690073,17.656721630992706
2023-11-08,S003,P0018,126,73.90350611535092,52.09649388464908
2023-11-08,S001,P0012,211,210.5144642799786,0.485535720021403
2023-11-08,S002,P0001,19,157.3955019981442,-138.3955019981442
2023-11-08,S001,P0004,91,233.39904042063176,-142.39904042063176
2023-11-08,S003,P0005,272,167.139982902464,104.860017097536
2023-11-08,S001,P0016,105,70.24701276782235,34.752987232177645
2023-11-08,S004,P0003,75,75.28974559628375,-0.2897455962837512
2023-11-08,S002,P0006,67,110.55589514655139,-43.55589514655139
2023-11-08,S001,P0008,112,94.26316968111297,17.73683031888703
2023-11-08,S004,P0016,32,114.97092513115291,-82.97092513115291
2023-11-08,S001,P0010,187,209.4427741082506,-22.442774108250603
2023-11-08,S005,P0012,32,110.63107872228113,-78.63107872228113
2023-11-08,S002,P0003,189,125.28719175127804,63.712808248721956
2023-11-08,S005,P0007,151,89.5979046202275,61.402095379772504
2023-11-08,S005,P0016,110,70.48776615451061,39.51223384548939
2023-11-08,S001,P0003,217,172.123065348546,44.87693465145401
2023-11-08,S005,P0009,24,48.57247418385907,-24.57247418385907
2023-11-08,S001,P0018,128,89.7600793826623,38.2399206173377
2023-11-08,S004,P0017,99,142.46662475813025,-43.46662475813025
2023-11-08,S002,P0007,78,67.19483123624832,10.80516876375168
2023-11-08,S004,P0010,86,127.30891943898166,-41.30891943898166
2023-11-08,S003,P0007,61,123.95390526336388,-62.95390526336388
2023-11-08,S004,P0009,40,53.444770017141195,-13.444770017141195
2023-11-08,S003,P0016,144,112.08146403229233,31.91853596770767
2023-11-08,S005,P0010,200,101.31850495875739,98.68149504124261
2023-11-08,S002,P0016,67,136.6114110553463,-69.61141105534631
2023-11-08,S003,P0015,144,113.39923794572633,30.600762054273673
2023-11-08,S004,P0006,266,233.68915611346955,32.31084388653045
2023-11-08,S003,P0003,95,81.87617060220981,13.123829397790189
2023-11-08,S001,P0009,120,213.80513362184223,-93.80513362184223
2023-11-08,S002,P0011,43,35.78786792651243,7.212132073487567
2023-11-08,S005,P0011,256,165.03305903097151,90.96694096902849
2023-11-08,S003,P0013,36,117.43757506259635,-81.43757506259635
2023-11-08,S003,P0019,145,186.8184443122699,-41.81844431226989
2023-11-08,S003,P0009,23,31.429469768039723,-8.429469768039723
2023-11-08,S004,P0012,203,118.9297864999233,84.0702135000767
2023-11-08,S001,P0007,147,91.70333905513127,55.296660944868734
2023-11-08,S005,P0001,134,74.50531326767185,59.49468673232815
2023-11-08,S001,P0019,245,136.36192319933156,108.63807680066844
2023-11-08,S001,P0020,150,73.80825584872872,76.19174415127128
2023-11-08,S004,P0011,392,238.69523324919942,153.30476675080058
2023-11-08,S004,P0018,54,30.33751820155362,23.66248179844638
2023-11-08,S003,P0020,55,64.60417319823017,-9.604173198230171
2023-11-08,S004,P0002,302,190.76371931883432,111.23628068116568
2023-11-08,S002,P0012,415,208.4460285814955,206.5539714185045
2023-11-08,S004,P0004,31,210.60275503701058,-179.60275503701058
2023-11-08,S003,P0002,98,83.51226931612086,14.487730683879136
2023-11-08,S003,P0006,22,225.02830609504747,-203.02830609504747
2023-11-08,S002,P0004,43,176.99155062209485,-133.99155062209485
2023-11-08,S003,P0012,270,140.5199499668759,129.4800500331241
2023-11-08,S003,P0011,104,73.63877628240408,30.36122371759592
2023-11-08,S005,P0020,7,53.143748204121266,-46.143748204121266
2023-11-08,S005,P0002,78,39.31349379441883,38.68650620558117
2023-11-08,S005,P0014,110,64.62872308012555,45.37127691987445
2023-11-08,S003,P0014,58,53.01855245005714,4.981447549942857
2023-11-08,S001,P0002,5,103.30195887064485,-98.30195887064485
2023-11-08,S001,P0005,113,95.5685789111646,17.431421088835407
2023-11-08,S004,P0005,56,92.81189772543456,-36.81189772543456
2023-11-08,S002,P0020,141,141.95762336346786,-0.9576233634678601
2023-11-09,S004,P0010,50,122.87069231245243,-72.87069231245243
2023-11-09,S005,P0004,18,207.6980054503407,-189.6980054503407
2023-11-09,S002,P0011,68,173.89128786066192,-105.89128786066192
2023-11-09,S004,P0019,91,172.32693796387008,-81.32693796387008
2023-11-09,S004,P0004,13,204.68674106931212,-191.68674106931212
2023-11-09,S001,P0011,161,82.90651102500465,78.09348897499535
2023-11-09,S002,P0018,85,69.75723745578239,15.242762544217612
2023-11-09,S005,P0003,139,78.12228214775809,60.877717852241915
2023-11-09,S001,P0006,223,202.91869750881085,20.08130249118915
2023-11-09,S002,P0017,245,132.3896079522376,112.61039204776239
2023-11-09,S003,P0009,53,76.13405348380974,-23.134053483809737
2023-11-09,S001,P0005,152,113.41137489307715,38.58862510692285
2023-11-09,S001,P0007,153,174.09636557535794,-21.096365575357936
2023-11-09,S005,P0018,132,168.95872506091882,-36.95872506091882
2023-11-09,S001,P0015,4,42.511556107042395,-38.511556107042395
2023-11-09,S005,P0007,267,152.14055320221894,114.85944679778106
2023-11-09,S004,P0017,72,138.44929909959262,-66.44929909959262
2023-11-09,S001,P0002,136,123.62187739942749,12.37812260057251
2023-11-09,S002,P0020,224,123.03637398511654,100.96362601488346
2023-11-09,S003,P0014,65,222.95502601178077,-157.95502601178077
2023-11-09,S005,P0016,229,197.64718379865235,31.35281620134765
2023-11-09,S001,P0003,138,140.1803566838268,-2.180356683826801
2023-11-09,S001,P0010,132,188.81383125464794,-56.81383125464794
2023-11-09,S003,P0007,346,189.08687145590005,156.91312854409995
2023-11-09,S001,P0018,479,250.06581109310298,228.93418890689702
2023-11-09,S004,P0012,163,173.32301093858604,-10.323010938586037
2023-11-09,S005,P0010,27,36.41893517373114,-9.418935173731143
2023-11-09,S003,P0016,150,213.34095834966507,-63.34095834966507
2023-11-09,S002,P0016,179,166.11281378027513,12.887186219724867
2023-11-09,S001,P0009,42,46.754311053751564,-4.7543110537515645
2023-11-09,S005,P0011,141,73.58919693642912,67.41080306357088
2023-11-09,S005,P0002,125,221.48866739832636,-96.48866739832636
2023-11-09,S002,P0004,63,104.47830009410717,-41.47830009410717
2023-11-09,S002,P0012,26,210.88599665366462,-184.88599665366462
2023-11-09,S003,P0020,286,177.42132284028304,108.57867715971696
2023-11-09,S002,P0013,20,67.52312136320865,-47.523121363208645
2023-11-09,S001,P0016,24,77.14336086515863,-53.14336086515863
2023-11-09,S004,P0007,72,60.02006405154032,11.979935948459683
2023-11-09,S002,P0008,25,62.23951231002877,-37.23951231002877
2023-11-09,S003,P0017,155,235.9082623841703,-80.90826238417031
2023-11-09,S002,P0005,62,56.86677702904359,5.13322297095641
2023-11-09,S001,P0004,305,232.14088981904672,72.85911018095328
2023-11-09,S005,P0005,193,124.8633799098103,68.1366200901897
2023-11-09,S003,P0005,205,149.52679848650308,55.47320151349692
2023-11-09,S002,P0010,117,190.33475326227716,-73.33475326227716
2023-11-09,S004,P0020,189,163.10604661953437,25.893953380465632
2023-11-09,S004,P0015,117,85.55234894862639,31.44765105137361
2023-11-09,S005,P0008,115,110.9887084486146,4.011291551385398
2023-11-09,S004,P0003,122,232.9362670606792,-110.9362670606792
2023-11-09,S001,P0012,92,165.69908784090035,-73.69908784090035
2023-11-09,S001,P0020,34,165.66008704860837,-131.66008704860837
2023-11-09,S001,P0001,75,48.78976097336704,26.210239026632962
2023-11-09,S002,P0002,22,88.19242545862585,-66.19242545862585
2023-11-09,S002,P0007,21,29.21321924951542,-8.213219249515419
2023-11-09,S003,P0019,353,190.38388301504864,162.61611698495136
2023-11-09,S003,P0002,262,218.7233421886615,43.27665781133851
2023-11-09,S002,P0015,375,199.86489798145652,175.13510201854348
2023-11-09,S005,P0001,264,174.88387961336065,89.11612038663935
2023-11-09,S004,P0013,53,137.8476610573964,-84.84766105739641
2023-11-09,S005,P0013,105,118.85218487970911,-13.852184879709114
2023-11-09,S005,P0020,30,156.87522865675749,-126.87522865675749
2023-11-09,S003,P0001,38,70.44259028964615,-32.44259028964615
2023-11-09,S002,P0009,162,117.40395184149992,44.59604815850008
2023-11-09,S002,P0019,238,120.73347857927064,117.26652142072936
2023-11-09,S003,P0006,140,200.22734831028123,-60.22734831028123
2023-11-09,S003,P0011,19,109.8266035947251,-90.8266035947251
2023-11-09,S003,P0004,11,46.25296191562495,-35.25296191562495
2023-11-09,S004,P0016,72,77.51837920976067,-5.518379209760667
2023-11-09,S001,P0008,110,93.66707611166413,16.33292388833587
2023-11-09,S003,P0012,155,98.42145571134779,56.57854428865221
2023-11-09,S003,P0010,223,136.93732535704362,86.06267464295638
2023-11-09,S001,P0017,71,204.00147506771958,-133.00147506771958
2023-11-09,S001,P0019,251,147.17835298475558,103.82164701524442
2023-11-09,S004,P0008,301,152.85520080064475,148.14479919935525
2023-11-09,S003,P0018,37,147.84562934643264,-110.84562934643264
2023-11-09,S004,P0014,7,53.39413084096549,-46.39413084096549
2023-11-09,S003,P0008,24,94.53749944920713,-70.53749944920713
2023-11-09,S002,P0014,13,64.86864085341745,-51.868640853417446
2023-11-09,S004,P0001,345,243.2167711422963,101.7832288577037
2023-11-09,S005,P0019,193,102.19053762748814,90.80946237251186
2023-11-09,S002,P0001,180,122.44845462937201,57.55154537062799
2023-11-09,S001,P0014,300,175.11157364643475,124.88842635356525
2023-11-09,S005,P0017,77,44.067173421586006,32.932826578413994
2023-11-09,S004,P0011,53,207.23748465813628,-154.23748465813628
2023-11-09,S005,P0015,97,161.64804389755574,-64.64804389755574
2023-11-09,S005,P0006,342,179.46042931292283,162.53957068707717
2023-11-09,S002,P0006,20,117.97176023155453,-97.97176023155453
2023-11-09,S002,P0003,284,160.00790544331318,123.99209455668682
2023-11-09,S003,P0003,3,39.88031139394599,-36.88031139394599
2023-11-09,S005,P0014,51,127.83127840838227,-76.83127840838227
2023-11-09,S004,P0005,56,32.773764875692564,23.226235124307436
2023-11-09,S004,P0009,239,208.26046640220653,30.739533597793468
2023-11-09,S004,P0002,142,166.71190164074227,-24.71190164074227
2023-11-09,S004,P0006,35,43.45246930858042,-8.452469308580419
2023-11-09,S003,P0015,16,30.819224035399202,-14.819224035399202
2023-11-09,S005,P0012,128,189.1227141116567,-61.122714111656705
2023-11-09,S003,P0013,45,94.05521810983566,-49.055218109835664
2023-11-09,S004,P0018,21,50.0183968518557,-29.018396851855698
2023-11-09,S005,P0009,10,32.10924605517204,-22.109246055172036
2023-11-09,S001,P0013,13,31.44965465025757,-18.44965465025757
2023-11-10,S002,P0016,20,65.19320442088139,-45.193204420881386
2023-11-10,S005,P0010,296,192.55109714880484,103.44890285119516
2023-11-10,S001,P0019,42,36.28238934817756,5.71761065182244
2023-11-10,S004,P0009,417,216.0385041949732,200.9614958050268
2023-11-10,S003,P0005,48,33.836766928711825,14.163233071288175
2023-11-10,S003,P0018,131,81.63306629137787,49.36693370862213
2023-11-10,S004,P0020,163,122.1492449389313,40.850755061068696
2023-11-10,S004,P0003,136,140.42845263855696,-4.428452638556962
2023-11-10,S003,P0016,296,165.9119598206761,130.0880401793239
2023-11-10,S003,P0015,337,229.440683930202,107.559316069798
2023-11-10,S002,P0001,172,170.34279492079986,1.6572050792001392
2023-11-10,S005,P0012,119,118.9700566290204,0.029943370979594874
2023-11-10,S005,P0018,87,58.692442022196076,28.307557977803924
2023-11-10,S005,P0008,257,154.2875938462402,102.71240615375979
2023-11-10,S003,P0013,285,174.9554558049909,110.04454419500911
2023-11-10,S002,P0010,147,140.8528106212945,6.147189378705491
2023-11-10,S005,P0019,285,149.61171009178133,135.38828990821867
2023-11-10,S004,P0015,27,226.89196008730562,-199.89196008730562
2023-11-10,S001,P0018,63,40.48830926297438,22.511690737025617
2023-11-10,S003,P0012,2,41.19164427796318,-39.19164427796318
2023-11-10,S003,P0002,58,41.03773887670667,16.96226112329333
2023-11-10,S004,P0011,148,140.77329228194083,7.226707718059174
2023-11-10,S005,P0016,199,246.8988914247052,-47.8988914247052
2023-11-10,S005,P0009,300,151.646130512843,148.353869487157
2023-11-10,S001,P0020,98,158.49369566908365,-60.49369566908365
2023-11-10,S001,P0009,170,210.72081014564066,-40.720810145640655
2023-11-10,S003,P0014,117,233.70090573440154,-116.70090573440154
2023-11-10,S005,P0001,86,121.30659878797468,-35.30659878797468
2023-11-10,S002,P0020,64,170.28078382630565,-106.28078382630565
2023-11-10,S005,P0020,180,211.01415304100658,-31.01415304100658
2023-11-10,S002,P0006,74,41.117598593281855,32.882401406718145
2023-11-10,S003,P0003,218,210.94004406978127,7.0599559302187345
2023-11-10,S005,P0017,71,106.06671870447002,-35.06671870447002
2023-11-10,S004,P0012,25,143.59544528008996,-118.59544528008996
2023-11-10,S003,P0019,136,108.90417234918289,27.095827650817114
2023-11-10,S004,P0017,313,191.41073024151643,121.58926975848357
2023-11-10,S003,P0007,53,183.541690275485,-130.541690275485
2023-11-10,S001,P0008,102,71.4268636678363,30.5731363321637
2023-11-10,S005,P0002,158,189.81618486983143,-31.81618486983143
2023-11-10,S002,P0004,256,246.22814574751294,9.77185425248706
2023-11-10,S003,P0006,112,117.14869623211013,-5.148696232110126
2023-11-10,S003,P0020,31,36.630405718516045,-5.6304057185160445
2023-11-10,S002,P0012,288,168.74306266899015,119.25693733100985
2023-11-10,S003,P0011,27,125.22348586042887,-98.22348586042887
2023-11-10,S001,P0003,25,225.9834820574626,-200.9834820574626
2023-11-10,S002,P0003,142,235.3234196486614,-93.3234196486614
2023-11-10,S001,P0002,47,49.957319719393354,-2.957319719393354
2023-11-10,S003,P0009,61,142.31169815167277,-81.31169815167277
2023-11-10,S005,P0006,266,143.09943962972318,122.90056037027682
2023-11-10,S001,P0010,49,78.61008718390303,-29.610087183903033
2023-11-10,S003,P0008,80,106.63191783535996,-26.631917835359957
2023-11-10,S002,P0013,25,26.52991025253465,-1.5299102525346484
2023-11-10,S002,P0019,324,231.68168123036457,92.31831876963543
2023-11-10,S002,P0009,13,73.19611567516228,-60.196115675162275
2023-11-10,S003,P0001,43,120.44474530163689,-77.44474530163689
2023-11-10,S005,P0013,194,201.48026521151445,-7.48026521151445
2023-11-10,S002,P0002,73,37.646854045503176,35.353145954496824
2023-11-10,S004,P0013,34,216.31921210352,-182.31921210352
2023-11-10,S005,P0003,20,56.568656601561315,-36.568656601561315
2023-11-10,S001,P0006,167,102.78971896811038,64.21028103188962
2023-11-10,S002,P0018,42,53.97852868874935,-11.97852868874935
2023-11-10,S002,P0015,243,150.0434076667279,92.95659233327211
2023-11-10,S001,P0011,220,119.9427738869935,100.0572261130065
2023-11-10,S002,P0017,302,196.2585638787043,105.74143612129569
2023-11-10,S005,P0015,363,185.52821006755266,177.47178993244734
2023-11-10,S004,P0018,62,197.72075547071455,-135.72075547071455
2023-11-10,S004,P0002,63,149.09041550497938,-86.09041550497938
2023-11-10,S001,P0005,2,94.48432867370457,-92.48432867370457
2023-11-10,S004,P0004,435,227.1696235174541,207.8303764825459
2023-11-10,S004,P0010,3,117.73735710067797,-114.73735710067797
2023-11-10,S001,P0013,203,105.0839316875128,97.9160683124872
2023-11-10,S004,P0019,394,208.783369843902,185.216630156098
2023-11-10,S002,P0014,7,153.49990696229816,-146.49990696229816
2023-11-10,S002,P0007,44,203.71047135485492,-159.71047135485492
2023-11-10,S005,P0011,333,170.9833566075551,162.0166433924449
2023-11-10,S005,P0004,117,159.96239836528912,-42.96239836528912
2023-11-10,S005,P0014,82,181.87647981031358,-99.87647981031358
2023-11-10,S004,P0006,231,236.98016961256064,-5.980169612560644
2023-11-10,S002,P0011,37,58.94428993788176,-21.944289937881763
2023-11-10,S004,P0005,54,29.78988280677845,24.21011719322155
2023-11-10,S005,P0007,86,47.48639445121148,38.51360554878852
2023-11-10,S001,P0007,18,131.37761176939307,-113.37761176939307
2023-11-10,S004,P0014,101,91.24610817455408,9.753891825445919
2023-11-10,S003,P0017,346,184.59237748427142,161.40762251572858
2023-11-10,S001,P0004,40,71.31030852006614,-31.310308520066144
2023-11-10,S004,P0016,279,241.6091219105121,37.3908780894879
2023-11-10,S004,P0008,126,81.07659520441962,44.92340479558038
2023-11-10,S004,P0001,68,72.14559573162882,-4.145595731628816
2023-11-10,S003,P0004,275,244.79435121448836,30.20564878551164
2023-11-10,S001,P0017,43,36.186598441493686,6.813401558506314
2023-11-10,S001,P0015,72,77.74781844311457,-5.747818443114568
2023-11-10,S002,P0008,190,136.31219116891032,53.68780883108968
2023-11-10,S001,P0001,234,144.8733318744483,89.1266681255517
2023-11-10,S002,P0005,15,50.29517855218711,-35.29517855218711
2023-11-10,S001,P0014,350,200.22398570840113,149.77601429159887
2023-11-10,S004,P0007,320,164.40239895747726,155.59760104252274
2023-11-10,S005,P0005,128,140.84173775556945,-12.841737755569454
2023-11-10,S001,P0016,139,141.18927451990885,-2.1892745199088495
2023-11-10,S003,P0010,323,188.75123927585037,134.24876072414963
2023-11-11,S002,P0013,125,129.2612553922803,-4.2612553922803045
2023-11-11,S005,P0010,386,244.64811677955578,141.35188322044422
2023-11-11,S001,P0013,111,189.18157773170924,-78.18157773170924
2023-11-11,S001,P0014,119,79.20082831927147,39.799171680728534
2023-11-11,S004,P0012,308,208.4604624098244,99.5395375901756
2023-11-11,S004,P0004,47,54.75046625623622,-7.750466256236223
2023-11-11,S004,P0005,113,72.48722914431437,40.51277085568563
2023-11-11,S002,P0014,45,40.37863331184565,4.621366688154353
2023-11-11,S003,P0015,134,107.05900717336505,26.940992826634954
2023-11-11,S001,P0015,230,133.15668343046553,96.84331656953447
2023-11-11,S005,P0012,93,107.7103904333892,-14.710390433389193
2023-11-11,S003,P0004,45,42.21816567143952,2.7818343285604783
2023-11-11,S001,P0018,64,34.39523256849759,29.60476743150241
2023-11-11,S005,P0017,296,221.56799258957915,74.43200741042085
2023-11-11,S005,P0014,310,208.1920410322951,101.8079589677049
2023-11-11,S003,P0009,119,222.20480549519016,-103.20480549519016
2023-11-11,S001,P0010,71,33.28129658848508,37.71870341151492
2023-11-11,S005,P0004,172,215.45269750224077,-43.45269750224077
2023-11-11,S002,P0003,9,52.04458016981499,-43.04458016981499
2023-11-11,S004,P0014,434,242.07740636165119,191.92259363834881
2023-11-11,S005,P0015,324,214.346894622984,109.653105377016
2023-11-11,S003,P0012,134,167.81507648205633,-33.81507648205633
2023-11-11,S003,P0008,115,160.28752000053237,-45.28752000053237
2023-11-11,S002,P0004,36,49.49926263674138,-13.499262636741378
2023-11-11,S001,P0008,83,46.30714746183992,36.69285253816008
2023-11-11,S001,P0019,19,122.66931313804264,-103.66931313804264
2023-11-11,S005,P0001,74,138.4399454388008,-64.4399454388008
2023-11-11,S002,P0008,158,81.28566495085136,76.71433504914864
2023-11-11,S001,P0002,246,198.44428453913997,47.55571546086003
2023-11-11,S005,P0013,175,135.09838596993342,39.90161403006658
2023-11-11,S004,P0008,63,190.16877263940324,-127.16877263940324
2023-11-11,S005,P0008,24,31.960181648241416,-7.9601816482414165
2023-11-11,S002,P0001,118,127.47691492626114,-9.476914926261145
2023-11-11,S001,P0020,269,143.1593235043673,125.84067649563269
2023-11-11,S001,P0009,76,58.457909189289296,17.542090810710704
2023-11-11,S004,P0003,99,126.47278246762784,-27.472782467627837
2023-11-11,S001,P0006,204,187.80387439151252,16.196125608487478
2023-11-11,S001,P0011,297,157.2190935832101,139.7809064167899
2023-11-11,S001,P0003,36,62.92810957914679,-26.928109579146792
2023-11-11,S003,P0001,219,116.36770355676782,102.63229644323218
2023-11-11,S001,P0004,283,146.26997930217186,136.73002069782814
2023-11-11,S001,P0012,130,114.01870181244948,15.981298187550522
2023-11-11,S003,P0003,34,42.180369287436406,-8.180369287436406
2023-11-11,S001,P0016,90,150.47457495712104,-60.474574957121035
2023-11-11,S005,P0011,160,169.4352327154677,-9.435232715467691
2023-11-11,S005,P0016,69,44.969858406553044,24.030141593446956
2023-11-11,S002,P0011,12,167.01358819794086,-155.01358819794086
2023-11-11,S004,P0006,414,230.4984788877165,183.5015211122835
2023-11-11,S004,P0015,301,224.71618424072267,76.28381575927733
2023-11-11,S002,P0002,35,68.11800835766132,-33.118008357661324
2023-11-11,S004,P0002,116,60.27734573730527,55.72265426269473
2023-11-11,S005,P0009,3,124.00469447953236,-121.00469447953236
2023-11-11,S003,P0005,50,122.88228980935378,-72.88228980935378
2023-11-11,S004,P0020,73,62.86500902164693,10.134990978353073
2023-11-11,S002,P0012,98,219.28066174673177,-121.28066174673177
2023-11-11,S004,P0018,28,46.70039083418902,-18.700390834189022
2023-11-11,S004,P0013,168,173.29396326325525,-5.29396326325525
2023-11-11,S002,P0019,271,160.32869751534662,110.67130248465338
2023-11-11,S005,P0002,139,163.16211064933242,-24.16211064933242
2023-11-11,S002,P0009,68,137.78414812025562,-69.78414812025562
2023-11-11,S004,P0017,230,140.73156181896417,89.26843818103583
2023-11-11,S002,P0015,148,143.03131320459966,4.968686795400345
2023-11-11,S003,P0020,30,63.562382393265466,-33.562382393265466
2023-11-11,S002,P0010,90,59.22052111756983,30.77947888243017
2023-11-11,S002,P0005,255,135.08120543295098,119.91879456704902
2023-11-11,S002,P0018,146,131.14033006218176,14.85966993781824
2023-11-11,S005,P0003,106,116.97061129561496,-10.970611295614958
2023-11-11,S004,P0009,48,132.75406317737423,-84.75406317737423
2023-11-11,S004,P0007,297,191.79276121664418,105.20723878335582
2023-11-11,S001,P0007,102,85.98018077899582,16.019819221004184
2023-11-11,S002,P0017,29,31.185806484288037,-2.1858064842880367
2023-11-11,S002,P0007,458,235.69772018460668,222.30227981539332
2023-11-11,S003,P0017,103,162.94143937750732,-59.94143937750732
2023-11-11,S001,P0005,14,70.25176029043155,-56.25176029043155
2023-11-11,S004,P0010,43,51.87052260703615,-8.87052260703615
2023-11-11,S002,P0006,93,142.90766021592918,-49.907660215929184
2023-11-11,S004,P0019,189,139.81813244440303,49.181867555596966
2023-11-11,S001,P0001,59,39.3575838655014,19.642416134498603
2023-11-11,S003,P0002,259,230.78804720856652,28.211952791433475
2023-11-11,S005,P0005,17,246.62824920819844,-229.62824920819844
2023-11-11,S002,P0020,155,209.93883930955025,-54.93883930955025
2023-11-11,S005,P0007,324,195.9498934293198,128.0501065706802
2023-11-11,S003,P0007,129,181.61927400895866,-52.619274008958655
2023-11-11,S001,P0017,385,249.20136561291582,135.79863438708418
2023-11-11,S003,P0018,11,201.42184578908467,-190.42184578908467
2023-11-11,S003,P0019,48,77.67560956370897,-29.675609563708974
2023-11-11,S003,P0016,143,88.12099194465054,54.87900805534946
2023-11-11,S003,P0013,83,76.98429955473915,6.015700445260848
2023-11-11,S005,P0006,159,134.0444565063708,24.955543493629193
2023-11-11,S005,P0019,470,240.36701156275018,229.63298843724982
2023-11-11,S003,P0011,26,48.61453310227387,-22.614533102273867
2023-11-11,S004,P0001,59,106.01226671757667,-47.012266717576665
2023-11-11,S003,P0006,225,123.43779813817605,101.56220186182395
2023-11-11,S002,P0016,269,167.65444602048183,101.34555397951817
2023-11-11,S005,P0018,151,100.32985873818569,50.67014126181431
2023-11-11,S004,P0016,87,59.69518335096302,27.30481664903698
2023-11-11,S003,P0014,42,26.094568615820606,15.905431384179394
2023-11-11,S004,P0011,70,86.05468412918441,-16.05468412918441
2023-11-11,S003,P0010,198,154.52087353479402,43.47912646520598
2023-11-11,S005,P0020,341,183.50319443872803,157.49680556127197
2023-11-12,S002,P0018,52,142.69437836744265,-90.69437836744265
2023-11-12,S002,P0011,142,104.40771952559606,37.592280474403935
2023-11-12,S005,P0019,15,74.3552102886049,-59.355210288604894
2023-11-12,S002,P0007,55,200.55649994848233,-145.55649994848233
2023-11-12,S002,P0014,65,144.22371795724206,-79.22371795724206
2023-11-12,S003,P0018,74,44.50173384942565,29.498266150574352
2023-11-12,S003,P0006,205,159.28026474211475,45.71973525788525
2023-11-12,S003,P0011,88,128.1056458727096,-40.1056458727096
2023-11-12,S001,P0008,201,136.6289899212219,64.37101007877811
2023-11-12,S001,P0006,352,221.29566258643877,130.70433741356123
2023-11-12,S001,P0019,11,117.82327699041343,-106.82327699041343
2023-11-12,S001,P0005,248,228.77519033420532,19.22480966579468
2023-11-12,S005,P0003,299,230.45075186634887,68.54924813365113
2023-11-12,S002,P0017,233,170.0179213337297,62.9820786662703
2023-11-12,S001,P0016,1,65.43220504980229,-64.43220504980229
2023-11-12,S002,P0001,25,88.67956882814002,-63.67956882814002
2023-11-12,S001,P0007,7,32.85600487536442,-25.85600487536442
2023-11-12,S002,P0006,298,165.37729627824172,132.62270372175828
2023-11-12,S001,P0011,0,44.96139100008082,-44.96139100008082
2023-11-12,S004,P0004,219,116.47325496518062,102.52674503481938
2023-11-12,S004,P0019,93,77.18518258888992,15.814817411110084
2023-11-12,S004,P0008,151,164.910128868826,-13.910128868826007
2023-11-12,S005,P0018,23,192.31355117381372,-169.31355117381372
2023-11-12,S001,P0014,28,218.35324099773675,-190.35324099773675
2023-11-12,S002,P0009,130,88.29208830870226,41.70791169129774
2023-11-12,S001,P0017,97,197.92924513069897,-100.92924513069897
2023-11-12,S003,P0012,122,75.1233177231062,46.8766822768938
2023-11-12,S004,P0014,71,139.38361279067885,-68.38361279067885
2023-11-12,S003,P0010,247,162.59431186634453,84.40568813365547
2023-11-12,S004,P0016,62,215.65019191632092,-153.65019191632092
2023-11-12,S004,P0018,58,70.34308864130332,-12.343088641303325
2023-11-12,S005,P0013,136,121.04147963311254,14.958520366887456
2023-11-12,S004,P0013,206,160.25517389830878,45.74482610169122
2023-11-12,S004,P0001,1,46.97649007328192,-45.97649007328192
2023-11-12,S005,P0017,5,177.3981731693624,-172.3981731693624
2023-11-12,S003,P0019,148,160.4464611867873,-12.446461186787303
2023-11-12,S004,P0010,16,35.689987585447284,-19.689987585447284
2023-11-12,S005,P0014,386,202.81943379180223,183.18056620819777
2023-11-12,S002,P0002,108,91.2474348960352,16.7525651039648
2023-11-12,S003,P0001,110,136.67433179646224,-26.67433179646224
2023-11-12,S005,P0006,334,191.2391969032206,142.7608030967794
2023-11-12,S002,P0013,23,31.60811579641171,-8.60811579641171
2023-11-12,S003,P0004,174,193.8540935367114,-19.85409353671139
2023-11-12,S004,P0002,35,48.935350073296604,-13.935350073296604
2023-11-12,S005,P0020,421,225.19354928068282,195.80645071931718
2023-11-12,S003,P0002,416,236.6589656734555,179.3410343265445
2023-11-12,S003,P0008,68,216.50715795658982,-148.50715795658982
2023-11-12,S001,P0013,185,191.5368601963322,-6.5368601963322135
2023-11-12,S003,P0003,14,30.79300094528071,-16.79300094528071
2023-11-12,S002,P0015,155,188.48116490261998,-33.48116490261998
2023-11-12,S003,P0009,18,214.10143095518595,-196.10143095518595
2023-11-12,S005,P0004,207,164.54358980624028,42.45641019375972
2023-11-12,S004,P0006,37,203.3371392983201,-166.3371392983201
2023-11-12,S005,P0015,168,99.52246252509912,68.47753747490088
2023-11-12,S005,P0009,12,86.15193669797884,-74.15193669797884
2023-11-12,S005,P0001,296,177.4180863392328,118.58191366076721
2023-11-12,S001,P0002,43,166.09417861527527,-123.09417861527527
2023-11-12,S005,P0016,48,102.89513367443499,-54.89513367443499
2023-11-12,S003,P0014,49,34.60641966450868,14.393580335491322
2023-11-12,S001,P0010,173,122.96180330269272,50.038196697307285
2023-11-12,S002,P0005,68,52.4119716308669,15.588028369133099
2023-11-12,S003,P0013,426,240.8155830879711,185.1844169120289
2023-11-12,S002,P0012,258,210.03632531855231,47.963674681447685
2023-11-12,S004,P0017,199,131.98550033055443,67.01449966944557
2023-11-12,S002,P0010,428,233.92627598051428,194.07372401948572
2023-11-12,S003,P0007,296,176.01602913680688,119.98397086319312
2023-11-12,S001,P0001,136,68.82693707587038,67.17306292412962
2023-11-12,S003,P0005,302,188.04796237211957,113.95203762788043
2023-11-12,S004,P0015,70,99.57219258414494,-29.572192584144943
2023-11-12,S002,P0004,16,210.88860511806138,-194.88860511806138
2023-11-12,S005,P0012,263,157.42446075718954,105.57553924281046
2023-11-12,S004,P0020,92,240.79456501734427,-148.79456501734427
2023-11-12,S004,P0003,106,93.07448941871809,12.925510581281912
2023-11-12,S001,P0004,90,88.48374765731285,1.516252342687153
2023-11-12,S001,P0003,2,226.69913546655522,-224.69913546655522
2023-11-12,S005,P0010,166,169.3634086316872,-3.363408631687207
2023-11-12,S003,P0015,454,236.98150849801107,217.01849150198893
2023-11-12,S005,P0008,66,55.27799224885507,10.722007751144929
2023-11-12,S001,P0012,64,75.64503564573113,-11.645035645731127
2023-11-12,S004,P0012,68,66.77512694206166,1.2248730579383391
2023-11-12,S003,P0016,127,93.04115025628323,33.95884974371677
2023-11-12,S003,P0020,285,226.0248690195126,58.97513098048739
2023-11-12,S004,P0005,14,56.2420170677197,-42.2420170677197
2023-11-12,S005,P0002,42,104.8563318625828,-62.856331862582806
2023-11-12,S004,P0011,99,97.96300515984876,1.0369948401512374
2023-11-12,S005,P0011,139,110.84575964963983,28.15424035036017
2023-11-12,S002,P0008,24,67.44478143340876,-43.444781433408764
2023-11-12,S005,P0007,272,214.2335073350293,57.76649266497071
2023-11-12,S001,P0009,73,234.6282209515158,-161.6282209515158
2023-11-12,S002,P0003,47,139.77019315886588,-92.77019315886588
2023-11-12,S002,P0020,44,40.81920636622334,3.180793633776659
2023-11-12,S004,P0009,11,36.28629221445067,-25.28629221445067
2023-11-12,S002,P0016,107,202.22214002157546,-95.22214002157546
2023-11-12,S004,P0007,76,60.99800768077347,15.001992319226531
2023-11-12,S001,P0018,264,131.395615493861,132.604384506139
2023-11-12,S001,P0020,90,178.9583743443531,-88.9583743443531
2023-11-12,S005,P0005,284,143.58987382036776,140.41012617963224
2023-11-12,S003,P0017,147,133.9941889494907,13.005811050509294
2023-11-12,S001,P0015,198,110.25514100903627,87.74485899096373
2023-11-13,S004,P0017,155,126.21071650257397,28.789283497426027
2023-11-13,S002,P0020,254,226.8474644871614,27.152535512838597
2023-11-13,S004,P0001,320,224.18162715490797,95.81837284509203
2023-11-13,S003,P0002,33,62.646119031799515,-29.646119031799515
2023-11-13,S005,P0010,130,208.34593446580044,-78.34593446580044
2023-11-13,S002,P0009,61,104.67826242457392,-43.678262424573916
2023-11-13,S004,P0014,56,39.00822133939141,16.99177866060859
2023-11-13,S003,P0010,146,122.542022308399,23.457977691601002
2023-11-13,S004,P0008,267,147.11606619193338,119.88393380806662
2023-11-13,S001,P0017,13,242.00826222594173,-229.00826222594173
2023-11-13,S001,P0014,30,86.48764151890708,-56.48764151890708
2023-11-13,S004,P0016,18,61.24157670852293,-43.24157670852293
2023-11-13,S005,P0012,118,123.18812661462437,-5.188126614624366
2023-11-13,S002,P0006,283,145.55618155324652,137.44381844675348
2023-11-13,S005,P0017,298,162.9112963942083,135.0887036057917
2023-11-13,S003,P0006,109,87.70336164143612,21.296638358563882
2023-11-13,S005,P0011,242,211.95626956035835,30.04373043964165
2023-11-13,S001,P0008,93,110.84012275755231,-17.840122757552308
2023-11-13,S001,P0009,39,214.65731924280533,-175.65731924280533
2023-11-13,S002,P0013,201,150.84490194530008,50.15509805469992
2023-11-13,S002,P0016,94,78.77641454328545,15.223585456714545
2023-11-13,S002,P0001,66,51.40971898115038,14.590281018849623
2023-11-13,S001,P0019,333,212.53317793219952,120.46682206780048
2023-11-13,S001,P0018,2,128.8861164520406,-126.8861164520406
2023-11-13,S003,P0016,76,80.25733410463488,-4.257334104634879
2023-11-13,S003,P0018,108,104.38891243177994,3.611087568220057
2023-11-13,S004,P0012,166,250.06925266265642,-84.06925266265642
2023-11-13,S005,P0019,53,200.53142948336097,-147.53142948336097
2023-11-13,S002,P0012,45,29.08077692273622,15.91922307726378
2023-11-13,S003,P0013,319,207.32466975054098,111.67533024945902
2023-11-13,S005,P0018,246,165.92875693503618,80.07124306496382
2023-11-13,S003,P0004,261,141.31616159822198,119.68383840177802
2023-11-13,S003,P0007,141,124.6095819970588,16.390418002941203
2023-11-13,S003,P0011,96,83.5052725141827,12.494727485817293
2023-11-13,S005,P0006,368,194.99444345430612,173.00555654569388
2023-11-13,S003,P0014,26,81.47688461337628,-55.476884613376285
2023-11-13,S002,P0003,40,63.30505683991191,-23.305056839911913
2023-11-13,S001,P0003,62,72.76632112362626,-10.766321123626255
2023-11-13,S003,P0019,73,214.88751271453265,-141.88751271453265
2023-11-13,S005,P0020,65,47.92461260381356,17.075387396186443
2023-11-13,S001,P0012,299,218.5878693459024,80.41213065409761
2023-11-13,S002,P0004,55,77.12710326578281,-22.127103265782807
2023-11-13,S002,P0015,27,70.31650307743922,-43.31650307743922
2023-11-13,S002,P0011,21,30.206747875666395,-9.206747875666395
2023-11-13,S005,P0008,5,59.81731850576318,-54.81731850576318
2023-11-13,S005,P0014,266,198.05530233561228,67.94469766438772
2023-11-13,S003,P0020,84,64.13544093217342,19.864559067826576
2023-11-13,S002,P0017,6,25.90758587699088,-19.90758587699088
2023-11-13,S001,P0007,301,247.15154983762517,53.84845016237483
2023-11-13,S002,P0005,128,80.61264342862472,47.38735657137528
2023-11-13,S002,P0014,110,137.2023238521453,-27.202323852145298
2023-11-13,S001,P0010,96,139.8962381711513,-43.89623817115131
2023-11-13,S002,P0010,296,211.5166438352383,84.48335616476169
2023-11-13,S001,P0006,104,81.72707141488786,22.27292858511214
2023-11-13,S004,P0015,148,122.34308647725743,25.65691352274257
2023-11-13,S004,P0004,85,103.65407700831156,-18.65407700831156
2023-11-13,S005,P0005,84,132.99409246054586,-48.99409246054586
2023-11-13,S001,P0005,151,214.40616080661243,-63.406160806612434
2023-11-13,S005,P0001,122,85.42474593164405,36.575254068355946
2023-11-13,S001,P0015,33,217.20839132868417,-184.20839132868417
2023-11-13,S003,P0017,141,100.43428156326632,40.565718436733675
2023-11-13,S005,P0007,152,235.11937175269128,-83.11937175269128
2023-11-13,S001,P0011,55,79.94003049187575,-24.940030491875746
2023-11-13,S005,P0003,165,216.87704021311913,-51.87704021311913
2023-11-13,S001,P0016,369,214.35226972094353,154.64773027905647
2023-11-13,S002,P0008,224,157.9076803759284,66.09231962407159
2023-11-13,S004,P0005,178,191.13670249743438,-13.136702497434385
2023-11-13,S002,P0018,68,109.48310071508558,-41.483100715085584
2023-11-13,S003,P0015,68,229.46157084819197,-161.46157084819197
2023-11-13,S005,P0004,380,196.84566030701745,183.15433969298255
2023-11-13,S003,P0009,0,46.9885455686026,-46.9885455686026
2023-11-13,S004,P0020,386,247.10513751221242,138.89486248778758
2023-11-13,S002,P0019,116,89.85975632167805,26.14024367832195
2023-11-13,S004,P0018,433,239.26033848874158,193.73966151125842
2023-11-13,S005,P0002,109,153.92449435976818,-44.924494359768175
2023-11-13,S005,P0013,27,40.086201038831746,-13.086201038831746
2023-11-13,S005,P0016,63,63.75474886881244,-0.7547488688124417
2023-11-13,S004,P0013,79,182.37752034545593,-103.37752034545593
2023-11-13,S001,P0002,38,196.76549543321363,-158.76549543321363
2023-11-13,S004,P0010,135,127.60700912772444,7.392990872275561
2023-11-13,S005,P0009,270,204.75158235718516,65.24841764281484
2023-11-13,S002,P0002,69,217.70413011020833,-148.70413011020833
2023-11-13,S003,P0005,2,36.14666343246313,-34.14666343246313
2023-11-13,S001,P0001,24,32.70611602841308,-8.706116028413078
2023-11-13,S003,P0012,108,66.04200305521823,41.95799694478177
2023-11-13,S005,P0015,228,225.34746087537275,2.6525391246272534
2023-11-13,S003,P0001,103,124.41460677305292,-21.414606773052924
2023-11-13,S004,P0003,343,178.30925716911196,164.69074283088804
2023-11-13,S004,P0009,159,138.63552302776674,20.364476972233263
2023-11-13,S001,P0020,50,194.28988458108114,-144.28988458108114
2023-11-13,S004,P0002,80,172.27574404964565,-92.27574404964565
2023-11-13,S004,P0007,50,134.15057353576515,-84.15057353576515
2023-11-13,S003,P0008,250,134.9568009052801,115.04319909471991
2023-11-13,S003,P0003,179,164.28041850177488,14.719581498225125
2023-11-13,S001,P0013,20,238.38087539367035,-218.38087539367035
2023-11-13,S001,P0004,9,243.12793101632758,-234.12793101632758
2023-11-13,S004,P0006,33,151.12068649407104,-118.12068649407104
2023-11-13,S004,P0011,146,82.91167912981376,63.08832087018624
2023-11-13,S004,P0019,348,198.6588709219186,149.3411290780814
2023-11-14,S003,P0013,185,222.30708715081215,-37.30708715081215
2023-11-14,S003,P0002,226,196.35325225331468,29.64674774668532
2023-11-14,S003,P0020,106,126.85806676243453,-20.858066762434532
2023-11-14,S004,P0014,35,219.59451719792384,-184.59451719792384
2023-11-14,S002,P0016,344,204.81592100852953,139.18407899147047
2023-11-14,S001,P0009,49,43.38646325823322,5.613536741766779
2023-11-14,S002,P0012,86,149.58923376547676,-63.58923376547676
2023-11-14,S003,P0014,384,211.80852656167247,172.19147343832753
2023-11-14,S005,P0010,17,93.23578959186966,-76.23578959186966
2023-11-14,S003,P0005,133,189.6983220570031,-56.69832205700311
2023-11-14,S004,P0007,11,176.54359048746738,-165.54359048746738
2023-11-14,S001,P0002,345,230.8839487097457,114.11605129025429
2023-11-14,S001,P0020,104,91.61343949684255,12.386560503157455
2023-11-14,S004,P0020,283,150.53550899624793,132.46449100375207
2023-11-14,S002,P0018,1,41.679402471540186,-40.679402471540186
2023-11-14,S005,P0007,84,138.64589425736995,-54.645894257369946
2023-11-14,S001,P0015,0,30.247118562117123,-30.247118562117123
2023-11-14,S004,P0005,63,162.98013993642337,-99.98013993642337
2023-11-14,S005,P0019,35,78.90142023305083,-43.90142023305083
2023-11-14,S004,P0019,29,34.76012164420587,-5.760121644205867
2023-11-14,S001,P0006,171,114.46649305414542,56.53350694585458
2023-11-14,S003,P0004,202,143.7757545554549,58.22424544454509
2023-11-14,S005,P0006,40,57.69235341854994,-17.692353418549942
2023-11-14,S003,P0019,76,62.0287528370572,13.971247162942802
2023-11-14,S004,P0016,184,98.46343511223364,85.53656488776636
2023-11-14,S001,P0014,425,249.46372689110052,175.53627310889948
2023-11-14,S002,P0009,48,30.580008117044486,17.419991882955514
2023-11-14,S001,P0008,59,224.06032405146715,-165.06032405146715
2023-11-14,S003,P0012,172,175.5520471884119,-3.5520471884119047
2023-11-14,S002,P0002,204,123.97223094366683,80.02776905633317
2023-11-14,S003,P0001,71,45.61003264071468,25.389967359285322
2023-11-14,S003,P0009,254,127.53542642373941,126.46457357626059
2023-11-14,S003,P0008,322,177.70356379406866,144.29643620593134
2023-11-14,S004,P0006,101,81.06509675470647,19.934903245293526
2023-11-14,S002,P0014,85,193.21263925080785,-108.21263925080785
2023-11-14,S002,P0011,256,241.29776718621656,14.70223281378344
2023-11-14,S002,P0003,5,230.50139465558317,-225.50139465558317
2023-11-14,S004,P0011,290,153.9853811001288,136.0146188998712
2023-11-14,S002,P0020,439,222.9463222479651,216.0536777520349
2023-11-14,S001,P0005,55,62.722500637263295,-7.722500637263295
2023-11-14,S002,P0008,197,163.08003109372999,33.919968906270014
2023-11-14,S002,P0007,72,46.520660561240106,25.479339438759894
2023-11-14,S001,P0007,17,51.79796614201422,-34.79796614201422
2023-11-14,S002,P0017,113,93.8975293877553,19.1024706122447
2023-11-14,S001,P0016,19,237.7898224992449,-218.7898224992449
2023-11-14,S001,P0011,7,39.24683341798374,-32.24683341798374
2023-11-14,S004,P0004,274,174.0084931428123,99.99150685718769
2023-11-14,S001,P0010,116,70.89308687915127,45.10691312084873
2023-11-14,S001,P0001,56,73.3676644171195,-17.3676644171195
2023-11-14,S005,P0014,48,95.42944840794081,-47.42944840794081
2023-11-14,S005,P0004,46,78.24499216578829,-32.24499216578829
2023-11-14,S002,P0019,137,89.62181548803738,47.378184511962615
2023-11-14,S001,P0013,234,194.86919781016445,39.13080218983555
2023-11-14,S004,P0001,186,131.53392228478418,54.46607771521582
2023-11-14,S005,P0015,350,204.1227743738233,145.8772256261767
2023-11-14,S005,P0013,112,55.76538072414456,56.23461927585544
2023-11-14,S001,P0017,95,62.33426704704533,32.66573295295467
2023-11-14,S004,P0013,69,70.32607134086896,-1.326071340868964
2023-11-14,S004,P0018,16,33.61946381114507,-17.619463811145067
2023-11-14,S005,P0008,211,217.16378871892164,-6.163788718921637
2023-11-14,S001,P0004,28,207.7587108341425,-179.7587108341425
2023-11-14,S005,P0002,96,108.40463354397349,-12.404633543973489
2023-11-14,S005,P0016,77,91.16083777020299,-14.160837770202988
2023-11-14,S003,P0007,421,244.86830260405037,176.13169739594963
2023-11-14,S004,P0015,54,188.28027889161245,-134.28027889161245
2023-11-14,S005,P0009,346,240.28539880031866,105.71460119968134
2023-11-14,S003,P0016,36,103.35443961548032,-67.35443961548032
2023-11-14,S002,P0005,34,142.8341946030307,-108.83419460303071
2023-11-14,S001,P0018,112,71.40271968892694,40.597280311073064
2023-11-14,S001,P0003,9,70.0963957309018,-61.096395730901804
2023-11-14,S005,P0005,38,44.470386579028116,-6.470386579028116
2023-11-14,S004,P0012,85,138.8399111379133,-53.839911137913305
2023-11-14,S002,P0010,214,163.2077234960493,50.79227650395069
2023-11-14,S004,P0017,191,125.92900145124293,65.07099854875707
2023-11-14,S004,P0010,58,46.06614907668802,11.93385092331198
2023-11-14,S002,P0004,411,217.93739265032542,193.06260734967458
2023-11-14,S001,P0012,144,112.4229648065899,31.577035193410097
2023-11-14,S004,P0003,28,57.43537719803987,-29.435377198039873
2023-11-14,S005,P0003,123,87.43353409163007,35.566465908369935
2023-11-14,S003,P0017,49,46.693416815582,2.3065831844180025
2023-11-14,S003,P0011,200,116.91260611480806,83.08739388519194
2023-11-14,S002,P0015,173,178.77071503502663,-5.770715035026626
2023-11-14,S002,P0001,108,185.0943150717722,-77.0943150717722
2023-11-14,S005,P0012,56,64.14367560290805,-8.143675602908047
2023-11-14,S005,P0001,187,179.9333368327546,7.066663167245395
2023-11-14,S004,P0009,228,159.0708618840228,68.9291381159772
2023-11-14,S002,P0013,7,135.19428908382724,-128.19428908382724
2023-11-14,S005,P0017,201,103.1700229105042,97.8299770894958
2023-11-14,S002,P0006,15,67.24921057235343,-52.249210572353434
2023-11-14,S003,P0018,177,89.02777878150971,87.97222121849029
2023-11-14,S003,P0010,24,30.327049190166633,-6.327049190166633
2023-11-14,S005,P0020,417,235.4842279951315,181.5157720048685
2023-11-14,S003,P0003,315,175.6126127792736,139.3873872207264
2023-11-14,S003,P0006,89,96.00718539660573,-7.007185396605735
2023-11-14,S001,P0019,10,165.95201251191736,-155.95201251191736
2023-11-14,S005,P0018,215,120.30077744165527,94.69922255834473
2023-11-14,S003,P0015,232,231.07265827551333,0.9273417244866664
2023-11-14,S004,P0008,118,144.49123961162985,-26.49123961162985
2023-11-15,S004,P0005,99,218.33331997284404,-119.33331997284404
2023-11-15,S005,P0019,44,146.12124489670396,-102.12124489670396
2023-11-15,S004,P0010,75,165.57257087578762,-90.57257087578762
2023-11-15,S004,P0011,10,110.90181639999435,-100.90181639999435
2023-11-15,S001,P0005,392,230.31430498859942,161.68569501140058
2023-11-15,S002,P0004,194,245.8055895437622,-51.80558954376221
2023-11-15,S005,P0001,17,26.126838858767883,-9.126838858767883
2023-11-15,S001,P0012,6,56.11739648533518,-50.11739648533518
2023-11-15,S003,P0013,84,67.92403835104881,16.075961648951193
2023-11-15,S004,P0014,55,67.04686606770707,-12.046866067707072
2023-11-15,S005,P0008,61,184.6744257899001,-123.67442578990011
2023-11-15,S003,P0002,71,138.31964113339313,-67.31964113339313
2023-11-15,S001,P0002,362,183.96461337779357,178.03538662220643
2023-11-15,S004,P0003,34,30.178285319357883,3.821714680642117
2023-11-15,S004,P0019,106,63.08574499820679,42.91425500179321
2023-11-15,S002,P0010,58,249.6541309243015,-191.6541309243015
2023-11-15,S001,P0008,176,95.59931050415298,80.40068949584702
2023-11-15,S002,P0006,63,170.4717631478536,-107.47176314785361
2023-11-15,S001,P0003,135,134.58392463602672,0.4160753639732775
2023-11-15,S002,P0007,437,240.43113971669152,196.56886028330848
2023-11-15,S001,P0010,7,79.69699368073333,-72.69699368073333
2023-11-15,S002,P0001,143,162.99276428867518,-19.992764288675176
2023-11-15,S005,P0003,296,201.2555809482963,94.74441905170369
2023-11-15,S001,P0014,115,185.5487638130295,-70.5487638130295
2023-11-15,S005,P0012,83,60.799251683807995,22.200748316192005
2023-11-15,S005,P0002,92,51.31293260898195,40.68706739101805
2023-11-15,S003,P0005,178,134.32632538468982,43.673674615310176
2023-11-15,S004,P0007,68,58.91765865914721,9.082341340852793
2023-11-15,S003,P0007,267,172.08411723101602,94.91588276898398
2023-11-15,S002,P0003,144,124.37810047467025,19.621899525329752
2023-11-15,S002,P0020,270,249.99443149643542,20.005568503564575
2023-11-15,S003,P0015,58,89.53835817375449,-31.53835817375449
2023-11-15,S004,P0020,48,81.65955576068711,-33.65955576068711
2023-11-15,S003,P0014,27,84.11646411671813,-57.116464116718134
2023-11-15,S004,P0015,252,192.11670211550415,59.883297884495846
2023-11-15,S005,P0009,67,239.48128754351455,-172.48128754351455
2023-11-15,S001,P0009,281,188.3488252746938,92.65117472530619
2023-11-15,S002,P0005,127,199.64269959491634,-72.64269959491634
2023-11-15,S003,P0016,193,175.0657916548472,17.934208345152797
2023-11-15,S002,P0012,99,97.61512580435641,1.3848741956435902
2023-11-15,S004,P0009,128,200.1407243107318,-72.1407243107318
2023-11-15,S002,P0018,354,189.37438810513368,164.62561189486632
2023-11-15,S001,P0018,102,114.69303161358175,-12.693031613581752
2023-11-15,S005,P0005,227,164.51683526561987,62.483164734380125
2023-11-15,S002,P0013,243,187.19150907311115,55.80849092688885
2023-11-15,S005,P0007,404,226.92141148775204,177.07858851224796
2023-11-15,S002,P0016,118,138.36619700567894,-20.36619700567894
2023-11-15,S003,P0017,259,145.30830805755141,113.69169194244859
2023-11-15,S005,P0011,340,234.2871249909428,105.7128750090572
2023-11-15,S003,P0020,98,177.42753333131196,-79.42753333131196
2023-11-15,S001,P0004,32,44.904596394076634,-12.904596394076634
2023-11-15,S004,P0012,53,30.511332720988378,22.488667279011622
2023-11-15,S002,P0008,85,132.64678158640874,-47.646781586408736
2023-11-15,S004,P0017,44,50.399026847460846,-6.399026847460846
2023-11-15,S005,P0010,115,84.65817449670311,30.34182550329689
2023-11-15,S001,P0019,145,162.47395940768052,-17.473959407680525
2023-11-15,S005,P0016,10,34.2090120526326,-24.209012052632602
2023-11-15,S002,P0009,81,89.75953465400096,-8.759534654000959
2023-11-15,S002,P0019,105,245.0784382007085,-140.0784382007085
2023-11-15,S002,P0011,110,99.55244115624242,10.447558843757577
2023-11-15,S004,P0013,62,209.6095396153516,-147.6095396153516
2023-11-15,S003,P0011,326,196.74323145650112,129.25676854349888
2023-11-15,S005,P0014,110,207.4287330843357,-97.4287330843357
2023-11-15,S003,P0004,12,108.42054105555388,-96.42054105555388
2023-11-15,S001,P0017,192,185.91696470650913,6.083035293490866
2023-11-15,S003,P0008,275,179.38014182973154,95.61985817026846
2023-11-15,S003,P0018,49,106.49730028957799,-57.49730028957799
2023-11-15,S005,P0013,268,223.4157678835528,44.5842321164472
2023-11-15,S001,P0013,179,215.00409201901698,-36.00409201901698
2023-11-15,S002,P0017,183,188.42356091205852,-5.4235609120585195
2023-11-15,S003,P0009,131,103.09090538858874,27.909094611411263
2023-11-15,S004,P0018,209,204.16644923351782,4.833550766482176
2023-11-15,S005,P0017,25,116.39917926441944,-91.39917926441944
2023-11-15,S005,P0015,33,56.25279891952266,-23.25279891952266
2023-11-15,S005,P0004,258,192.09389824988187,65.90610175011813
2023-11-15,S004,P0001,96,58.306385395434575,37.693614604565425
2023-11-15,S001,P0020,94,48.68949045627579,45.31050954372421
2023-11-15,S004,P0016,263,194.40826507390688,68.59173492609312
2023-11-15,S003,P0019,38,33.34658331357883,4.653416686421167
2023-11-15,S002,P0002,236,209.76473546013636,26.235264539863635
2023-11-15,S001,P0016,42,123.24805990744039,-81.24805990744039
2023-11-15,S003,P0006,151,79.37635500686883,71.62364499313117
2023-11-15,S002,P0014,259,137.3341426830125,121.66585731698751
2023-11-15,S001,P0007,148,131.81556495062705,16.18443504937295
2023-11-15,S005,P0018,204,243.8115809931611,-39.8115809931611
2023-11-15,S002,P0015,217,224.7711832946843,-7.771183294684306
2023-11-15,S003,P0003,118,87.26135629716958,30.738643702830416
2023-11-15,S001,P0011,46,44.78209468561636,1.2179053143836427
2023-11-15,S005,P0020,181,139.56283584180352,41.43716415819648
2023-11-15,S004,P0004,89,166.71321292682296,-77.71321292682296
2023-11-15,S001,P0006,14,28.07659917967203,-14.07659917967203
2023-11-15,S003,P0012,193,131.30976804197616,61.690231958023844
2023-11-15,S001,P0015,76,131.82196033575718,-55.82196033575718
2023-11-15,S004,P0008,159,229.754106139543,-70.75410613954301
2023-11-15,S003,P0001,228,180.2568302868748,47.74316971312521
2023-11-15,S001,P0001,55,42.587601139102674,12.412398860897326
2023-11-15,S004,P0006,224,189.02422883078776,34.97577116921224
2023-11-15,S005,P0006,29,164.3825850910249,-135.3825850910249
2023-11-15,S004,P0002,220,113.85983766510668,106.14016233489332
2023-11-15,S003,P0010,45,177.21485639723522,-132.21485639723522
2023-11-16,S005,P0009,31,44.37987201551783,-13.379872015517833
2023-11-16,S004,P0011,245,128.8837552381816,116.1162447618184
2023-11-16,S004,P0016,149,95.0144005531634,53.9855994468366
2023-11-16,S005,P0018,89,123.83220312502806,-34.83220312502806
2023-11-16,S004,P0020,74,98.16108100547046,-24.161081005470464
2023-11-16,S004,P0015,28,68.79771803357988,-40.79771803357988
2023-11-16,S004,P0007,107,102.63399413299868,4.36600586700132
2023-11-16,S002,P0019,339,204.5904402165208,134.4095597834792
2023-11-16,S002,P0005,381,242.7212669079325,138.2787330920675
2023-11-16,S003,P0011,65,175.33877954898617,-110.33877954898617
2023-11-16,S005,P0006,18,47.44117895743369,-29.441178957433692
2023-11-16,S004,P0010,6,54.31543998699976,-48.31543998699976
2023-11-16,S003,P0010,245,132.43092002100576,112.56907997899424
2023-11-16,S003,P0005,55,66.80124918808258,-11.80124918808258
2023-11-16,S004,P0009,6,36.91316511498883,-30.91316511498883
2023-11-16,S002,P0017,130,206.16758589360876,-76.16758589360876
2023-11-16,S002,P0018,123,129.7765842519383,-6.776584251938289
2023-11-16,S001,P0007,17,144.30040932646762,-127.30040932646762
2023-11-16,S002,P0015,133,144.3690578871325,-11.369057887132499
2023-11-16,S002,P0007,32,28.309183292781825,3.6908167072181755
2023-11-16,S003,P0006,154,146.84805280377395,7.151947196226047
2023-11-16,S005,P0016,145,202.677098403706,-57.677098403706
2023-11-16,S004,P0002,161,100.02745200462897,60.97254799537103
2023-11-16,S004,P0019,135,70.24825429773858,64.75174570226142
2023-11-16,S005,P0003,244,140.37442895206243,103.62557104793757
2023-11-16,S004,P0006,36,27.778074025495187,8.221925974504813
2023-11-16,S003,P0013,236,132.25323435120532,103.74676564879468
2023-11-16,S001,P0001,49,79.65446428278227,-30.65446428278227
2023-11-16,S001,P0005,125,73.38559830943791,51.61440169056209
2023-11-16,S002,P0011,46,153.32578430674505,-107.32578430674505
2023-11-16,S005,P0019,239,151.84157317955498,87.15842682044502
2023-11-16,S002,P0010,1,162.99041426563895,-161.99041426563895
2023-11-16,S004,P0013,269,168.3587767943538,100.64122320564621
2023-11-16,S003,P0018,121,156.77489044453,-35.77489044453
2023-11-16,S004,P0018,194,213.98994412211414,-19.98994412211414
2023-11-16,S003,P0017,396,244.09611136273503,151.90388863726497
2023-11-16,S002,P0009,94,63.781312969788985,30.218687030211015
2023-11-16,S002,P0013,131,158.69507531882851,-27.695075318828515
2023-11-16,S002,P0002,97,63.33638915619383,33.66361084380617
2023-11-16,S005,P0007,5,27.72818529720945,-22.72818529720945
2023-11-16,S004,P0001,243,123.79954391463127,119.20045608536873
2023-11-16,S005,P0005,310,171.17778022720717,138.82221977279283
2023-11-16,S003,P0019,299,192.16117304072128,106.83882695927872
2023-11-16,S005,P0020,414,234.0908566230592,179.9091433769408
2023-11-16,S002,P0003,190,132.9925181053747,57.0074818946253
2023-11-16,S005,P0002,19,64.27013238221821,-45.27013238221821
2023-11-16,S005,P0013,45,140.40135989770448,-95.40135989770448
2023-11-16,S001,P0017,132,212.66279175054478,-80.66279175054478
2023-11-16,S001,P0002,62,82.01546954883037,-20.015469548830367
2023-11-16,S002,P0016,332,237.77163052644386,94.22836947355614
2023-11-16,S002,P0004,73,96.99016808093131,-23.990168080931312
2023-11-16,S001,P0012,67,41.82432189717957,25.175678102820427
2023-11-16,S005,P0015,166,190.29986884353673,-24.29986884353673
2023-11-16,S004,P0008,215,192.06023330412404,22.93976669587596
2023-11-16,S001,P0014,62,78.98045869898829,-16.980458698988286
2023-11-16,S005,P0008,97,231.09504876260002,-134.09504876260002
2023-11-16,S005,P0010,120,93.50763732478237,26.492362675217635
2023-11-16,S004,P0017,116,228.83140131170063,-112.83140131170063
2023-11-16,S004,P0012,18,170.9205114325688,-152.9205114325688
2023-11-16,S005,P0011,254,133.798626731331,120.20137326866899
2023-11-16,S005,P0014,172,140.98845650655585,31.01154349344415
2023-11-16,S001,P0004,286,221.09637285575064,64.90362714424936
2023-11-16,S001,P0011,35,183.8184987426169,-148.8184987426169
2023-11-16,S004,P0005,14,103.22945689355583,-89.22945689355583
2023-11-16,S001,P0016,269,156.70790410029883,112.29209589970117
2023-11-16,S002,P0006,338,237.44593687047586,100.55406312952414
2023-11-16,S002,P0014,263,162.25010802914244,100.74989197085756
2023-11-16,S004,P0004,180,102.74798554776618,77.25201445223382
2023-11-16,S001,P0015,79,54.48618787645967,24.513812123540333
2023-11-16,S003,P0008,312,249.6543964344295,62.345603565570514
2023-11-16,S003,P0001,172,234.40678496294623,-62.40678496294623
2023-11-16,S001,P0013,285,201.96610119764296,83.03389880235704
2023-11-16,S001,P0010,237,200.6964477493193,36.303552250680696
2023-11-16,S003,P0003,324,231.99289295931118,92.00710704068882
2023-11-16,S003,P0012,53,69.29930841605517,-16.29930841605517
2023-11-16,S005,P0004,420,235.4617865546207,184.5382134453793
2023-11-16,S001,P0020,32,149.81206842805716,-117.81206842805716
2023-11-16,S002,P0008,237,230.7101851525132,6.289814847486809
2023-11-16,S001,P0006,26,125.16392986460448,-99.16392986460448
2023-11-16,S005,P0017,272,152.76760646876744,119.23239353123256
2023-11-16,S003,P0020,327,194.6340438246678,132.3659561753322
2023-11-16,S001,P0019,25,93.77595211585486,-68.77595211585486
2023-11-16,S002,P0001,22,26.482979392129607,-4.482979392129607
2023-11-16,S001,P0008,215,151.05942077843866,63.940579221561336
2023-11-16,S005,P0001,28,51.4431181165217,-23.443118116521703
2023-11-16,S003,P0014,6,29.026457104757355,-23.026457104757355
2023-11-16,S003,P0009,87,124.39557186138643,-37.39557186138643
2023-11-16,S003,P0007,44,89.58696731160768,-45.58696731160768
2023-11-16,S001,P0003,27,28.798995027389537,-1.7989950273895374
2023-11-16,S001,P0009,39,203.63899228772277,-164.63899228772277
2023-11-16,S003,P0016,238,207.45174736373167,30.54825263626833
2023-11-16,S002,P0020,7,80.45536559469298,-73.45536559469298
2023-11-16,S002,P0012,67,120.44910607362885,-53.449106073628855
2023-11-16,S003,P0015,12,75.25698853185514,-63.25698853185514
2023-11-16,S004,P0014,91,139.80506396243135,-48.80506396243135
2023-11-16,S003,P0004,32,127.72311546461276,-95.72311546461276
2023-11-16,S005,P0012,115,193.36031609046103,-78.36031609046103
2023-11-17,S002,P0003,21,188.35337609570178,-167.35337609570178
2023-11-17,S005,P0015,311,206.77351045559152,104.22648954440848
2023-11-17,S003,P0013,96,171.4375148851268,-75.4375148851268
2023-11-17,S005,P0001,91,52.586887912342036,38.413112087657964
2023-11-17,S004,P0001,14,83.13972686774423,-69.13972686774423
2023-11-17,S004,P0009,89,57.28546205347948,31.714537946520522
2023-11-17,S003,P0012,138,232.32166247975243,-94.32166247975243
2023-11-17,S002,P0002,88,78.95149596145825,9.04850403854175
2023-11-17,S002,P0009,93,71.11050824105217,21.889491758947827
2023-11-17,S002,P0013,104,99.94279437857597,4.057205621424032
2023-11-17,S001,P0013,130,163.41535940682218,-33.415359406822176
2023-11-17,S003,P0015,310,211.8726464902084,98.12735350979159
2023-11-17,S004,P0013,9,27.531384123439295,-18.531384123439295
2023-11-17,S001,P0019,92,130.2332236832271,-38.233223683227095
2023-11-17,S003,P0008,67,168.42320456651112,-101.42320456651112
2023-11-17,S002,P0001,189,144.46007613710924,44.53992386289076
2023-11-17,S004,P0018,71,50.80900590102283,20.19099409897717
2023-11-17,S002,P0011,74,45.56561580946402,28.43438419053598
2023-11-17,S005,P0017,115,98.15240305028533,16.84759694971467
2023-11-17,S001,P0008,158,91.12229797611963,66.87770202388037
2023-11-17,S003,P0019,221,162.57514568661685,58.42485431338315
2023-11-17,S003,P0018,130,95.81800184431921,34.18199815568079
2023-11-17,S004,P0016,40,31.223894581394404,8.776105418605596
2023-11-17,S005,P0012,43,133.69252290154714,-90.69252290154714
2023-11-17,S005,P0008,30,65.39162409154022,-35.39162409154022
2023-11-17,S004,P0014,119,83.78220569764642,35.21779430235358
2023-11-17,S003,P0010,22,95.3715007488455,-73.3715007488455
2023-11-17,S001,P0014,36,66.90643195394176,-30.906431953941762
2023-11-17,S005,P0006,21,74.8073584593426,-53.807358459342595
2023-11-17,S003,P0002,237,132.6304964675801,104.36950353241991
2023-11-17,S004,P0008,34,96.51127494984217,-62.511274949842175
2023-11-17,S005,P0018,219,245.19381402265515,-26.193814022655147
2023-11-17,S003,P0009,141,78.31930418917074,62.68069581082926
2023-11-17,S005,P0013,54,101.6682599353806,-47.668259935380604
2023-11-17,S005,P0020,252,234.00189332467545,17.99810667532455
2023-11-17,S003,P0011,218,127.20149925066158,90.79850074933842
2023-11-17,S001,P0020,85,86.27982561021383,-1.279825610213834
2023-11-17,S004,P0011,249,249.3906366553573,-0.39063665535729797
2023-11-17,S002,P0019,43,25.5893505124111,17.4106494875889
2023-11-17,S005,P0004,82,47.37890341333991,34.62109658666009
2023-11-17,S003,P0006,150,85.38429163052228,64.61570836947772
2023-11-17,S003,P0004,47,49.220191513428915,-2.220191513428915
2023-11-17,S003,P0001,220,182.8060079013644,37.19399209863559
2023-11-17,S005,P0014,252,183.44611729561097,68.55388270438903
2023-11-17,S002,P0006,154,221.690803453966,-67.690803453966
2023-11-17,S001,P0016,46,101.58360715267582,-55.583607152675825
2023-11-17,S002,P0004,15,74.6634404754368,-59.6634404754368
2023-11-17,S001,P0005,24,35.64194701132948,-11.641947011329478
2023-11-17,S001,P0012,126,134.88045136693648,-8.880451366936484
2023-11-17,S003,P0020,295,236.285321855586,58.714678144413995
2023-11-17,S002,P0010,270,247.49828482344515,22.501715176554853
2023-11-17,S005,P0010,107,244.2989076600524,-137.2989076600524
2023-11-17,S003,P0017,69,73.69973187666699,-4.699731876666988
2023-11-17,S005,P0011,24,25.77310273967936,-1.7731027396793593
2023-11-17,S001,P0004,444,241.5278897615999,202.4721102384001
2023-11-17,S005,P0007,264,133.93716462462294,130.06283537537706
2023-11-17,S004,P0012,40,85.72001226630897,-45.72001226630897
2023-11-17,S001,P0018,227,211.17582125340766,15.824178746592338
2023-11-17,S004,P0017,22,40.4700065925187,-18.4700065925187
2023-11-17,S005,P0005,61,39.62318017410962,21.37681982589038
2023-11-17,S002,P0012,47,105.03534638328159,-58.03534638328159
2023-11-17,S002,P0018,38,45.70224175223353,-7.702241752233533
2023-11-17,S001,P0009,152,224.2748264138508,-72.2748264138508
2023-11-17,S002,P0005,77,65.20994786217125,11.790052137828752
2023-11-17,S003,P0014,152,166.1090607719059,-14.109060771905888
2023-11-17,S003,P0016,54,195.43408237715147,-141.43408237715147
2023-11-17,S002,P0020,30,103.63259676961161,-73.63259676961161
2023-11-17,S004,P0020,127,171.87293612140815,-44.872936121408145
2023-11-17,S004,P0015,205,113.98023111438977,91.01976888561023
2023-11-17,S004,P0007,52,31.334708253986662,20.665291746013338
2023-11-17,S005,P0009,19,205.89223757548086,-186.89223757548086
2023-11-17,S001,P0003,126,86.35650752317855,39.64349247682145
2023-11-17,S004,P0010,186,171.36183696971955,14.638163030280452
2023-11-17,S003,P0005,96,64.71345928964854,31.28654071035146
2023-11-17,S005,P0016,21,44.26136424524486,-23.261364245244863
2023-11-17,S002,P0016,344,190.6713800624297,153.3286199375703
2023-11-17,S004,P0019,165,115.74738591234552,49.25261408765448
2023-11-17,S005,P0019,185,101.1574209797335,83.8425790202665
2023-11-17,S004,P0003,68,44.106210362142974,23.893789637857026
2023-11-17,S004,P0002,102,169.4110868094183,-67.4110868094183
2023-11-17,S001,P0006,142,228.4396696084766,-86.4396696084766
2023-11-17,S001,P0015,78,71.25607134535079,6.74392865464921
2023-11-17,S001,P0002,53,128.251741142941,-75.251741142941
2023-11-17,S001,P0007,179,232.7381857560419,-53.7381857560419
2023-11-17,S003,P0003,120,179.692041279239,-59.69204127923899
2023-11-17,S002,P0015,103,81.09634197274966,21.903658027250344
2023-11-17,S004,P0006,276,230.22145472165755,45.77854527834245
2023-11-17,S005,P0002,202,189.5893592023354,12.410640797664598
2023-11-17,S002,P0017,74,89.28172954042026,-15.281729540420258
2023-11-17,S001,P0010,97,114.33058617534266,-17.33058617534266
2023-11-17,S002,P0008,69,80.66055097584223,-11.660550975842227
2023-11-17,S003,P0007,109,200.18841229036957,-91.18841229036957
2023-11-17,S004,P0005,101,59.31210214070791,41.68789785929209
2023-11-17,S002,P0014,167,149.44748461800617,17.552515381993828
2023-11-17,S004,P0004,407,227.1424557299951,179.8575442700049
2023-11-17,S002,P0007,94,188.36849964252508,-94.36849964252508
2023-11-17,S001,P0011,35,70.66115093538906,-35.66115093538906
2023-11-17,S005,P0003,64,64.00858000474864,-0.008580004748637293
2023-11-17,S001,P0001,416,222.34384956228712,193.65615043771288
2023-11-17,S001,P0017,216,137.2319064901427,78.7680935098573
2023-11-18,S002,P0001,363,195.78225775577266,167.21774224422734
2023-11-18,S004,P0007,18,151.64298084810747,-133.64298084810747
2023-11-18,S005,P0009,130,118.28108557802574,11.718914421974262
2023-11-18,S004,P0009,44,195.80679491898798,-151.80679491898798
2023-11-18,S004,P0018,293,224.75715336664,68.24284663335999
2023-11-18,S004,P0017,140,178.11020907391867,-38.11020907391867
2023-11-18,S004,P0010,27,65.5634799175536,-38.56347991755359
2023-11-18,S001,P0002,253,175.94741640091434,77.05258359908566
2023-11-18,S003,P0002,296,179.39518255819291,116.60481744180709
2023-11-18,S003,P0012,119,113.93431173007701,5.065688269922987
2023-11-18,S001,P0016,79,202.16278977849902,-123.16278977849902
2023-11-18,S004,P0008,407,203.12045348808158,203.87954651191842
2023-11-18,S002,P0015,2,60.887481637692645,-58.887481637692645
2023-11-18,S002,P0010,57,48.597979978751425,8.402020021248575
2023-11-18,S005,P0014,93,64.49857992232279,28.50142007767721
2023-11-18,S003,P0010,71,53.809973277234974,17.190026722765026
2023-11-18,S003,P0003,16,27.934335733789055,-11.934335733789055
2023-11-18,S003,P0009,360,236.57166213163924,123.42833786836076
2023-11-18,S003,P0004,42,47.68270401827937,-5.682704018279367
2023-11-18,S003,P0011,352,195.0970660973682,156.9029339026318
2023-11-18,S002,P0011,113,70.67531573213813,42.32468426786187
2023-11-18,S001,P0020,56,69.9393609565468,-13.939360956546807
2023-11-18,S002,P0002,186,116.63588215184978,69.36411784815022
2023-11-18,S001,P0009,145,188.18425661293293,-43.18425661293293
2023-11-18,S005,P0016,147,216.54582413343041,-69.54582413343041
2023-11-18,S001,P0003,201,178.14652851406004,22.853471485939963
2023-11-18,S001,P0004,81,83.80603656697735,-2.8060365669773546
2023-11-18,S001,P0015,92,169.45540904086914,-77.45540904086914
2023-11-18,S002,P0003,101,50.543082463480516,50.456917536519484
2023-11-18,S005,P0011,3,74.00819569603215,-71.00819569603215
2023-11-18,S005,P0002,12,46.61547989786936,-34.61547989786936
2023-11-18,S004,P0015,69,46.16225546943525,22.83774453056475
2023-11-18,S005,P0010,98,69.83238369856383,28.16761630143617
2023-11-18,S002,P0012,370,194.71786052935346,175.28213947064654
2023-11-18,S005,P0005,44,238.29779961781924,-194.29779961781924
2023-11-18,S003,P0017,58,50.03331534039222,7.966684659607779
2023-11-18,S001,P0005,35,56.75456298185759,-21.75456298185759
2023-11-18,S003,P0014,73,78.43498214366667,-5.434982143666673
2023-11-18,S001,P0008,60,112.82091806212907,-52.82091806212907
2023-11-18,S002,P0017,21,192.9250835682813,-171.9250835682813
2023-11-18,S004,P0002,16,71.02828882887536,-55.02828882887536
2023-11-18,S001,P0001,223,192.7303724423881,30.269627557611898
2023-11-18,S004,P0013,123,60.95563944417523,62.04436055582477
2023-11-18,S005,P0003,102,223.76407596372815,-121.76407596372815
2023-11-18,S004,P0001,66,113.3809995536825,-47.3809995536825
2023-11-18,S003,P0005,152,173.05552964092544,-21.055529640925442
2023-11-18,S005,P0018,4,26.67538402777501,-22.67538402777501
2023-11-18,S003,P0018,336,198.13855125051396,137.86144874948604
2023-11-18,S005,P0020,199,139.48162277452155,59.518377225478446
2023-11-18,S002,P0020,56,30.15681452903067,25.84318547096933
2023-11-18,S003,P0016,222,198.5435030375579,23.45649696244209
2023-11-18,S002,P0016,219,111.3367189173336,107.6632810826664
2023-11-18,S004,P0012,52,147.02958020418794,-95.02958020418794
2023-11-18,S003,P0015,298,151.54039810242534,146.45960189757466
2023-11-18,S001,P0014,136,242.96053678116658,-106.96053678116658
2023-11-18,S003,P0001,40,39.28942318058063,0.7105768194193729
2023-11-18,S001,P0019,59,227.56095320016294,-168.56095320016294
2023-11-18,S005,P0001,329,204.78850883098153,124.21149116901847
2023-11-18,S005,P0017,193,193.0035748913088,-0.003574891308801398
2023-11-18,S005,P0008,52,89.9280953608635,-37.928095360863495
2023-11-18,S003,P0008,114,82.4983878116251,31.501612188374907
2023-11-18,S005,P0013,112,62.4915831864281,49.5084168135719
2023-11-18,S004,P0020,395,223.52160435671368,171.47839564328632
2023-11-18,S005,P0015,137,85.80016654023518,51.19983345976482
2023-11-18,S001,P0010,70,201.7315623914028,-131.7315623914028
2023-11-18,S001,P0006,253,196.63419033447155,56.365809665528445
2023-11-18,S004,P0005,196,109.53346258485243,86.46653741514757
2023-11-18,S002,P0014,201,205.25519245448277,-4.255192454482767
2023-11-18,S002,P0008,55,42.4450429491792,12.554957050820803
2023-11-18,S001,P0011,194,192.55806107209952,1.4419389279004804
2023-11-18,S004,P0003,102,110.08812484453932,-8.088124844539323
2023-11-18,S002,P0004,410,227.86585820876462,182.13414179123538
2023-11-18,S003,P0013,264,187.44197437677553,76.55802562322447
2023-11-18,S004,P0004,273,141.59366652648015,131.40633347351985
2023-11-18,S005,P0007,3,92.9849824238687,-89.9849824238687
2023-11-18,S002,P0007,97,85.68257148108472,11.317428518915278
2023-11-18,S005,P0004,292,153.95101085384522,138.04898914615478
2023-11-18,S002,P0005,126,61.626737482566,64.373262517434
2023-11-18,S003,P0020,84,72.85804179259634,11.141958207403661
2023-11-18,S004,P0016,274,227.72321616922392,46.27678383077608
2023-11-18,S003,P0007,112,67.08678598145752,44.913214018542476
2023-11-18,S002,P0018,186,190.6303969178524,-4.6303969178524085
2023-11-18,S004,P0006,391,233.70503910455182,157.29496089544818
2023-11-18,S002,P0019,66,143.3589523805294,-77.35895238052939
2023-11-18,S001,P0017,69,88.46244672743268,-19.462446727432678
2023-11-18,S002,P0009,10,45.004064724570696,-35.004064724570696
2023-11-18,S005,P0012,426,226.8443993563535,199.1556006436465
2023-11-18,S004,P0011,71,93.40992454683328,-22.40992454683328
2023-11-18,S004,P0019,32,37.33667361419475,-5.336673614194751
2023-11-18,S004,P0014,158,154.9492746605884,3.050725339411599
2023-11-18,S005,P0006,83,109.42721233220885,-26.427212332208853
2023-11-18,S001,P0012,68,201.1731276386223,-133.1731276386223
2023-11-18,S005,P0019,210,211.64623758568047,-1.646237585680467
2023-11-18,S003,P0019,74,36.108643339360526,37.891356660639474
2023-11-18,S002,P0013,261,216.60129670709864,44.39870329290136
2023-11-18,S002,P0006,200,106.36370051910575,93.63629948089425
2023-11-18,S003,P0006,408,231.76330069063476,176.23669930936524
2023-11-18,S001,P0007,68,34.11738659072313,33.88261340927687
2023-11-19,S003,P0003,217,216.38121152978863,0.6187884702113706
2023-11-19,S005,P0004,13,113.74116183130297,-100.74116183130297
2023-11-19,S004,P0014,39,51.77219012374832,-12.772190123748317
2023-11-19,S002,P0008,68,91.15685020773935,-23.156850207739353
2023-11-19,S005,P0012,188,187.7552799954272,0.2447200045727982
2023-11-19,S001,P0011,34,42.43400865574938,-8.43400865574938
2023-11-19,S001,P0010,423,239.87894513014356,183.12105486985644
2023-11-19,S001,P0020,96,60.6892940232741,35.3107059767259
2023-11-19,S004,P0003,146,179.61540820402706,-33.61540820402706
2023-11-19,S004,P0004,353,190.44598506956152,162.55401493043848
2023-11-19,S003,P0004,173,105.13276598413347,67.86723401586653
2023-11-19,S005,P0014,184,185.68416238965386,-1.6841623896538636
2023-11-19,S005,P0020,82,155.62813592931656,-73.62813592931656
2023-11-19,S003,P0020,226,200.19133702271188,25.808662977288122
2023-11-19,S003,P0009,274,173.50659846768275,100.49340153231725
2023-11-19,S002,P0003,74,138.6488777315476,-64.6488777315476
2023-11-19,S002,P0011,97,100.17358216075166,-3.173582160751664
2023-11-19,S003,P0015,38,30.810550180926555,7.189449819073445
2023-11-19,S001,P0016,47,74.53188097891524,-27.53188097891524
2023-11-19,S002,P0001,171,92.45052086054415,78.54947913945585
2023-11-19,S001,P0019,164,116.95179946899515,47.04820053100485
2023-11-19,S005,P0015,63,119.54134911103944,-56.54134911103944
2023-11-19,S003,P0019,251,145.46168137434165,105.53831862565835
2023-11-19,S005,P0001,300,206.2607138344714,93.7392861655286
2023-11-19,S005,P0007,110,194.698279334385,-84.698279334385
2023-11-19,S005,P0017,105,160.4481067093672,-55.44810670936721
2023-11-19,S005,P0008,143,84.3236254716656,58.67637452833441
2023-11-19,S002,P0018,158,217.2392068133824,-59.239206813382395
2023-11-19,S004,P0008,12,178.13186948968013,-166.13186948968013
2023-11-19,S001,P0013,71,154.01154496113753,-83.01154496113753
2023-11-19,S001,P0017,12,100.54569329886289,-88.54569329886289
2023-11-19,S005,P0013,102,196.19694054820576,-94.19694054820576
2023-11-19,S004,P0012,25,192.18622384275398,-167.18622384275398
2023-11-19,S005,P0011,5,37.89567125313505,-32.89567125313505
2023-11-19,S004,P0002,197,99.54951894478887,97.45048105521113
2023-11-19,S003,P0010,29,243.45112808245284,-214.45112808245284
2023-11-19,S001,P0001,105,169.84336298210962,-64.84336298210962
2023-11-19,S002,P0017,37,131.5722664045104,-94.5722664045104
2023-11-19,S002,P0019,129,75.04040680368286,53.959593196317144
2023-11-19,S004,P0013,245,191.01057285476907,53.989427145230934
2023-11-19,S004,P0018,24,174.41419743537995,-150.41419743537995
2023-11-19,S003,P0007,286,216.52758334831032,69.47241665168968
2023-11-19,S005,P0003,55,34.392975733350454,20.607024266649546
2023-11-19,S003,P0011,88,49.89630892048717,38.10369107951283
2023-11-19,S005,P0018,100,86.29180642629393,13.708193573706069
2023-11-19,S004,P0009,329,175.149220957936,153.850779042064
2023-11-19,S002,P0006,96,71.94760015370167,24.05239984629833
2023-11-19,S003,P0018,30,102.61342672434722,-72.61342672434722
2023-11-19,S002,P0013,72,42.94581078571639,29.05418921428361
2023-11-19,S003,P0006,78,55.3600006740557,22.639999325944302
2023-11-19,S004,P0001,335,237.91442733655748,97.08557266344252
2023-11-19,S002,P0015,106,190.24814046411257,-84.24814046411257
2023-11-19,S002,P0007,53,71.25110205150821,-18.251102051508212
2023-11-19,S001,P0007,157,214.08359172266609,-57.083591722666085
2023-11-19,S001,P0004,219,175.899802640543,43.10019735945701
2023-11-19,S001,P0012,60,137.05404268852192,-77.05404268852192
2023-11-19,S001,P0018,319,219.41148186488618,99.58851813511382
2023-11-19,S003,P0016,31,110.45480369463905,-79.45480369463905
2023-11-19,S002,P0020,354,179.35088026336973,174.64911973663027
2023-11-19,S004,P0017,110,223.7293585270669,-113.72935852706689
2023-11-19,S002,P0005,38,40.13875988278181,-2.1387598827818124
2023-11-19,S005,P0002,88,147.3709178792035,-59.37091787920349
2023-11-19,S004,P0010,150,201.27193328959885,-51.27193328959885
2023-11-19,S005,P0009,7,82.05435020097428,-75.05435020097428
2023-11-19,S004,P0015,55,92.85634847598266,-37.85634847598266
2023-11-19,S001,P0002,135,244.99213811848387,-109.99213811848387
2023-11-19,S005,P0005,40,191.66089827269718,-151.66089827269718
2023-11-19,S005,P0016,117,75.76927220427825,41.23072779572175
2023-11-19,S003,P0017,361,204.06767822366817,156.93232177633183
2023-11-19,S002,P0010,50,26.430510081843465,23.569489918156535
2023-11-19,S001,P0005,96,83.013434068599,12.986565931401003
2023-11-19,S002,P0004,20,64.29417099842783,-44.29417099842783
2023-11-19,S001,P0008,92,141.3809500238105,-49.3809500238105
2023-11-19,S003,P0013,169,93.56809745264701,75.43190254735299
2023-11-19,S002,P0014,207,157.8318337184288,49.16816628157119
2023-11-19,S003,P0001,15,39.62273060069879,-24.622730600698787
2023-11-19,S003,P0012,55,146.77211702281193,-91.77211702281193
2023-11-19,S003,P0005,169,165.29321359859404,3.7067864014059637
2023-11-19,S002,P0012,215,128.74040103378883,86.25959896621117
2023-11-19,S004,P0007,212,181.34303464186752,30.65696535813248
2023-11-19,S004,P0006,287,207.1760683227152,79.8239316772848
2023-11-19,S004,P0020,15,46.57358907745953,-31.57358907745953
2023-11-19,S005,P0010,253,151.88090787353292,101.11909212646708
2023-11-19,S004,P0016,18,37.38321133308784,-19.383211333087843
2023-11-19,S003,P0008,33,36.27861724252085,-3.278617242520852
2023-11-19,S005,P0006,28,44.036065932647034,-16.036065932647034
2023-11-19,S005,P0019,67,154.59342812596913,-87.59342812596913
2023-11-19,S004,P0019,177,214.3975447303211,-37.3975447303211
2023-11-19,S002,P0002,11,83.13018298013344,-72.13018298013344
2023-11-19,S002,P0009,431,247.71732746549543,183.28267253450457
2023-11-19,S001,P0006,103,227.09356340582218,-124.09356340582218
2023-11-19,S002,P0016,86,68.6011342424377,17.398865757562305
2023-11-19,S003,P0002,176,93.46523992681824,82.53476007318176
2023-11-19,S001,P0015,76,79.1119494189993,-3.111949418999302
2023-11-19,S001,P0009,255,174.32093726694603,80.67906273305397
2023-11-19,S003,P0014,115,94.28548548549549,20.714514514504515
2023-11-19,S004,P0011,29,45.04259070840044,-16.04259070840044
2023-11-19,S001,P0003,135,100.7238656014664,34.2761343985336
2023-11-19,S001,P0014,217,201.16897158224492,15.831028417755078
2023-11-19,S004,P0005,38,141.81964652241436,-103.81964652241436
2023-11-20,S003,P0003,286,243.96352978866327,42.036470211336734
2023-11-20,S004,P0002,45,227.53158399696213,-182.53158399696213
2023-11-20,S001,P0018,115,181.29426109120635,-66.29426109120635
2023-11-20,S001,P0004,54,51.675099615480576,2.324900384519424
2023-11-20,S005,P0011,108,72.2599987109848,35.7400012890152
2023-11-20,S002,P0013,466,233.7152281439367,232.2847718560633
2023-11-20,S001,P0005,82,237.2168771150686,-155.2168771150686
2023-11-20,S002,P0006,68,149.81195994530663,-81.81195994530663
2023-11-20,S002,P0004,70,35.65732445678009,34.34267554321991
2023-11-20,S004,P0019,97,71.31531346856417,25.68468653143583
2023-11-20,S004,P0009,254,234.42472481232,19.575275187680006
2023-11-20,S004,P0005,20,210.38481712644318,-190.38481712644318
2023-11-20,S004,P0003,40,168.05874603835952,-128.05874603835952
2023-11-20,S003,P0006,23,74.20153935313243,-51.20153935313243
2023-11-20,S003,P0007,154,176.26051917282444,-22.260519172824445
2023-11-20,S002,P0008,25,85.98585982427159,-60.985859824271586
2023-11-20,S003,P0010,317,215.5132079658909,101.4867920341091
2023-11-20,S002,P0015,147,150.87066224315885,-3.870662243158847
2023-11-20,S001,P0011,331,185.6837494597779,145.3162505402221
2023-11-20,S002,P0002,91,111.44045858030233,-20.440458580302334
2023-11-20,S002,P0014,158,196.46042350842833,-38.460423508428335
2023-11-20,S001,P0003,144,141.9166251093236,2.083374890676396
2023-11-20,S002,P0007,288,220.4337773068048,67.56622269319519
2023-11-20,S001,P0006,147,201.18969668936052,-54.18969668936052
2023-11-20,S002,P0019,63,51.30774328376975,11.692256716230247
2023-11-20,S005,P0005,347,200.733497517893,146.266502482107
2023-11-20,S004,P0013,17,42.5160380718695,-25.516038071869502
2023-11-20,S005,P0010,178,206.89351316719404,-28.893513167194044
2023-11-20,S004,P0015,325,194.8344580959639,130.1655419040361
2023-11-20,S002,P0017,75,195.14186658253988,-120.14186658253988
2023-11-20,S005,P0009,256,142.6830974495336,113.31690255046641
2023-11-20,S001,P0001,365,231.93055085480057,133.06944914519943
2023-11-20,S004,P0018,223,155.96981114497117,67.03018885502883
2023-11-20,S003,P0014,163,86.38440489374392,76.61559510625608
2023-11-20,S005,P0003,169,92.33317007027966,76.66682992972034
2023-11-20,S004,P0001,128,141.215798337038,-13.215798337037995
2023-11-20,S004,P0010,256,133.60235884667617,122.39764115332383
2023-11-20,S003,P0011,15,34.42636279720966,-19.426362797209663
2023-11-20,S005,P0002,64,223.2543913269041,-159.2543913269041
2023-11-20,S002,P0012,21,44.820227586601675,-23.820227586601675
2023-11-20,S004,P0007,39,55.51668621348256,-16.516686213482558
2023-11-20,S005,P0018,180,180.97156025246545,-0.9715602524654514
2023-11-20,S003,P0017,211,197.88933561865025,13.11066438134975
2023-11-20,S001,P0009,21,145.08236725265857,-124.08236725265857
2023-11-20,S004,P0020,246,208.96685137945224,37.03314862054776
2023-11-20,S003,P0018,81,143.07763918355442,-62.077639183554425
2023-11-20,S002,P0010,70,160.9052387731831,-90.9052387731831
2023-11-20,S005,P0020,113,68.02568520110793,44.97431479889207
2023-11-20,S003,P0016,130,73.893241094075,56.106758905925005
2023-11-20,S005,P0019,94,119.57823853732651,-25.578238537326513
2023-11-20,S003,P0005,53,82.15359556002738,-29.153595560027384
2023-11-20,S004,P0012,171,159.74483905624714,11.255160943752855
2023-11-20,S002,P0016,154,158.53351465046677,-4.5335146504667705
2023-11-20,S002,P0020,331,214.02583147128007,116.97416852871993
2023-11-20,S001,P0008,144,244.1462405867942,-100.14624058679419
2023-11-20,S004,P0006,49,27.04794745530836,21.95205254469164
2023-11-20,S001,P0012,26,150.4875220091426,-124.4875220091426
2023-11-20,S005,P0006,74,38.02548109648802,35.97451890351198
2023-11-20,S005,P0008,268,209.4884855420907,58.5115144579093
2023-11-20,S005,P0004,179,193.76484399175843,-14.764843991758426
2023-11-20,S001,P0010,61,33.89768927507049,27.10231072492951
2023-11-20,S005,P0007,35,39.29929025413776,-4.299290254137759
2023-11-20,S005,P0012,281,203.90628052008623,77.09371947991377
2023-11-20,S005,P0017,163,112.94006994540035,50.05993005459965
2023-11-20,S004,P0014,94,54.35204844785022,39.64795155214978
2023-11-20,S003,P0012,197,158.86937037912526,38.13062962087474
2023-11-20,S001,P0020,7,85.01483738598284,-78.01483738598284
2023-11-20,S005,P0001,144,143.7497521273998,0.2502478726001982
2023-11-20,S003,P0001,92,95.75300936960582,-3.75300936960582
2023-11-20,S005,P0013,43,150.48292193070694,-107.48292193070694
2023-11-20,S003,P0020,32,101.33569684748733,-69.33569684748733
2023-11-20,S002,P0001,15,82.90819872871276,-67.90819872871276
2023-11-20,S001,P0014,257,149.83619876226902,107.16380123773098
2023-11-20,S001,P0016,114,137.76959417016707,-23.769594170167068
2023-11-20,S002,P0018,215,147.8374166448392,67.16258335516079
2023-11-20,S004,P0011,118,92.65077467902535,25.349225320974654
2023-11-20,S003,P0009,78,186.92555027059433,-108.92555027059433
2023-11-20,S001,P0019,235,204.1941555667977,30.80584443320231
2023-11-20,S001,P0017,387,235.28171068310462,151.71828931689538
2023-11-20,S003,P0015,77,55.76260240768818,21.237397592311822
2023-11-20,S002,P0003,69,119.31729844447187,-50.317298444471874
2023-11-20,S003,P0019,425,231.98730377366957,193.01269622633043
2023-11-20,S003,P0013,136,180.682721018442,-44.68272101844201
2023-11-20,S002,P0011,25,33.92922167310752,-8.92922167310752
2023-11-20,S003,P0002,132,226.20117540346018,-94.20117540346018
2023-11-20,S003,P0008,42,30.47637384009238,11.523626159907622
2023-11-20,S004,P0016,187,177.31010560854497,9.689894391455027
2023-11-20,S003,P0004,107,94.17741928528437,12.822580714715627
2023-11-20,S005,P0014,175,100.84118032394889,74.15881967605111
2023-11-20,S005,P0015,6,205.40364138658396,-199.40364138658396
2023-11-20,S001,P0013,106,164.28133335098266,-58.28133335098266
2023-11-20,S002,P0005,128,217.50710316206977,-89.50710316206977
2023-11-20,S004,P0004,376,188.5112323228136,187.4887676771864
2023-11-20,S001,P0002,349,185.15531822686523,163.84468177313477
2023-11-20,S005,P0016,0,37.74061521215566,-37.74061521215566
2023-11-20,S002,P0009,246,170.72251264496623,75.27748735503377
2023-11-20,S001,P0007,246,126.9513212755312,119.0486787244688
2023-11-20,S001,P0015,71,47.407318327348094,23.592681672651906
2023-11-20,S004,P0017,263,174.6933864966619,88.3066135033381
2023-11-20,S004,P0008,120,154.35559234706318,-34.35559234706318
2023-11-21,S004,P0013,38,185.22984109445173,-147.22984109445173
2023-11-21,S002,P0002,36,26.8499209472717,9.150079052728302
2023-11-21,S002,P0019,29,67.72540002216766,-38.72540002216766
2023-11-21,S002,P0017,8,51.911069431210876,-43.911069431210876
2023-11-21,S001,P0002,330,223.4480608564421,106.55193914355789
2023-11-21,S002,P0018,272,222.9123260329174,49.087673967082594
2023-11-21,S003,P0006,172,103.60668510693284,68.39331489306716
2023-11-21,S001,P0009,8,181.35086140675878,-173.35086140675878
2023-11-21,S004,P0011,390,200.73665693518802,189.26334306481198
2023-11-21,S004,P0006,299,157.4213873513611,141.5786126486389
2023-11-21,S003,P0010,52,229.25956650785696,-177.25956650785696
2023-11-21,S001,P0017,85,45.49427864750015,39.50572135249985
2023-11-21,S003,P0019,158,115.10267181927952,42.89732818072048
2023-11-21,S004,P0002,126,137.80687809431475,-11.806878094314754
2023-11-21,S004,P0005,289,243.15002169244553,45.849978307554466
2023-11-21,S003,P0013,285,151.54681641131407,133.45318358868593
2023-11-21,S001,P0007,45,200.6886910390864,-155.6886910390864
2023-11-21,S003,P0007,130,236.55164537620465,-106.55164537620465
2023-11-21,S001,P0001,21,152.8145003740691,-131.8145003740691
2023-11-21,S005,P0016,379,213.0234213956055,165.9765786043945
2023-11-21,S003,P0020,55,149.55367856827735,-94.55367856827735
2023-11-21,S004,P0009,193,225.08244551537433,-32.08244551537433
2023-11-21,S001,P0018,347,184.77108845896504,162.22891154103496
2023-11-21,S001,P0012,81,132.69166056573494,-51.691660565734935
2023-11-21,S004,P0017,152,135.55063942289473,16.449360577105267
2023-11-21,S005,P0006,196,114.16366172200537,81.83633827799463
2023-11-21,S005,P0019,62,38.26410500118777,23.735894998812228
2023-11-21,S005,P0020,142,208.75537232536283,-66.75537232536283
2023-11-21,S002,P0013,59,64.17217105187837,-5.172171051878365
2023-11-21,S003,P0018,40,197.75595085091823,-157.75595085091823
2023-11-21,S005,P0004,249,152.66038902987435,96.33961097012565
2023-11-21,S005,P0012,78,78.60656221515,-0.6065622151500065
2023-11-21,S004,P0020,31,64.25746275154734,-33.25746275154734
2023-11-21,S003,P0004,28,49.277567063814104,-21.277567063814104
2023-11-21,S002,P0006,101,49.285088301759004,51.714911698240996
2023-11-21,S005,P0018,199,116.73958036234626,82.26041963765374
2023-11-21,S004,P0016,282,228.80917679161814,53.19082320838186
2023-11-21,S002,P0005,93,60.8281477693659,32.1718522306341
2023-11-21,S004,P0019,8,27.854883528092785,-19.854883528092785
2023-11-21,S001,P0020,189,110.80073995648712,78.19926004351288
2023-11-21,S004,P0007,13,35.60388051808155,-22.603880518081553
2023-11-21,S003,P0011,282,219.10403280979818,62.895967190201816
2023-11-21,S002,P0009,208,157.68161744847862,50.31838255152138
2023-11-21,S003,P0002,246,241.9532052091775,4.046794790822503
2023-11-21,S004,P0001,98,71.77016026401395,26.229839735986047
2023-11-21,S005,P0003,64,44.639076710375946,19.360923289624054
2023-11-21,S004,P0014,17,78.86765850342965,-61.86765850342965
2023-11-21,S004,P0018,331,205.88040667121993,125.11959332878007
2023-11-21,S001,P0008,23,59.26440385821161,-36.26440385821161
2023-11-21,S002,P0015,8,163.78209302387722,-155.78209302387722
2023-11-21,S002,P0007,31,61.82304226638365,-30.823042266383652
2023-11-21,S001,P0015,293,221.0075231434456,71.99247685655439
2023-11-21,S001,P0010,67,87.77225174794216,-20.772251747942164
2023-11-21,S001,P0006,70,96.03771826305461,-26.037718263054614
2023-11-21,S002,P0008,190,242.0954393741116,-52.095439374111606
2023-11-21,S001,P0011,32,98.03760899190036,-66.03760899190036
2023-11-21,S004,P0003,72,235.85558954137082,-163.85558954137082
2023-11-21,S002,P0004,317,199.23239895620077,117.76760104379923
2023-11-21,S003,P0005,145,84.8712228468969,60.1287771531031
2023-11-21,S002,P0016,77,182.8567858294532,-105.8567858294532
2023-11-21,S001,P0004,79,64.99444389714665,14.005556102853348
2023-11-21,S005,P0011,100,235.34261805612607,-135.34261805612607
2023-11-21,S003,P0003,311,163.30739121522015,147.69260878477985
2023-11-21,S003,P0016,260,134.0594224795314,125.9405775204686
2023-11-21,S004,P0012,68,38.47506725722178,29.52493274277822
2023-11-21,S002,P0020,340,220.44880688815203,119.55119311184797
2023-11-21,S005,P0014,8,108.52950915230633,-100.52950915230633
2023-11-21,S004,P0004,65,86.80788446776586,-21.80788446776586
2023-11-21,S005,P0015,191,117.83725712885996,73.16274287114004
2023-11-21,S001,P0013,92,115.40565992173237,-23.405659921732365
2023-11-21,S001,P0019,80,80.62742712048401,-0.6274271204840147
2023-11-21,S002,P0011,14,90.3286310265587,-76.3286310265587
2023-11-21,S003,P0015,79,48.845502427035626,30.154497572964374
2023-11-21,S003,P0009,39,78.50236792665925,-39.50236792665925
2023-11-21,S001,P0016,199,237.606624090712,-38.60662409071199
2023-11-21,S002,P0001,145,105.83127941857236,39.168720581427635
2023-11-21,S001,P0014,39,178.3797190125993,-139.3797190125993
2023-11-21,S002,P0012,271,236.77291671921944,34.22708328078056
2023-11-21,S005,P0001,119,174.74616989845362,-55.746169898453616
2023-11-21,S003,P0012,241,137.27193419686466,103.72806580313534
2023-11-21,S005,P0017,179,101.05781826168595,77.94218173831405
2023-11-21,S005,P0008,347,190.6585490081727,156.3414509918273
2023-11-21,S003,P0001,220,127.79952483289418,92.20047516710582
2023-11-21,S005,P0013,75,219.6826055486394,-144.6826055486394
2023-11-21,S004,P0008,156,239.71137253954151,-83.71137253954151
2023-11-21,S003,P0008,92,106.25096937678029,-14.25096937678029
2023-11-21,S002,P0003,17,179.44695225059826,-162.44695225059826
2023-11-21,S004,P0010,17,39.04977310806305,-22.04977310806305
2023-11-21,S002,P0014,275,180.57376638659184,94.42623361340816
2023-11-21,S002,P0010,26,64.31140831992963,-38.311408319929626
2023-11-21,S001,P0005,169,101.85392284678977,67.14607715321023
2023-11-21,S005,P0010,76,42.02510876146698,33.97489123853302
2023-11-21,S005,P0002,42,49.78846219488804,-7.788462194888041
2023-11-21,S003,P0017,147,217.84869669555053,-70.84869669555053
2023-11-21,S005,P0009,110,99.2136765168695,10.786323483130502
2023-11-21,S004,P0015,35,65.63227892549475,-30.632278925494745
2023-11-21,S001,P0003,20,27.597262746777403,-7.597262746777403
2023-11-21,S005,P0005,121,87.79288151922884,33.20711848077116
2023-11-21,S003,P0014,197,157.36830736937327,39.63169263062673
2023-11-22,S003,P0014,142,76.69112376640828,65.30887623359172
2023-11-22,S005,P0006,292,239.51557953057562,52.48442046942438
2023-11-22,S001,P0001,132,75.94639332142077,56.05360667857923
2023-11-22,S002,P0005,128,76.1553320031191,51.8446679968809
2023-11-22,S005,P0013,287,221.42829783822896,65.57170216177104
2023-11-22,S001,P0012,363,196.30482953757553,166.69517046242447
2023-11-22,S001,P0005,113,246.61894889046323,-133.61894889046323
2023-11-22,S005,P0008,106,170.39192542549517,-64.39192542549517
2023-11-22,S003,P0001,4,55.474852666211405,-51.474852666211405
2023-11-22,S004,P0010,401,206.80785032895056,194.19214967104944
2023-11-22,S005,P0004,28,55.50331634731259,-27.50331634731259
2023-11-22,S004,P0008,210,213.80066490177268,-3.8006649017726772
2023-11-22,S004,P0017,3,39.80713693492032,-36.80713693492032
2023-11-22,S001,P0013,80,78.3216917812498,1.6783082187502032
2023-11-22,S002,P0017,463,241.33339700875104,221.66660299124896
2023-11-22,S003,P0004,123,150.24344789665048,-27.24344789665048
2023-11-22,S003,P0008,301,217.19360828520882,83.80639171479118
2023-11-22,S001,P0006,111,108.57290373188755,2.42709626811245
2023-11-22,S005,P0016,320,241.4306000149893,78.5693999850107
2023-11-22,S001,P0016,184,125.3843801735731,58.615619826426894
2023-11-22,S001,P0002,162,95.21391025272754,66.78608974727246
2023-11-22,S003,P0011,133,87.07484066381534,45.92515933618466
2023-11-22,S004,P0004,130,234.25122159101227,-104.25122159101227
2023-11-22,S002,P0009,136,139.72164268190278,-3.721642681902779
2023-11-22,S005,P0012,326,180.81107480625963,145.18892519374037
2023-11-22,S004,P0016,22,40.147287126122535,-18.147287126122535
2023-11-22,S005,P0017,50,49.18486554778491,0.8151344522150907
2023-11-22,S001,P0008,189,98.76360686180209,90.23639313819791
2023-11-22,S002,P0007,2,174.5412253429012,-172.5412253429012
2023-11-22,S003,P0013,98,89.96280313107923,8.037196868920773
2023-11-22,S001,P0019,124,95.52782583702026,28.47217416297974
2023-11-22,S003,P0019,413,241.25423056628773,171.74576943371227
2023-11-22,S001,P0017,75,68.18916458778023,6.810835412219774
2023-11-22,S001,P0003,111,91.80657810879148,19.193421891208516
2023-11-22,S003,P0015,31,60.986833894737856,-29.986833894737856
2023-11-22,S004,P0002,156,151.27507474522122,4.724925254778782
2023-11-22,S003,P0009,152,89.82665956121372,62.17334043878628
2023-11-22,S004,P0011,156,84.80495073582529,71.19504926417471
2023-11-22,S005,P0007,301,216.81924595235859,84.18075404764141
2023-11-22,S002,P0001,234,210.0160712697662,23.9839287302338
2023-11-22,S001,P0014,228,151.52087996551847,76.47912003448153
2023-11-22,S003,P0017,221,138.93249773593806,82.06750226406194
2023-11-22,S003,P0020,276,151.21571001474467,124.78428998525533
2023-11-22,S002,P0018,160,83.7871658384044,76.2128341615956
2023-11-22,S004,P0014,132,127.38585574320348,4.614144256796521
2023-11-22,S005,P0001,16,41.02018783038659,-25.02018783038659
2023-11-22,S002,P0003,193,193.13981400322513,-0.13981400322512627
2023-11-22,S001,P0009,222,191.52741586690973,30.472584133090265
2023-11-22,S001,P0020,94,225.7208250706144,-131.7208250706144
2023-11-22,S003,P0012,194,97.72780297172852,96.27219702827148
2023-11-22,S003,P0002,2,83.66357824818863,-81.66357824818863
2023-11-22,S002,P0010,70,172.19849765779423,-102.19849765779423
2023-11-22,S001,P0015,30,204.40197991533125,-174.40197991533125
2023-11-22,S005,P0015,88,237.50138898290447,-149.50138898290447
2023-11-22,S005,P0009,205,105.45759021917422,99.54240978082578
2023-11-22,S002,P0020,15,59.44300178414818,-44.44300178414818
2023-11-22,S002,P0006,79,140.66120441077612,-61.66120441077612
2023-11-22,S004,P0019,76,238.12595847468089,-162.12595847468089
2023-11-22,S004,P0006,6,216.97977390977212,-210.97977390977212
2023-11-22,S002,P0016,83,110.2101879408836,-27.2101879408836
2023-11-22,S002,P0013,93,237.8578184683849,-144.8578184683849
2023-11-22,S005,P0002,28,77.25807550481858,-49.25807550481858
2023-11-22,S001,P0004,256,170.67775023926328,85.32224976073672
2023-11-22,S001,P0018,144,106.80461065489624,37.19538934510376
2023-11-22,S003,P0006,190,137.3088999323782,52.69110006762179
2023-11-22,S005,P0003,175,172.2942245503308,2.705775449669204
2023-11-22,S005,P0011,213,207.8334661913084,5.166533808691611
2023-11-22,S005,P0020,156,215.7855374283477,-59.78553742834771
2023-11-22,S003,P0003,199,146.81768784535313,52.182312154646866
2023-11-22,S004,P0001,84,211.44916806224262,-127.44916806224262
2023-11-22,S005,P0019,134,220.8673849015293,-86.8673849015293
2023-11-22,S003,P0016,212,199.97601177245184,12.023988227548159
2023-11-22,S003,P0018,166,146.2141800975685,19.785819902431513
2023-11-22,S004,P0012,232,191.2957690336895,40.70423096631049
2023-11-22,S005,P0010,44,222.03258278953308,-178.03258278953308
2023-11-22,S004,P0020,315,178.10710638325105,136.89289361674895
2023-11-22,S002,P0012,199,144.57972030625353,54.420279693746465
2023-11-22,S004,P0007,41,120.36446163126362,-79.36446163126362
2023-11-22,S005,P0018,43,231.75481495988396,-188.75481495988396
2023-11-22,S004,P0015,225,148.49210511500178,76.50789488499822
2023-11-22,S002,P0004,46,84.87043001183844,-38.87043001183844
2023-11-22,S004,P0005,70,119.36516903551217,-49.36516903551217
2023-11-22,S002,P0011,2,89.87132740115351,-87.87132740115351
2023-11-22,S002,P0015,69,69.1272716631612,-0.12727166316119565
2023-11-22,S004,P0018,236,149.36835605500926,86.63164394499074
2023-11-22,S003,P0005,59,47.29748278616012,11.702517213839883
2023-11-22,S002,P0008,153,99.87043767951661,53.12956232048339
2023-11-22,S003,P0007,132,92.32449552680475,39.67550447319525
2023-11-22,S001,P0010,7,159.17240728273237,-152.17240728273237
2023-11-22,S005,P0005,141,122.50283257951207,18.497167420487926
2023-11-22,S005,P0014,31,148.7731941719298,-117.77319417192979
2023-11-22,S004,P0013,10,200.96594774004961,-190.96594774004961
2023-11-22,S001,P0011,130,139.11085547187412,-9.110855471874117
2023-11-22,S003,P0010,387,199.8033754472106,187.1966245527894
2023-11-22,S001,P0007,150,138.0640564567061,11.935943543293888
2023-11-22,S004,P0003,85,112.07178292797681,-27.071782927976813
2023-11-22,S002,P0019,84,170.84501699252934,-86.84501699252934
2023-11-22,S002,P0014,67,201.98503148752764,-134.98503148752764
2023-11-22,S002,P0002,220,147.92376508541543,72.07623491458457
2023-11-23,S001,P0019,281,153.91356714517963,127.08643285482037
2023-11-23,S001,P0017,143,82.85507068523015,60.144929314769854
2023-11-23,S005,P0015,235,245.31751363001348,-10.31751363001348
2023-11-23,S004,P0015,293,171.6963431676246,121.3036568323754
2023-11-23,S004,P0012,204,202.1487276880057,1.8512723119943075
2023-11-23,S001,P0010,118,61.448300541471156,56.551699458528844
2023-11-23,S003,P0010,120,75.03043736040809,44.96956263959191
2023-11-23,S005,P0016,139,135.36312624768254,3.636873752317456
2023-11-23,S004,P0010,31,85.37449148334912,-54.37449148334912
2023-11-23,S003,P0009,21,116.62037419887298,-95.62037419887298
2023-11-23,S003,P0005,144,153.0798689040853,-9.079868904085288
2023-11-23,S002,P0012,21,68.80344103491024,-47.803441034910236
2023-11-23,S003,P0004,62,201.9866350517163,-139.9866350517163
2023-11-23,S004,P0013,30,95.10550356282641,-65.10550356282641
2023-11-23,S004,P0014,230,219.9321014532747,10.067898546725303
2023-11-23,S003,P0007,120,114.64042199681205,5.3595780031879485
2023-11-23,S003,P0006,219,139.99297511743464,79.00702488256536
2023-11-23,S001,P0018,256,172.85662040997386,83.14337959002614
2023-11-23,S001,P0005,135,222.13132609896434,-87.13132609896434
2023-11-23,S002,P0013,246,153.61754425947493,92.38245574052507
2023-11-23,S004,P0011,192,129.21912053942822,62.78087946057178
2023-11-23,S004,P0016,106,96.39166863232447,9.608331367675532
2023-11-23,S001,P0009,121,100.93110938680087,20.06889061319913
2023-11-23,S005,P0007,56,75.52531207287154,-19.525312072871543
2023-11-23,S002,P0014,93,139.81063873523487,-46.810638735234875
2023-11-23,S005,P0008,127,79.00066708016328,47.99933291983672
2023-11-23,S003,P0008,203,140.96576610778368,62.03423389221632
2023-11-23,S001,P0016,94,196.29757510300067,-102.29757510300067
2023-11-23,S005,P0006,167,244.20141184560634,-77.20141184560634
2023-11-23,S001,P0008,206,132.0986780399149,73.90132196008511
2023-11-23,S005,P0001,161,214.37782455022938,-53.37782455022938
2023-11-23,S002,P0003,12,26.73849463710667,-14.738494637106669
2023-11-23,S005,P0017,88,232.3398719402329,-144.3398719402329
2023-11-23,S005,P0013,230,194.59049769183684,35.409502308163155
2023-11-23,S001,P0013,26,77.16721232399658,-51.16721232399658
2023-11-23,S005,P0009,130,167.70266105409212,-37.70266105409212
2023-11-23,S002,P0010,72,167.82542937688078,-95.82542937688078
2023-11-23,S004,P0004,2,237.56473978509837,-235.56473978509837
2023-11-23,S003,P0012,427,244.0107776643544,182.9892223356456
2023-11-23,S003,P0015,104,219.63973531675651,-115.63973531675651
2023-11-23,S001,P0011,224,201.30533867471524,22.694661325284756
2023-11-23,S002,P0015,17,33.49104537519861,-16.49104537519861
2023-11-23,S002,P0004,77,235.1723430581738,-158.1723430581738
2023-11-23,S002,P0020,70,57.56920556470402,12.43079443529598
2023-11-23,S005,P0011,173,118.885482950874,54.11451704912599
2023-11-23,S003,P0016,17,130.15866120564516,-113.15866120564516
2023-11-23,S004,P0018,128,148.8741184324639,-20.874118432463888
2023-11-23,S005,P0002,141,191.03217143910877,-50.032171439108765
2023-11-23,S003,P0011,158,221.5610345377612,-63.5610345377612
2023-11-23,S004,P0009,11,102.75381459603636,-91.75381459603636
2023-11-23,S004,P0003,119,125.33309991554006,-6.3330999155400605
2023-11-23,S005,P0005,45,245.0172273228314,-200.0172273228314
2023-11-23,S002,P0011,253,167.26322999261026,85.73677000738974
2023-11-23,S003,P0001,256,235.71549833534073,20.284501664659274
2023-11-23,S001,P0015,37,167.23648387059683,-130.23648387059683
2023-11-23,S001,P0003,193,130.60723864453422,62.39276135546578
2023-11-23,S004,P0007,128,116.38026926916615,11.61973073083385
2023-11-23,S003,P0002,122,105.6208429463972,16.379157053602796
2023-11-23,S003,P0013,298,251.9560333388423,46.0439666611577
2023-11-23,S002,P0009,434,242.19606132975508,191.80393867024492
2023-11-23,S002,P0001,218,226.96184997623106,-8.961849976231065
2023-11-23,S004,P0008,261,147.79601084260554,113.20398915739446
2023-11-23,S005,P0014,57,148.43524887429373,-91.43524887429373
2023-11-23,S001,P0014,17,215.919761820865,-198.919761820865
2023-11-23,S004,P0006,118,90.27840796483076,27.721592035169238
2023-11-23,S005,P0019,21,122.54995314812652,-101.54995314812652
2023-11-23,S004,P0020,24,65.65436408640363,-41.65436408640363
2023-11-23,S004,P0005,162,234.14132022037,-72.14132022037
2023-11-23,S003,P0014,399,204.44146880901718,194.55853119098282
2023-11-23,S005,P0010,209,124.21540825929202,84.78459174070798
2023-11-23,S001,P0004,236,127.05166384681684,108.94833615318316
2023-11-23,S002,P0016,6,113.43454696073604,-107.43454696073604
2023-11-23,S001,P0006,80,141.55688334829557,-61.55688334829557
2023-11-23,S003,P0003,3,215.9978138403834,-212.9978138403834
2023-11-23,S004,P0019,173,159.1447124246381,13.8552875753619
2023-11-23,S003,P0017,139,180.01222878269988,-41.01222878269988
2023-11-23,S002,P0008,207,153.37084404124994,53.62915595875006
2023-11-23,S005,P0003,353,213.4396510191856,139.5603489808144
2023-11-23,S001,P0012,239,168.63371961618105,70.36628038381895
2023-11-23,S003,P0018,283,205.14862240572285,77.85137759427715
2023-11-23,S004,P0001,7,33.60838005079478,-26.60838005079478
2023-11-23,S004,P0017,28,74.68966301064052,-46.689663010640515
2023-11-23,S005,P0004,210,237.63086743490572,-27.630867434905724
2023-11-23,S001,P0007,235,167.26848117226268,67.73151882773732
2023-11-23,S003,P0020,99,102.76491504473063,-3.7649150447306283
2023-11-23,S002,P0018,14,96.89495616257574,-82.89495616257574
2023-11-23,S002,P0019,99,64.44838828300425,34.55161171699575
2023-11-23,S002,P0005,149,184.78537465711145,-35.78537465711145
2023-11-23,S002,P0017,260,221.64214385012008,38.35785614987992
2023-11-23,S005,P0020,100,135.17892532230712,-35.17892532230712
2023-11-23,S002,P0007,91,129.21757107997257,-38.21757107997257
2023-11-23,S001,P0001,226,180.53412295815394,45.465877041846056
2023-11-23,S002,P0006,224,183.64928161223537,40.35071838776463
2023-11-23,S004,P0002,61,247.86404652767897,-186.86404652767897
2023-11-23,S003,P0019,22,161.01471672755775,-139.01471672755775
2023-11-23,S005,P0012,0,216.85195431343652,-216.85195431343652
2023-11-23,S005,P0018,71,158.9965033341286,-87.99650333412859
2023-11-23,S001,P0020,83,180.11506436914385,-97.11506436914385
2023-11-23,S001,P0002,205,201.90566933226273,3.0943306677372675
2023-11-24,S002,P0007,120,191.45006949465392,-71.45006949465392
2023-11-24,S004,P0020,330,190.00622593198347,139.99377406801653
2023-11-24,S004,P0005,29,164.9934835352396,-135.9934835352396
2023-11-24,S001,P0012,127,145.01308891341597,-18.01308891341597
2023-11-24,S002,P0005,158,135.14072297886997,22.859277021130026
2023-11-24,S005,P0010,83,47.06466626850374,35.93533373149626
2023-11-24,S002,P0012,49,239.2987756542982,-190.2987756542982
2023-11-24,S002,P0016,362,232.17102463508945,129.82897536491055
2023-11-24,S003,P0005,215,159.99278740072714,55.00721259927286
2023-11-24,S002,P0014,57,172.03218315795567,-115.03218315795567
2023-11-24,S003,P0014,105,89.96984242978044,15.030157570219558
2023-11-24,S005,P0019,83,85.0668547836674,-2.066854783667395
2023-11-24,S002,P0018,163,159.3539384541267,3.6460615458732946
2023-11-24,S004,P0019,79,67.20878174940447,11.791218250595534
2023-11-24,S001,P0017,49,198.30111619589712,-149.30111619589712
2023-11-24,S001,P0003,281,194.45297806355472,86.54702193644528
2023-11-24,S001,P0009,70,44.30809486520076,25.691905134799242
2023-11-24,S001,P0016,434,249.67240636365938,184.32759363634062
2023-11-24,S004,P0016,130,148.2312333635976,-18.231233363597596
2023-11-24,S004,P0007,27,87.34468503987944,-60.34468503987944
2023-11-24,S003,P0019,142,171.34931890436303,-29.34931890436303
2023-11-24,S003,P0002,81,142.38528717835834,-61.38528717835834
2023-11-24,S003,P0020,65,88.26700285407941,-23.267002854079408
2023-11-24,S003,P0013,34,92.67179129019007,-58.67179129019007
2023-11-24,S004,P0011,118,68.28717920342763,49.71282079657237
2023-11-24,S005,P0006,69,198.96831784185724,-129.96831784185724
2023-11-24,S002,P0009,280,181.1967785720193,98.8032214279807
2023-11-24,S004,P0014,25,34.546790223130245,-9.546790223130245
2023-11-24,S004,P0006,108,98.05579525688842,9.944204743111584
2023-11-24,S002,P0002,145,178.0871001242491,-33.087100124249105
2023-11-24,S005,P0012,5,177.71063884991088,-172.71063884991088
2023-11-24,S005,P0004,398,215.16923764336974,182.83076235663026
2023-11-24,S001,P0007,291,165.0435793330533,125.95642066694671
2023-11-24,S001,P0019,20,180.9856522412195,-160.9856522412195
2023-11-24,S003,P0008,81,189.96092980784368,-108.96092980784368
2023-11-24,S002,P0008,111,114.53715194739391,-3.537151947393909
2023-11-24,S001,P0011,372,212.45484533285696,159.54515466714304
2023-11-24,S005,P0018,50,188.32972030217127,-138.32972030217127
2023-11-24,S002,P0004,29,42.24867742604863,-13.24867742604863
2023-11-24,S002,P0020,105,61.198814327045966,43.801185672954034
2023-11-24,S004,P0001,323,243.94713208478834,79.05286791521166
2023-11-24,S005,P0011,17,246.24346717029238,-229.24346717029238
2023-11-24,S004,P0013,80,58.570842744097035,21.429157255902965
2023-11-24,S003,P0018,35,61.42305430036703,-26.423054300367028
2023-11-24,S002,P0017,325,221.04406332439999,103.95593667560001
2023-11-24,S004,P0012,103,99.73762824719819,3.262371752801812
2023-11-24,S004,P0015,342,202.09285762016145,139.90714237983855
2023-11-24,S005,P0002,183,116.67566979463277,66.32433020536723
2023-11-24,S001,P0001,16,51.66304905845942,-35.66304905845942
2023-11-24,S005,P0005,145,156.27995107519087,-11.279951075190866
2023-11-24,S001,P0005,12,55.73817459470979,-43.73817459470979
2023-11-24,S004,P0002,102,60.05468526235683,41.94531473764317
2023-11-24,S003,P0017,216,111.23007003127765,104.76992996872235
2023-11-24,S003,P0016,134,245.10965237575238,-111.10965237575238
2023-11-24,S005,P0003,99,144.51822582880425,-45.51822582880425
2023-11-24,S001,P0010,72,117.75312097014142,-45.753120970141424
2023-11-24,S005,P0015,39,72.73551299717684,-33.73551299717684
2023-11-24,S003,P0001,16,86.10308202442434,-70.10308202442434
2023-11-24,S003,P0007,229,181.84854938823696,47.15145061176304
2023-11-24,S001,P0014,13,73.02711483682128,-60.02711483682128
2023-11-24,S001,P0008,41,38.012194756638394,2.9878052433616062
2023-11-24,S002,P0006,78,145.7332283786293,-67.73322837862929
2023-11-24,S003,P0015,83,186.45451321354187,-103.45451321354187
2023-11-24,S002,P0019,24,32.077412664189296,-8.077412664189296
2023-11-24,S005,P0001,65,70.23446031569796,-5.234460315697959
2023-11-24,S002,P0013,40,108.82935979948672,-68.82935979948672
2023-11-24,S002,P0003,309,218.51031715027943,90.48968284972057
2023-11-24,S001,P0018,44,52.26428454185981,-8.264284541859809
2023-11-24,S005,P0017,33,97.63680946960147,-64.63680946960147
2023-11-24,S005,P0007,29,164.6334599156031,-135.6334599156031
2023-11-24,S005,P0008,78,55.04537255077719,22.954627449222812
2023-11-24,S005,P0013,349,210.0868127020653,138.9131872979347
2023-11-24,S003,P0006,79,62.12351783924083,16.876482160759167
2023-11-24,S001,P0013,27,110.12622030907772,-83.12622030907772
2023-11-24,S005,P0020,278,156.15010966992315,121.84989033007685
2023-11-24,S004,P0004,112,104.55379842306547,7.446201576934527
2023-11-24,S001,P0006,7,78.56979225428529,-71.56979225428529
2023-11-24,S001,P0015,271,136.02171186199826,134.97828813800174
2023-11-24,S002,P0011,307,202.9677142367239,104.03228576327609
2023-11-24,S003,P0003,43,67.51014965278353,-24.510149652783525
2023-11-24,S001,P0020,114,135.4714433481119,-21.471443348111904
2023-11-24,S003,P0009,28,129.2175693363792,-101.2175693363792
2023-11-24,S004,P0008,27,36.48130191617423,-9.481301916174232
2023-11-24,S002,P0010,151,149.00690887264335,1.9930911273566494
2023-11-24,S005,P0009,54,38.1742053976447,15.825794602355302
2023-11-24,S005,P0014,283,211.33509529660677,71.66490470339323
2023-11-24,S004,P0010,27,84.18299756907675,-57.18299756907675
2023-11-24,S002,P0001,319,197.9872764465307,121.0127235534693
2023-11-24,S004,P0018,63,157.7865421252509,-94.78654212525089
2023-11-24,S001,P0002,199,160.2591354110125,38.740864588987506
2023-11-24,S004,P0009,81,83.5024191349317,-2.5024191349316993
2023-11-24,S005,P0016,412,210.37613665122757,201.62386334877243
2023-11-24,S002,P0015,80,108.44894227028078,-28.44894227028078
2023-11-24,S004,P0017,305,193.7184521921215,111.2815478078785
2023-11-24,S003,P0004,123,138.27335571309948,-15.273355713099477
2023-11-24,S003,P0011,256,237.17486947775615,18.825130522243853
2023-11-24,S001,P0004,219,120.49186923156526,98.50813076843474
2023-11-24,S003,P0012,15,237.9758515268171,-222.9758515268171
2023-11-25,S003,P0016,28,44.72104210182869,-16.721042101828687
2023-11-25,S003,P0007,229,201.2404888565169,27.75951114348311
2023-11-25,S005,P0006,2,62.92572003526624,-60.92572003526624
2023-11-25,S004,P0019,279,208.147070236594,70.852929763406
2023-11-25,S002,P0004,20,27.31243040864007,-7.312430408640068
2023-11-25,S003,P0003,185,219.34380395853793,-34.34380395853793
2023-11-25,S003,P0006,368,236.30562080918025,131.69437919081975
2023-11-25,S004,P0010,98,212.50458220588433,-114.50458220588433
2023-11-25,S002,P0020,38,100.21147452905848,-62.21147452905848
2023-11-25,S002,P0002,104,168.8427546128271,-64.8427546128271
2023-11-25,S004,P0018,90,221.7484439763963,-131.7484439763963
2023-11-25,S005,P0014,106,68.83682023893186,37.163179761068136
2023-11-25,S004,P0012,145,120.14682009316789,24.85317990683211
2023-11-25,S005,P0019,209,195.3596529431435,13.640347056856513
2023-11-25,S002,P0001,83,164.42065942608974,-81.42065942608974
2023-11-25,S002,P0009,175,89.14554049111985,85.85445950888015
2023-11-25,S005,P0011,35,177.2616322621572,-142.2616322621572
2023-11-25,S005,P0017,136,81.87132095974778,54.12867904025222
2023-11-25,S004,P0003,291,180.8107417668959,110.18925823310411
2023-11-25,S003,P0020,198,164.60102929780453,33.39897070219547
2023-11-25,S003,P0005,81,127.82587060252808,-46.825870602528084
2023-11-25,S002,P0005,98,85.92933349389199,12.070666506108012
2023-11-25,S005,P0010,66,87.10994670359844,-21.10994670359844
2023-11-25,S003,P0004,19,123.87287791958568,-104.87287791958568
2023-11-25,S005,P0013,226,233.51772958821618,-7.517729588216184
2023-11-25,S001,P0013,69,43.8085850944081,25.1914149055919
2023-11-25,S003,P0014,67,44.733123088343405,22.266876911656595
2023-11-25,S004,P0004,146,215.09407108910966,-69.09407108910966
2023-11-25,S005,P0009,46,54.64154168361193,-8.641541683611933
2023-11-25,S004,P0008,272,134.22789050000472,137.77210949999528
2023-11-25,S004,P0005,112,226.36667240733408,-114.36667240733408
2023-11-25,S005,P0015,35,26.080751350549804,8.919248649450196
2023-11-25,S001,P0007,50,41.77101410726215,8.228985892737853
2023-11-25,S005,P0008,280,154.3076957574366,125.69230424256341
2023-11-25,S002,P0018,89,123.81404535299475,-34.814045352994754
2023-11-25,S001,P0010,53,52.042722343539765,0.957277656460235
2023-11-25,S001,P0020,172,214.47890874146458,-42.47890874146458
2023-11-25,S003,P0012,437,244.30209499994766,192.69790500005234
2023-11-25,S004,P0020,69,250.502818480416,-181.502818480416
2023-11-25,S004,P0014,58,29.074967343927653,28.925032656072347
2023-11-25,S005,P0003,79,217.83549262365068,-138.83549262365068
2023-11-25,S002,P0008,315,245.5357809937109,69.46421900628911
2023-11-25,S005,P0004,53,121.26714096042213,-68.26714096042213
2023-11-25,S002,P0010,293,179.17977075805754,113.82022924194246
2023-11-25,S002,P0016,35,41.75555754978882,-6.7555575497888185
2023-11-25,S001,P0011,84,234.09718781192993,-150.09718781192993
2023-11-25,S005,P0007,207,113.34036944432432,93.65963055567568
2023-11-25,S002,P0006,134,92.32946081808683,41.67053918191317
2023-11-25,S002,P0012,276,224.93944486891905,51.060555131080946
2023-11-25,S001,P0004,319,223.5059015768191,95.4940984231809
2023-11-25,S004,P0016,382,211.79094893699357,170.20905106300643
2023-11-25,S002,P0013,141,79.98022512331022,61.01977487668978
2023-11-25,S001,P0003,124,152.96730410305304,-28.96730410305304
2023-11-25,S001,P0019,18,30.114886261918286,-12.114886261918286
2023-11-25,S002,P0007,182,213.72249234817042,-31.72249234817042
2023-11-25,S002,P0003,124,123.1922280486408,0.8077719513592001
2023-11-25,S004,P0002,102,162.20929841793009,-60.209298417930086
2023-11-25,S003,P0019,11,116.63871626780502,-105.63871626780502
2023-11-25,S003,P0010,245,134.09315270583295,110.90684729416705
2023-11-25,S001,P0006,136,229.2104727841267,-93.2104727841267
2023-11-25,S005,P0016,158,93.80866001966041,64.19133998033959
2023-11-25,S001,P0001,371,200.63236583888482,170.36763416111518
2023-11-25,S001,P0002,51,139.66074470145747,-88.66074470145747
2023-11-25,S002,P0017,35,76.81820907275443,-41.81820907275443
2023-11-25,S001,P0012,103,156.05042694378642,-53.05042694378642
2023-11-25,S001,P0018,121,62.905026977545674,58.094973022454326
2023-11-25,S004,P0013,384,226.49939430373342,157.50060569626658
2023-11-25,S003,P0001,119,82.60864073203044,36.39135926796956
2023-11-25,S001,P0009,376,231.28798074817627,144.71201925182373
2023-11-25,S004,P0017,281,145.9340771333998,135.0659228666002
2023-11-25,S004,P0001,333,182.43402676554854,150.56597323445146
2023-11-25,S002,P0011,65,148.20556228193334,-83.20556228193334
2023-11-25,S001,P0016,26,43.76378794980832,-17.763787949808318
2023-11-25,S005,P0018,14,176.9841273635542,-162.9841273635542
2023-11-25,S004,P0007,186,97.97041196321794,88.02958803678206
2023-11-25,S003,P0017,229,207.8764118090187,21.12358819098131
2023-11-25,S003,P0008,60,238.29057534316883,-178.29057534316883
2023-11-25,S004,P0015,163,80.84518952157941,82.15481047842059
2023-11-25,S005,P0001,38,119.40701623789283,-81.40701623789283
2023-11-25,S003,P0011,145,78.85964879885063,66.14035120114937
2023-11-25,S004,P0011,283,184.4475028692732,98.5524971307268
2023-11-25,S005,P0002,29,122.68205705844923,-93.68205705844923
2023-11-25,S005,P0020,289,213.68283758219434,75.31716241780566
2023-11-25,S002,P0014,26,242.0227929394494,-216.0227929394494
2023-11-25,S002,P0015,284,235.4862297491855,48.5137702508145
2023-11-25,S005,P0005,264,136.27199085496602,127.72800914503398
2023-11-25,S005,P0012,21,101.20484003877499,-80.20484003877499
2023-11-25,S003,P0013,116,68.36281907619434,47.63718092380566
2023-11-25,S004,P0006,74,157.0882145226152,-83.0882145226152
2023-11-25,S002,P0019,55,187.06842579654705,-132.06842579654705
2023-11-25,S001,P0014,212,116.47424221644053,95.52575778355947
2023-11-25,S001,P0015,32,111.70645420746791,-79.70645420746791
2023-11-25,S003,P0018,162,100.88834262862764,61.11165737137236
2023-11-25,S001,P0005,282,162.1297613827826,119.87023861721741
2023-11-25,S003,P0009,272,176.64891086990053,95.35108913009947
2023-11-25,S003,P0002,161,90.49427492010449,70.50572507989551
2023-11-25,S003,P0015,231,156.34182402454934,74.65817597545066
2023-11-25,S001,P0008,10,83.50807374463494,-73.50807374463494
2023-11-25,S004,P0009,69,160.97369125751572,-91.97369125751572
2023-11-25,S001,P0017,182,135.23536774109505,46.76463225890495
2023-11-26,S005,P0013,101,141.12293258777237,-40.12293258777237
2023-11-26,S001,P0019,312,156.68886384535807,155.31113615464193
2023-11-26,S003,P0001,4,46.004691692643746,-42.004691692643746
2023-11-26,S003,P0003,51,58.38173209613285,-7.3817320961328505
2023-11-26,S001,P0008,113,65.54112186567704,47.45887813432296
2023-11-26,S005,P0007,41,46.386854451377246,-5.386854451377246
2023-11-26,S001,P0012,12,52.30837169882892,-40.30837169882892
2023-11-26,S003,P0015,161,246.22114695133826,-85.22114695133826
2023-11-26,S004,P0010,340,182.80526435393688,157.19473564606312
2023-11-26,S002,P0015,6,99.02106831988692,-93.02106831988692
2023-11-26,S005,P0003,2,77.18910522390564,-75.18910522390564
2023-11-26,S005,P0001,160,195.50796715952447,-35.50796715952447
2023-11-26,S005,P0017,94,146.78927592120726,-52.78927592120726
2023-11-26,S003,P0012,17,190.35215447118588,-173.35215447118588
2023-11-26,S002,P0004,232,144.21010581306712,87.78989418693288
2023-11-26,S003,P0004,33,108.40499884966243,-75.40499884966243
2023-11-26,S001,P0005,93,125.22176606159593,-32.22176606159593
2023-11-26,S004,P0009,56,175.88171655421098,-119.88171655421098
2023-11-26,S005,P0018,67,52.103204302034726,14.896795697965274
2023-11-26,S003,P0017,104,129.9208516927858,-25.92085169278579
2023-11-26,S001,P0002,332,229.23665588331437,102.76334411668563
2023-11-26,S002,P0007,54,37.643358881151016,16.356641118848984
2023-11-26,S002,P0013,178,132.41265287906157,45.58734712093843
2023-11-26,S004,P0002,111,248.77727283367324,-137.77727283367324
2023-11-26,S002,P0019,21,35.628082926041884,-14.628082926041884
2023-11-26,S003,P0010,232,134.89912938124814,97.10087061875186
2023-11-26,S002,P0017,91,89.92510651477761,1.0748934852223897
2023-11-26,S001,P0018,47,65.66732887882273,-18.66732887882273
2023-11-26,S004,P0013,33,50.96061556162317,-17.96061556162317
2023-11-26,S004,P0001,65,89.72917999898954,-24.729179998989537
2023-11-26,S004,P0017,181,143.83762617106333,37.162373828936666
2023-11-26,S003,P0018,165,211.81973518222566,-46.819735182225656
2023-11-26,S005,P0016,122,209.83034373387784,-87.83034373387784
2023-11-26,S005,P0020,255,132.5670759454428,122.43292405455719
2023-11-26,S001,P0001,52,39.724053354119064,12.275946645880936
2023-11-26,S002,P0005,16,62.45981587311121,-46.45981587311121
2023-11-26,S005,P0005,313,173.1592908450383,139.8407091549617
2023-11-26,S003,P0011,336,231.14915776590516,104.85084223409484
2023-11-26,S001,P0013,108,99.65827441045673,8.341725589543273
2023-11-26,S004,P0004,340,208.77075702866847,131.22924297133153
2023-11-26,S005,P0009,284,157.45937370707748,126.54062629292252
2023-11-26,S005,P0015,85,50.10812513078571,34.89187486921429
2023-11-26,S001,P0010,241,209.02459291656118,31.975407083438824
2023-11-26,S002,P0008,225,155.36789282426827,69.63210717573173
2023-11-26,S002,P0010,19,85.1828016461526,-66.1828016461526
2023-11-26,S001,P0011,29,46.853689878039916,-17.853689878039916
2023-11-26,S005,P0002,151,154.05571768485714,-3.055717684857143
2023-11-26,S001,P0007,213,204.5514558260685,8.44854417393151
2023-11-26,S003,P0007,426,213.65201630535967,212.34798369464033
2023-11-26,S002,P0020,174,132.41512056880686,41.584879431193144
2023-11-26,S004,P0018,160,104.42773766938461,55.57226233061539
2023-11-26,S005,P0011,153,140.4879129326539,12.512087067346101
2023-11-26,S004,P0012,75,41.27916608791628,33.72083391208372
2023-11-26,S003,P0016,37,36.862323144420714,0.13767685557928644
2023-11-26,S002,P0006,79,129.120443984681,-50.120443984681
2023-11-26,S004,P0015,151,156.63771526204073,-5.637715262040729
2023-11-26,S004,P0003,334,178.8732488674804,155.1267511325196
2023-11-26,S001,P0014,237,150.81997265370984,86.18002734629016
2023-11-26,S002,P0003,249,225.50732305797465,23.492676942025355
2023-11-26,S003,P0006,303,165.20377823176528,137.79622176823472
2023-11-26,S003,P0019,230,219.3101400039024,10.689859996097596
2023-11-26,S004,P0016,293,232.42923714616728,60.57076285383272
2023-11-26,S005,P0004,258,224.8242604214849,33.175739578515106
2023-11-26,S002,P0001,81,214.2685263982557,-133.2685263982557
2023-11-26,S003,P0002,69,129.85130971762112,-60.85130971762112
2023-11-26,S004,P0020,135,103.02764851330568,31.972351486694322
2023-11-26,S004,P0006,167,219.4603758290292,-52.4603758290292
2023-11-26,S003,P0009,415,240.4352611263502,174.5647388736498
2023-11-26,S003,P0013,146,236.05973101251988,-90.05973101251988
2023-11-26,S004,P0011,292,178.06153759500802,113.93846240499198
2023-11-26,S001,P0004,82,124.62372199077555,-42.62372199077555
2023-11-26,S005,P0006,57,145.74101874852192,-88.74101874852192
2023-11-26,S003,P0020,167,168.96050892655973,-1.9605089265597258
2023-11-26,S002,P0012,299,190.44350375431787,108.55649624568213
2023-11-26,S005,P0010,89,222.8919376236998,-133.8919376236998
2023-11-26,S002,P0009,24,24.18578620486022,-0.18578620486022146
2023-11-26,S005,P0014,22,219.24400578870893,-197.24400578870893
2023-11-26,S002,P0002,354,217.33895289277643,136.66104710722357
2023-11-26,S005,P0019,66,53.91660734441615,12.08339265558385
2023-11-26,S003,P0014,144,119.15121904520896,24.84878095479104
2023-11-26,S004,P0008,92,66.8287933095516,25.1712066904484
2023-11-26,S004,P0005,116,122.26650602992845,-6.2665060299284505
2023-11-26,S004,P0019,317,181.6139529305077,135.3860470694923
2023-11-26,S002,P0018,57,99.91480575058341,-42.91480575058341
2023-11-26,S001,P0020,127,101.0595712434307,25.940428756569304
2023-11-26,S002,P0014,336,212.63822094102449,123.36177905897551
2023-11-26,S002,P0016,45,81.8909127441205,-36.8909127441205
2023-11-26,S003,P0005,5,47.96438694708252,-42.96438694708252
2023-11-26,S004,P0014,72,158.50554138155468,-86.50554138155468
2023-11-26,S001,P0016,35,247.47196078041048,-212.47196078041048
2023-11-26,S001,P0017,285,213.11884653608695,71.88115346391305
2023-11-26,S001,P0006,54,148.362359145985,-94.36235914598501
2023-11-26,S001,P0015,36,185.37149235644347,-149.37149235644347
2023-11-26,S001,P0003,184,101.41258265646508,82.58741734353492
2023-11-26,S001,P0009,102,66.88806139604662,35.11193860395338
2023-11-26,S005,P0012,152,101.46285502324116,50.53714497675884
2023-11-26,S004,P0007,158,112.24546916762614,45.75453083237386
2023-11-26,S002,P0011,115,193.71923053817778,-78.71923053817778
2023-11-26,S003,P0008,199,112.0421287817972,86.9578712182028
2023-11-27,S001,P0007,29,28.88328155148713,0.11671844851287005
2023-11-27,S004,P0014,13,189.97930350567356,-176.97930350567356
2023-11-27,S004,P0017,295,182.33614918555025,112.66385081444975
2023-11-27,S003,P0020,228,126.12563066185152,101.87436933814848
2023-11-27,S004,P0019,39,48.845542253216024,-9.845542253216024
2023-11-27,S003,P0011,124,70.93068146197464,53.06931853802536
2023-11-27,S001,P0015,166,112.65487573732122,53.34512426267878
2023-11-27,S002,P0009,105,68.49791969822701,36.50208030177299
2023-11-27,S003,P0006,86,170.07278551481363,-84.07278551481363
2023-11-27,S002,P0010,33,57.20350922630871,-24.20350922630871
2023-11-27,S005,P0020,11,106.97073083815911,-95.97073083815911
2023-11-27,S001,P0003,103,81.84578871108073,21.15421128891927
2023-11-27,S004,P0018,69,115.292633295879,-46.292633295879
2023-11-27,S002,P0002,40,166.8167254752924,-126.8167254752924
2023-11-27,S001,P0014,13,154.73644635257637,-141.73644635257637
2023-11-27,S001,P0011,385,207.68417004127411,177.31582995872589
2023-11-27,S003,P0007,7,62.587118077502964,-55.587118077502964
2023-11-27,S004,P0012,22,130.21382496238488,-108.21382496238488
2023-11-27,S002,P0004,50,43.29544342515862,6.7045565748413765
2023-11-27,S005,P0014,87,85.68216151704416,1.3178384829558354
2023-11-27,S001,P0017,137,123.89186745811395,13.10813254188605
2023-11-27,S003,P0018,85,64.99244807164439,20.00755192835561
2023-11-27,S005,P0019,79,135.2860350819979,-56.28603508199791
2023-11-27,S004,P0003,75,231.0400434215287,-156.0400434215287
2023-11-27,S005,P0016,27,85.52679200700493,-58.52679200700493
2023-11-27,S003,P0012,2,121.59310566038624,-119.59310566038624
2023-11-27,S004,P0001,192,171.42602691541998,20.573973084580018
2023-11-27,S001,P0016,38,32.14313767522742,5.856862324772578
2023-11-27,S005,P0011,439,240.0677757575113,198.9322242424887
2023-11-27,S002,P0011,237,196.18334622760756,40.81665377239244
2023-11-27,S002,P0019,79,166.5343120378011,-87.5343120378011
2023-11-27,S001,P0001,187,102.76437563090826,84.23562436909174
2023-11-27,S003,P0010,13,58.77965796225976,-45.77965796225976
2023-11-27,S003,P0019,93,87.335596712653,5.664403287347
2023-11-27,S004,P0002,83,71.3549839489753,11.645016051024697
2023-11-27,S002,P0013,261,197.44215659031215,63.55784340968785
2023-11-27,S004,P0016,25,41.94505206281599,-16.94505206281599
2023-11-27,S002,P0007,152,127.84594575004758,24.154054249952424
2023-11-27,S004,P0007,40,157.98450859421337,-117.98450859421337
2023-11-27,S003,P0017,144,163.34206593192476,-19.342065931924765
2023-11-27,S002,P0001,34,32.84118797825539,1.158812021744609
2023-11-27,S002,P0017,103,111.28918469094339,-8.289184690943387
2023-11-27,S004,P0009,59,179.68382672245116,-120.68382672245116
2023-11-27,S003,P0002,113,125.06139217181226,-12.061392171812258
2023-11-27,S005,P0018,312,194.72135570882585,117.27864429117415
2023-11-27,S001,P0005,18,102.7184444943519,-84.7184444943519
2023-11-27,S004,P0006,474,244.76187084491266,229.23812915508734
2023-11-27,S001,P0018,80,53.21076852816378,26.789231471836217
2023-11-27,S001,P0009,8,92.43537390250293,-84.43537390250293
2023-11-27,S003,P0009,404,248.36054364099817,155.63945635900183
2023-11-27,S003,P0013,182,99.89660363927072,82.10339636072928
2023-11-27,S005,P0005,103,98.85612313314925,4.143876866850746
2023-11-27,S001,P0002,36,81.91172107720047,-45.91172107720047
2023-11-27,S005,P0002,88,96.03690115630644,-8.036901156306442
2023-11-27,S004,P0013,86,96.4541534691943,-10.454153469194296
2023-11-27,S002,P0006,115,121.78175019028902,-6.781750190289017
2023-11-27,S004,P0011,261,156.87283186769344,104.12716813230656
2023-11-27,S004,P0015,233,230.59412942290209,2.4058705770979145
2023-11-27,S003,P0016,127,142.47572383023112,-15.475723830231118
2023-11-27,S005,P0006,39,30.620109282166425,8.379890717833575
2023-11-27,S002,P0020,47,154.59919277054348,-107.59919277054348
2023-11-27,S002,P0012,143,98.20072562393489,44.799274376065114
2023-11-27,S001,P0013,139,167.89705163526628,-28.89705163526628
2023-11-27,S002,P0018,54,174.4136861492425,-120.4136861492425
2023-11-27,S001,P0019,89,63.54041202974474,25.459587970255257
2023-11-27,S005,P0012,291,238.6716628273179,52.3283371726821
2023-11-27,S005,P0010,30,27.05485024169434,2.9451497583056607
2023-11-27,S005,P0004,36,33.24949807968733,2.750501920312672
2023-11-27,S001,P0012,11,41.00018888699748,-30.000188886997478
2023-11-27,S005,P0013,250,147.129559667685,102.87044033231501
2023-11-27,S002,P0015,40,38.32333574455555,1.6766642554444502
2023-11-27,S002,P0005,35,90.60322810024144,-55.60322810024144
2023-11-27,S005,P0017,92,123.48527161336119,-31.485271613361192
2023-11-27,S003,P0014,87,67.905101576976,19.094898423024006
2023-11-27,S002,P0016,40,203.3745053755449,-163.3745053755449
2023-11-27,S001,P0020,22,42.374603539892746,-20.374603539892746
2023-11-27,S002,P0014,172,105.44365868082508,66.55634131917492
2023-11-27,S005,P0008,180,99.03315150802428,80.96684849197572
2023-11-27,S005,P0001,239,203.37297833349538,35.62702166650462
2023-11-27,S001,P0010,407,229.2227381429916,177.7772618570084
2023-11-27,S001,P0004,28,96.38230859973231,-68.38230859973231
2023-11-27,S002,P0003,142,123.01194132698151,18.988058673018486
2023-11-27,S005,P0007,127,162.90074264965943,-35.900742649659435
2023-11-27,S002,P0008,318,234.07088868483095,83.92911131516905
2023-11-27,S005,P0003,333,180.57124799147323,152.42875200852677
2023-11-27,S003,P0005,343,198.78677103186595,144.21322896813405
2023-11-27,S003,P0015,261,209.5301645332603,51.46983546673971
2023-11-27,S001,P0008,410,217.98829538557402,192.01170461442598
2023-11-27,S004,P0010,134,190.36641333302435,-56.366413333024354
2023-11-27,S004,P0005,293,177.24898642493923,115.75101357506077
2023-11-27,S003,P0001,182,239.03726917099192,-57.03726917099192
2023-11-27,S004,P0004,266,172.9173011727189,93.08269882728109
2023-11-27,S001,P0006,121,166.0080271560638,-45.008027156063804
2023-11-27,S003,P0003,65,195.81251322186807,-130.81251322186807
2023-11-27,S004,P0008,99,67.565213046071,31.434786953929006
2023-11-27,S003,P0004,344,187.4398815939506,156.5601184060494
2023-11-27,S003,P0008,119,244.95052557095192,-125.95052557095192
2023-11-27,S004,P0020,83,188.59155429501686,-105.59155429501686
2023-11-27,S005,P0009,445,248.15487588482745,196.84512411517255
2023-11-27,S005,P0015,37,33.69526337850618,3.3047366214938165
2023-11-28,S005,P0001,40,47.816066396756355,-7.816066396756355
2023-11-28,S004,P0002,64,46.246461974089755,17.753538025910245
2023-11-28,S002,P0013,154,197.63675414208427,-43.63675414208427
2023-11-28,S003,P0019,469,239.85766496186426,229.14233503813574
2023-11-28,S004,P0016,176,221.82006166744276,-45.82006166744276
2023-11-28,S005,P0016,228,148.20393362619643,79.79606637380357
2023-11-28,S005,P0003,259,142.69813940922728,116.30186059077272
2023-11-28,S004,P0007,26,182.2178756047909,-156.2178756047909
2023-11-28,S002,P0007,94,85.76871227350517,8.231287726494827
2023-11-28,S003,P0012,155,102.99218627586862,52.00781372413138
2023-11-28,S002,P0001,370,214.79649852462467,155.20350147537533
2023-11-28,S003,P0017,2,94.55520328711475,-92.55520328711475
2023-11-28,S003,P0001,165,232.9736515971179,-67.97365159711791
2023-11-28,S003,P0008,63,109.79845689592281,-46.79845689592281
2023-11-28,S005,P0020,28,39.39866609937616,-11.398666099376157
2023-11-28,S002,P0003,289,182.4721885860867,106.5278114139133
2023-11-28,S003,P0006,112,64.03224880130335,47.96775119869665
2023-11-28,S004,P0009,64,76.54694352306774,-12.546943523067739
2023-11-28,S004,P0010,103,112.71056894709488,-9.710568947094885
2023-11-28,S002,P0014,108,103.64629902241631,4.353700977583685
2023-11-28,S003,P0018,198,232.4033552642353,-34.4033552642353
2023-11-28,S001,P0017,239,177.75943946264994,61.24056053735006
2023-11-28,S004,P0001,212,160.6728393907748,51.32716060922519
2023-11-28,S001,P0018,225,188.73055537180738,36.269444628192616
2023-11-28,S004,P0013,34,138.4752027896285,-104.4752027896285
2023-11-28,S004,P0017,122,89.31332766023417,32.686672339765835
2023-11-28,S001,P0019,91,150.27108303437024,-59.271083034370236
2023-11-28,S001,P0008,71,100.61473894004115,-29.61473894004115
2023-11-28,S005,P0012,372,217.17376413844391,154.82623586155609
2023-11-28,S003,P0002,9,178.66984157981267,-169.66984157981267
2023-11-28,S001,P0009,270,244.45148238071994,25.548517619280062
2023-11-28,S003,P0003,161,146.4064677216232,14.593532278376813
2023-11-28,S001,P0020,269,139.69377291779443,129.30622708220557
2023-11-28,S002,P0017,90,135.34117701698176,-45.34117701698176
2023-11-28,S001,P0012,72,221.13400870535696,-149.13400870535696
2023-11-28,S001,P0006,81,137.9735274880225,-56.97352748802251
2023-11-28,S002,P0015,21,110.39226614920369,-89.39226614920369
2023-11-28,S003,P0010,404,203.6590080362741,200.3409919637259
2023-11-28,S001,P0003,169,174.14279975299235,-5.142799752992346
2023-11-28,S002,P0019,63,101.21366842230083,-38.21366842230083
2023-11-28,S001,P0001,89,224.33753128307097,-135.33753128307097
2023-11-28,S002,P0016,64,116.91780798943842,-52.917807989438415
2023-11-28,S001,P0015,104,110.30939061916825,-6.309390619168255
2023-11-28,S001,P0016,127,64.77518317093632,62.224816829063684
2023-11-28,S002,P0008,329,236.56255923178838,92.43744076821162
2023-11-28,S001,P0004,81,101.95444427357035,-20.954444273570346
2023-11-28,S003,P0005,204,125.01868492814782,78.98131507185218
2023-11-28,S005,P0004,17,47.2650435993196,-30.265043599319597
2023-11-28,S003,P0020,296,227.93225606429053,68.06774393570947
2023-11-28,S003,P0011,300,159.7293922266869,140.2706077733131
2023-11-28,S002,P0009,29,169.2445191604295,-140.2445191604295
2023-11-28,S002,P0018,112,239.57171611319222,-127.57171611319222
2023-11-28,S001,P0013,74,196.7857270773,-122.78572707730001
2023-11-28,S003,P0014,34,45.51387712230502,-11.513877122305018
2023-11-28,S004,P0018,51,47.82399338411449,3.1760066158855125
2023-11-28,S002,P0002,73,86.4867975440153,-13.486797544015303
2023-11-28,S005,P0009,3,109.69265078631702,-106.69265078631702
2023-11-28,S002,P0020,173,142.42974740930134,30.570252590698658
2023-11-28,S003,P0007,463,239.28698050675598,223.71301949324402
2023-11-28,S002,P0004,59,33.87778631081312,25.12221368918688
2023-11-28,S004,P0004,150,218.35283994991988,-68.35283994991988
2023-11-28,S005,P0014,89,59.81495241471333,29.185047585286668
2023-11-28,S003,P0004,100,87.4944984394242,12.505501560575794
2023-11-28,S004,P0008,77,218.1826159744732,-141.1826159744732
2023-11-28,S004,P0003,279,243.9844411624635,35.0155588375365
2023-11-28,S001,P0007,219,210.22863206664948,8.771367933350518
2023-11-28,S005,P0019,9,95.77589459951025,-86.77589459951025
2023-11-28,S001,P0011,96,152.18856992357456,-56.18856992357456
2023-11-28,S004,P0014,63,118.6057522423414,-55.605752242341396
2023-11-28,S005,P0015,164,105.88045439067236,58.119545609327645
2023-11-28,S002,P0010,18,204.26581964034506,-186.26581964034506
2023-11-28,S004,P0005,117,90.67466766362469,26.32533233637531
2023-11-28,S004,P0020,92,71.91314522159183,20.086854778408167
2023-11-28,S004,P0019,227,132.60005167432422,94.39994832567578
2023-11-28,S004,P0012,164,149.19012989642613,14.809870103573871
2023-11-28,S005,P0013,350,178.95344472526938,171.04655527473062
2023-11-28,S002,P0012,113,81.31560355538221,31.68439644461779
2023-11-28,S005,P0002,69,155.20719527518702,-86.20719527518702
2023-11-28,S004,P0006,130,135.8441790339952,-5.8441790339952036
2023-11-28,S001,P0005,4,165.06671246716752,-161.06671246716752
2023-11-28,S005,P0018,392,230.1858276853432,161.8141723146568
2023-11-28,S005,P0007,290,164.56020369266724,125.43979630733276
2023-11-28,S001,P0010,185,103.15851644694607,81.84148355305393
2023-11-28,S005,P0005,99,146.7536387043565,-47.75363870435649
2023-11-28,S002,P0005,180,158.83969451274442,21.160305487255584
2023-11-28,S001,P0002,40,124.43182994099965,-84.43182994099965
2023-11-28,S002,P0006,101,67.14483387658191,33.85516612341809
2023-11-28,S003,P0016,377,199.55661760656915,177.44338239343085
2023-11-28,S005,P0008,152,156.31602464991084,-4.316024649910844
2023-11-28,S003,P0013,178,114.4191762734705,63.5808237265295
2023-11-28,S002,P0011,132,177.69908301332248,-45.69908301332248
2023-11-28,S001,P0014,37,141.27094067881347,-104.27094067881347
2023-11-28,S004,P0011,4,144.40348523834626,-140.40348523834626
2023-11-28,S005,P0011,218,153.9208510723451,64.0791489276549
2023-11-28,S005,P0010,180,156.32755414275226,23.672445857247737
2023-11-28,S005,P0017,445,247.20123355249132,197.79876644750868
2023-11-28,S005,P0006,89,240.43525120875478,-151.43525120875478
2023-11-28,S004,P0015,86,212.08079217921943,-126.08079217921943
2023-11-28,S003,P0009,170,192.35573181002826,-22.35573181002826
2023-11-29,S003,P0019,317,219.3948713741123,97.60512862588769
2023-11-29,S003,P0007,213,203.67429986122897,9.325700138771026
2023-11-29,S003,P0006,131,74.45277950787727,56.54722049212273
2023-11-29,S002,P0018,149,89.76405513958059,59.23594486041941
2023-11-29,S002,P0019,71,56.81740818779002,14.182591812209978
2023-11-29,S002,P0005,13,134.49138619603582,-121.49138619603582
2023-11-29,S002,P0011,128,96.50409970232772,31.49590029767228
2023-11-29,S005,P0004,212,112.25252230283866,99.74747769716134
2023-11-29,S001,P0020,9,38.99971840592207,-29.999718405922067
2023-11-29,S005,P0012,435,247.25839270295563,187.74160729704437
2023-11-29,S002,P0006,202,154.3097442714593,47.690255728540706
2023-11-29,S001,P0007,64,34.61507240522093,29.38492759477907
2023-11-29,S001,P0012,35,27.603887087985754,7.396112912014246
2023-11-29,S004,P0014,43,74.37352515799381,-31.37352515799381
2023-11-29,S001,P0002,292,191.49494766420958,100.50505233579042
2023-11-29,S005,P0003,215,148.60988721039047,66.39011278960953
2023-11-29,S003,P0020,193,245.88799396831985,-52.88799396831985
2023-11-29,S002,P0013,414,241.52834209361396,172.47165790638604
2023-11-29,S001,P0018,14,40.66307092673691,-26.663070926736907
2023-11-29,S003,P0004,221,226.2682997760673,-5.268299776067295
2023-11-29,S002,P0008,224,115.42304471880874,108.57695528119126
2023-11-29,S005,P0015,263,137.39893280804415,125.60106719195585
2023-11-29,S005,P0016,84,55.86337883362029,28.13662116637971
2023-11-29,S002,P0002,170,115.45289156351646,54.54710843648354
2023-11-29,S005,P0001,237,155.52435574639253,81.47564425360747
2023-11-29,S004,P0010,111,106.28010308083446,4.719896919165535
2023-11-29,S002,P0003,57,78.50489077817411,-21.504890778174115
2023-11-29,S002,P0009,280,188.34443169725972,91.65556830274028
2023-11-29,S001,P0017,54,34.9572216644907,19.042778335509297
2023-11-29,S003,P0015,223,191.28027891979087,31.719721080209126
2023-11-29,S001,P0010,313,193.51168372685197,119.48831627314803
2023-11-29,S005,P0013,249,173.0003977909173,75.9996022090827
2023-11-29,S005,P0009,43,134.18897548221292,-91.18897548221292
2023-11-29,S005,P0017,276,203.39068216948948,72.60931783051052
2023-11-29,S003,P0009,201,128.05774054364582,72.94225945635418
2023-11-29,S005,P0006,19,84.14039416502521,-65.14039416502521
2023-11-29,S001,P0013,53,52.110427817575726,0.8895721824242742
2023-11-29,S004,P0004,268,137.83888382662877,130.16111617337123
2023-11-29,S005,P0008,26,85.6202479011792,-59.6202479011792
2023-11-29,S002,P0015,277,209.99231533950535,67.00768466049465
2023-11-29,S005,P0014,83,148.3144654110343,-65.31446541103429
2023-11-29,S001,P0015,107,233.07340557283686,-126.07340557283686
2023-11-29,S002,P0012,262,243.93307174554457,18.066928254455433
2023-11-29,S001,P0019,187,130.12234430434313,56.87765569565687
2023-11-29,S004,P0005,303,192.6366539836951,110.36334601630489
2023-11-29,S005,P0010,154,233.70447316220805,-79.70447316220805
2023-11-29,S003,P0005,26,165.8576748600462,-139.8576748600462
2023-11-29,S004,P0020,99,127.82379403445748,-28.823794034457478
2023-11-29,S002,P0014,91,106.26799122368811,-15.267991223688114
2023-11-29,S001,P0004,23,52.341979839784756,-29.341979839784756
2023-11-29,S002,P0016,36,111.70711909928048,-75.70711909928048
2023-11-29,S001,P0014,59,208.659808581184,-149.659808581184
2023-11-29,S004,P0019,47,54.06934909465116,-7.069349094651159
2023-11-29,S001,P0006,223,241.02511498536444,-18.02511498536444
2023-11-29,S003,P0008,94,65.16025227319369,28.83974772680631
2023-11-29,S005,P0019,34,39.36137114511877,-5.361371145118767
2023-11-29,S003,P0001,150,168.89153279502113,-18.891532795021135
2023-11-29,S003,P0003,68,200.82813299333617,-132.82813299333617
2023-11-29,S001,P0008,239,141.42053742356217,97.57946257643783
2023-11-29,S004,P0008,103,63.21108845615157,39.78891154384843
2023-11-29,S001,P0011,69,153.2777738349585,-84.27777383495851
2023-11-29,S003,P0014,112,80.50728477147959,31.49271522852041
2023-11-29,S004,P0003,53,104.79657935182945,-51.79657935182945
2023-11-29,S004,P0011,411,239.59136018291957,171.40863981708043
2023-11-29,S002,P0001,21,79.11153118844334,-58.11153118844334
2023-11-29,S004,P0002,38,165.06282549159977,-127.06282549159977
2023-11-29,S001,P0009,12,79.30543108505162,-67.30543108505162
2023-11-29,S004,P0017,242,176.10788554682762,65.89211445317238
2023-11-29,S001,P0001,110,224.14268051598935,-114.14268051598935
2023-11-29,S002,P0017,261,148.11847075202473,112.88152924797527
2023-11-29,S004,P0007,160,134.02854727358272,25.971452726417283
2023-11-29,S003,P0002,451,227.96612816170392,223.03387183829608
2023-11-29,S004,P0001,309,243.57743437597202,65.42256562402798
2023-11-29,S003,P0010,310,216.55716191777913,93.44283808222087
2023-11-29,S004,P0013,278,171.62035409823056,106.37964590176944
2023-11-29,S003,P0018,79,62.86127137068286,16.138728629317143
2023-11-29,S003,P0012,85,239.93199921277716,-154.93199921277716
2023-11-29,S005,P0020,183,166.6516276620644,16.348372337935587
2023-11-29,S002,P0007,95,53.88081323451257,41.11918676548743
2023-11-29,S003,P0017,95,64.271983513988,30.728016486011995
2023-11-29,S004,P0009,8,32.828177204148346,-24.828177204148346
2023-11-29,S005,P0018,46,33.180657646734176,12.819342353265824
2023-11-29,S002,P0020,149,136.0778048857071,12.92219511429289
2023-11-29,S004,P0018,76,56.44231790474805,19.55768209525195
2023-11-29,S004,P0012,149,243.9607645649612,-94.96076456496121
2023-11-29,S001,P0005,57,47.794585912134494,9.205414087865506
2023-11-29,S003,P0016,362,202.35686216358374,159.64313783641626
2023-11-29,S004,P0006,135,141.26244250791171,-6.2624425079117145
2023-11-29,S004,P0016,229,222.4413726376751,6.5586273623248985
2023-11-29,S004,P0015,16,63.6698518940417,-47.6698518940417
2023-11-29,S005,P0011,119,135.12393409269998,-16.123934092699983
2023-11-29,S005,P0002,175,189.1776520989743,-14.177652098974306
2023-11-29,S002,P0010,266,186.66741091441588,79.33258908558412
2023-11-29,S001,P0016,52,53.56545691483433,-1.5654569148343285
2023-11-29,S005,P0005,152,130.6903446451251,21.309655354874906
2023-11-29,S002,P0004,26,58.669511616893146,-32.669511616893146
2023-11-30,S001,P0003,376,192.7337708755378,183.2662291244622
2023-11-30,S005,P0006,76,83.63065614227662,-7.630656142276621
2023-11-30,S001,P0015,212,115.62067883063855,96.37932116936145
2023-11-30,S003,P0002,36,202.08516591565592,-166.08516591565592
2023-11-30,S004,P0019,250,139.07339567704014,110.92660432295986
2023-11-30,S004,P0016,339,242.3596546166408,96.6403453833592
2023-11-30,S001,P0016,43,109.80566673752736,-66.80566673752736
2023-11-30,S004,P0020,15,208.13942617898454,-193.13942617898454
2023-11-30,S005,P0020,219,237.57466615693454,-18.57466615693454
2023-11-30,S001,P0012,55,44.22323534231441,10.77676465768559
2023-11-30,S005,P0004,160,226.36891522709283,-66.36891522709283
2023-11-30,S003,P0006,51,125.62862756191129,-74.62862756191129
2023-11-30,S002,P0013,2,60.54717421473231,-58.54717421473231
2023-11-30,S002,P0017,224,121.35083597250781,102.64916402749219
2023-11-30,S005,P0016,11,52.38402150068703,-41.38402150068703
2023-11-30,S002,P0019,92,179.95580381488736,-87.95580381488736
2023-11-30,S004,P0017,16,49.865511528915704,-33.865511528915704
2023-11-30,S001,P0010,364,225.6911914571146,138.3088085428854
2023-11-30,S005,P0005,377,226.83240089034342,150.16759910965658
2023-11-30,S005,P0002,318,197.13946440343233,120.86053559656767
2023-11-30,S004,P0015,255,212.31476978884115,42.68523021115885
2023-11-30,S003,P0004,72,46.023639418354776,25.976360581645224
2023-11-30,S002,P0020,75,225.75562178802255,-150.75562178802255
2023-11-30,S004,P0018,25,51.77965894543007,-26.77965894543007
2023-11-30,S001,P0011,136,119.20671648235952,16.793283517640475
2023-11-30,S001,P0013,75,102.60979865453447,-27.609798654534472
2023-11-30,S005,P0017,41,222.85071152849895,-181.85071152849895
2023-11-30,S005,P0007,136,211.4725588530615,-75.47255885306151
2023-11-30,S005,P0001,81,145.14949134468827,-64.14949134468827
2023-11-30,S005,P0003,115,70.24399512289585,44.75600487710415
2023-11-30,S002,P0015,98,180.16901025452484,-82.16901025452484
2023-11-30,S003,P0003,273,165.68079824666808,107.31920175333192
2023-11-30,S003,P0001,9,29.686432127886235,-20.686432127886235
2023-11-30,S001,P0004,46,45.59008950671307,0.4099104932869295
2023-11-30,S001,P0014,340,245.36518271104967,94.63481728895033
2023-11-30,S002,P0016,274,139.42960507833362,134.57039492166638
2023-11-30,S002,P0014,20,88.40280623034346,-68.40280623034346
2023-11-30,S003,P0005,0,91.06112813176594,-91.06112813176594
2023-11-30,S002,P0018,253,143.5339210211414,109.4660789788586
2023-11-30,S001,P0017,5,46.28314285627971,-41.28314285627971
2023-11-30,S002,P0012,140,85.5369054856697,54.463094514330294
2023-11-30,S005,P0015,396,213.65579397655387,182.34420602344613
2023-11-30,S002,P0003,250,199.1462118888278,50.85378811117221
2023-11-30,S005,P0013,244,158.44435166097577,85.55564833902423
2023-11-30,S004,P0008,168,225.63800556586398,-57.63800556586398
2023-11-30,S004,P0004,254,176.59750221746202,77.40249778253798
2023-11-30,S002,P0001,291,231.0215229904751,59.97847700952491
2023-11-30,S003,P0008,35,32.43538482752194,2.5646151724780566
2023-11-30,S004,P0003,340,234.34038813473921,105.65961186526079
2023-11-30,S002,P0004,222,156.43229197119012,65.56770802880988
2023-11-30,S002,P0011,159,130.51899859604862,28.48100140395138
2023-11-30,S003,P0010,50,42.54300448419326,7.456995515806739
2023-11-30,S004,P0010,108,58.08840882620541,49.91159117379459
2023-11-30,S005,P0011,281,142.53125739593116,138.46874260406884
2023-11-30,S002,P0010,64,142.4615519033012,-78.4615519033012
2023-11-30,S005,P0018,109,59.55350879104634,49.44649120895366
2023-11-30,S003,P0017,63,171.68211826046235,-108.68211826046235
2023-11-30,S003,P0009,135,220.21851281156052,-85.21851281156052
2023-11-30,S001,P0009,204,117.4188935729976,86.5811064270024
2023-11-30,S001,P0018,116,97.03866149338052,18.961338506619484
2023-11-30,S003,P0016,53,174.20805071935445,-121.20805071935445
2023-11-30,S002,P0007,59,49.03653388109342,9.963466118906581
2023-11-30,S003,P0015,233,118.76124841872655,114.23875158127345
2023-11-30,S001,P0020,91,67.44081752221382,23.55918247778618
2023-11-30,S003,P0012,41,222.44828327444532,-181.44828327444532
2023-11-30,S003,P0011,123,220.38478379203843,-97.38478379203843
2023-11-30,S004,P0007,88,56.83698819363974,31.16301180636026
2023-11-30,S004,P0009,245,190.7450621385803,54.254937861419705
2023-11-30,S004,P0006,13,44.7330683496952,-31.733068349695202
2023-11-30,S003,P0013,192,139.77274524819262,52.22725475180738
2023-11-30,S004,P0012,64,59.43241494973489,4.567585050265109
2023-11-30,S002,P0009,184,193.05590793565932,-9.05590793565932
2023-11-30,S001,P0008,68,47.84910041381477,20.150899586185233
2023-11-30,S002,P0002,369,239.04182236410657,129.95817763589343
2023-11-30,S005,P0019,21,79.95455728972308,-58.954557289723084
2023-11-30,S001,P0002,27,218.71754307272573,-191.71754307272573
2023-11-30,S004,P0005,221,181.06333157524676,39.936668424753236
2023-11-30,S003,P0014,416,233.35320669706158,182.64679330293842
2023-11-30,S005,P0010,93,134.56755269819138,-41.56755269819138
2023-11-30,S001,P0005,134,76.44890227630418,57.55109772369582
2023-11-30,S004,P0013,225,114.26531154594483,110.73468845405517
2023-11-30,S001,P0006,44,216.94430319838477,-172.94430319838477
2023-11-30,S005,P0014,0,37.65054072963318,-37.65054072963318
2023-11-30,S004,P0002,103,149.52938507324558,-46.52938507324558
2023-11-30,S002,P0008,110,147.26108907860112,-37.26108907860112
2023-11-30,S002,P0006,26,89.96674214096424,-63.96674214096424
2023-11-30,S005,P0012,32,82.29863765491234,-50.29863765491234
2023-11-30,S003,P0007,121,111.23600456855502,9.763995431444982
2023-11-30,S001,P0019,82,197.36014520931974,-115.36014520931974
2023-11-30,S004,P0014,134,179.51370298385206,-45.513702983852056
2023-11-30,S003,P0020,103,55.718216680099204,47.281783319900796
2023-11-30,S005,P0008,78,50.14914944757038,27.85085055242962
2023-11-30,S001,P0007,66,70.54557724302947,-4.54557724302947
2023-11-30,S002,P0005,211,239.91736471110437,-28.91736471110437
2023-11-30,S003,P0018,276,146.04848274661913,129.95151725338087
2023-11-30,S005,P0009,126,205.5844568860797,-79.58445688607969
2023-11-30,S004,P0001,228,231.47869257042737,-3.47869257042737
2023-11-30,S001,P0001,244,209.90856512468827,34.091434875311734
2023-11-30,S003,P0019,127,148.46848442414222,-21.46848442414222
2023-11-30,S004,P0011,370,193.21878272422828,176.78121727577172
2023-12-01,S003,P0014,113,73.79963732175577,39.20036267824423
2023-12-01,S001,P0019,35,27.454229636514356,7.545770363485644
2023-12-01,S005,P0004,29,47.878698558797964,-18.878698558797964
2023-12-01,S004,P0020,167,128.9156160295464,38.08438397045359
2023-12-01,S004,P0005,34,77.17120810989809,-43.17120810989809
2023-12-01,S001,P0005,200,120.38290984455676,79.61709015544324
2023-12-01,S005,P0012,259,172.07460126939748,86.92539873060252
2023-12-01,S005,P0010,256,226.97307818750534,29.026921812494663
2023-12-01,S004,P0017,60,93.21035316202403,-33.210353162024035
2023-12-01,S002,P0015,15,32.74278398914538,-17.74278398914538
2023-12-01,S005,P0007,62,147.0605176752519,-85.0605176752519
2023-12-01,S002,P0016,157,178.33921069418653,-21.339210694186534
2023-12-01,S001,P0001,185,197.2016366902949,-12.20163669029489
2023-12-01,S004,P0013,272,178.91632388069593,93.08367611930407
2023-12-01,S001,P0002,22,139.94044532467922,-117.94044532467922
2023-12-01,S001,P0014,196,99.59212181111525,96.40787818888475
2023-12-01,S003,P0005,28,81.40751626666167,-53.40751626666167
2023-12-01,S005,P0014,255,127.06712025064957,127.93287974935043
2023-12-01,S001,P0009,59,44.34434890133497,14.655651098665032
2023-12-01,S001,P0010,15,241.67052005204704,-226.67052005204704
2023-12-01,S003,P0012,238,123.1054084611772,114.8945915388228
2023-12-01,S004,P0018,4,30.66353132102546,-26.66353132102546
2023-12-01,S004,P0012,131,211.47618505582216,-80.47618505582216
2023-12-01,S001,P0003,340,240.51663389109888,99.48336610890112
2023-12-01,S003,P0011,32,25.876143228542276,6.123856771457724
2023-12-01,S003,P0002,178,246.9584787910079,-68.9584787910079
2023-12-01,S003,P0019,106,140.1158297214128,-34.11582972141281
2023-12-01,S004,P0007,81,184.5818279780176,-103.5818279780176
2023-12-01,S004,P0006,83,73.53990606453794,9.460093935462055
2023-12-01,S003,P0020,17,88.68861725962972,-71.68861725962972
2023-12-01,S004,P0015,113,118.37007314081927,-5.370073140819272
2023-12-01,S002,P0012,25,37.267741569589305,-12.267741569589305
2023-12-01,S003,P0013,3,163.05203849561354,-160.05203849561354
2023-12-01,S004,P0009,223,168.969361538121,54.03063846187899
2023-12-01,S005,P0006,388,208.32767105648168,179.67232894351832
2023-12-01,S002,P0018,33,173.546134446954,-140.546134446954
2023-12-01,S002,P0009,59,41.04956144393395,17.950438556066047
2023-12-01,S001,P0017,337,210.30163708571752,126.69836291428248
2023-12-01,S002,P0002,12,40.23487422949546,-28.23487422949546
2023-12-01,S002,P0014,37,38.66014015016367,-1.6601401501636701
2023-12-01,S001,P0006,66,74.47791489048683,-8.47791489048683
2023-12-01,S005,P0020,151,127.40633801108959,23.593661988910412
2023-12-01,S005,P0019,433,236.38386237475424,196.61613762524576
2023-12-01,S004,P0019,23,30.961757640970802,-7.961757640970802
2023-12-01,S001,P0015,361,221.26857370408152,139.73142629591848
2023-12-01,S004,P0011,53,110.85797138279656,-57.85797138279656
2023-12-01,S001,P0012,12,106.39291117737503,-94.39291117737503
2023-12-01,S002,P0004,27,30.12913163523791,-3.1291316352379113
2023-12-01,S003,P0008,195,106.52815411102716,88.47184588897284
2023-12-01,S002,P0020,159,183.1492066295799,-24.149206629579908
2023-12-01,S003,P0016,252,171.82621333195937,80.17378666804063
2023-12-01,S003,P0007,137,234.8958349074233,-97.8958349074233
2023-12-01,S002,P0006,26,50.654490197658276,-24.654490197658276
2023-12-01,S005,P0011,118,145.30008132203062,-27.30008132203062
2023-12-01,S004,P0010,60,90.16549314136887,-30.16549314136887
2023-12-01,S005,P0002,74,37.78379283876683,36.21620716123317
2023-12-01,S005,P0009,3,62.12824481574762,-59.12824481574762
2023-12-01,S001,P0004,99,97.93709750294954,1.0629024970504588
2023-12-01,S005,P0005,29,44.78564963518892,-15.785649635188918
2023-12-01,S003,P0009,81,209.67094173320328,-128.67094173320328
2023-12-01,S005,P0018,265,138.00940343949492,126.99059656050508
2023-12-01,S002,P0019,112,74.84253295925197,37.15746704074803
2023-12-01,S003,P0003,76,111.65672930829965,-35.656729308299646
2023-12-01,S003,P0017,45,35.792383315996176,9.207616684003824
2023-12-01,S001,P0016,44,44.30745254709598,-0.307452547095977
2023-12-01,S003,P0018,100,49.670930440347604,50.329069559652396
2023-12-01,S002,P0013,41,29.898878737500183,11.101121262499817
2023-12-01,S002,P0007,310,158.91088258574865,151.08911741425135
2023-12-01,S004,P0001,316,190.8465302909092,125.15346970909081
2023-12-01,S002,P0017,193,182.79725934908544,10.202740650914564
2023-12-01,S004,P0014,274,172.8342921178347,101.1657078821653
2023-12-01,S001,P0020,75,154.72673632801082,-79.72673632801082
2023-12-01,S004,P0003,242,170.58503489743816,71.41496510256184
2023-12-01,S001,P0011,22,38.338481877553704,-16.338481877553704
2023-12-01,S001,P0008,75,48.37079669717684,26.629203302823157
2023-12-01,S005,P0008,78,121.61233854203988,-43.61233854203988
2023-12-01,S003,P0015,192,110.57421480252572,81.42578519747428
2023-12-01,S005,P0003,56,91.99901642747216,-35.99901642747216
2023-12-01,S005,P0001,25,88.0073461414039,-63.0073461414039
2023-12-01,S002,P0011,40,149.8474094190061,-109.84740941900611
2023-12-01,S002,P0003,78,41.60394430932263,36.39605569067737
2023-12-01,S002,P0010,206,140.63937928879056,65.36062071120944
2023-12-01,S003,P0004,79,60.388359240863224,18.611640759136776
2023-12-01,S005,P0013,100,193.61558960746657,-93.61558960746657
2023-12-01,S004,P0016,179,184.7335564439743,-5.733556443974294
2023-12-01,S002,P0005,9,66.43178970527089,-57.43178970527089
2023-12-01,S005,P0015,255,244.98690892529044,10.013091074709564
2023-12-01,S001,P0013,0,90.17188183346252,-90.17188183346252
2023-12-01,S005,P0016,102,61.79035998695514,40.20964001304486
2023-12-01,S004,P0004,0,101.08781945671683,-101.08781945671683
2023-12-01,S004,P0008,93,60.7659044852183,32.2340955147817
2023-12-01,S002,P0008,316,238.49875049481955,77.50124950518045
2023-12-01,S001,P0018,126,93.54030201470249,32.45969798529751
2023-12-01,S003,P0006,319,171.69457812557084,147.30542187442916
2023-12-01,S001,P0007,56,49.874948639204035,6.125051360795965
2023-12-01,S003,P0010,139,182.5437397708609,-43.543739770860896
2023-12-01,S005,P0017,24,28.87360887566018,-4.873608875660182
2023-12-01,S002,P0001,8,149.37775802705062,-141.37775802705062
2023-12-02,S002,P0010,223,126.33399900634521,96.66600099365479
2023-12-02,S005,P0006,60,46.92014511725097,13.079854882749032
2023-12-02,S003,P0011,308,200.91827736424642,107.08172263575358
2023-12-02,S002,P0012,4,74.99282455370991,-70.99282455370991
2023-12-02,S001,P0019,217,178.303735185231,38.696264814768995
2023-12-02,S004,P0011,103,136.71777144418945,-33.71777144418945
2023-12-02,S004,P0016,17,180.80061875046897,-163.80061875046897
2023-12-02,S001,P0016,127,191.99149578803622,-64.99149578803622
2023-12-02,S001,P0009,108,72.94326659325225,35.05673340674775
2023-12-02,S003,P0009,291,201.14481377294527,89.85518622705473
2023-12-02,S004,P0018,9,54.78643992468989,-45.78643992468989
2023-12-02,S004,P0010,258,147.44555798417872,110.55444201582128
2023-12-02,S005,P0016,340,212.49369880550228,127.50630119449772
2023-12-02,S002,P0011,137,89.96521195409002,47.03478804590998
2023-12-02,S001,P0020,191,155.94633456039344,35.05366543960656
2023-12-02,S001,P0002,222,131.02537153594574,90.97462846405426
2023-12-02,S004,P0017,199,116.6177161544627,82.3822838455373
2023-12-02,S001,P0010,212,131.69604590854698,80.30395409145302
2023-12-02,S004,P0009,64,227.4116431979686,-163.4116431979686
2023-12-02,S003,P0010,20,39.56084592848265,-19.56084592848265
2023-12-02,S003,P0004,78,178.26919448350964,-100.26919448350964
2023-12-02,S003,P0014,241,227.8635396851633,13.136460314836711
2023-12-02,S002,P0015,349,218.95755061022112,130.04244938977888
2023-12-02,S002,P0008,140,87.68492608711756,52.31507391288244
2023-12-02,S004,P0003,16,32.816368872198666,-16.816368872198666
2023-12-02,S001,P0011,136,227.428146869204,-91.428146869204
2023-12-02,S002,P0004,75,43.473069997412665,31.526930002587335
2023-12-02,S002,P0020,63,160.5855352486355,-97.5855352486355
2023-12-02,S003,P0016,255,245.98287500420577,9.017124995794234
2023-12-02,S005,P0011,33,65.92122623234309,-32.92122623234309
2023-12-02,S005,P0002,61,39.8873706849277,21.112629315072297
2023-12-02,S005,P0005,13,43.45740639804825,-30.45740639804825
2023-12-02,S005,P0018,65,97.8594806392179,-32.85948063921791
2023-12-02,S003,P0017,23,176.33072726144286,-153.33072726144286
2023-12-02,S002,P0007,71,74.79592836207257,-3.795928362072573
2023-12-02,S002,P0017,229,231.38287825207902,-2.382878252079024
2023-12-02,S004,P0001,30,107.87645516605511,-77.87645516605511
2023-12-02,S003,P0018,55,156.3218616122595,-101.32186161225951
2023-12-02,S002,P0019,167,227.59204815662048,-60.59204815662048
2023-12-02,S002,P0006,71,161.1234061384714,-90.12340613847141
2023-12-02,S001,P0007,241,185.3497392198862,55.6502607801138
2023-12-02,S002,P0005,152,199.32352309511953,-47.323523095119526
2023-12-02,S005,P0003,474,237.44477881168024,236.55522118831976
2023-12-02,S001,P0012,36,117.74514967105131,-81.74514967105131
2023-12-02,S001,P0001,200,105.02876124430617,94.97123875569383
2023-12-02,S005,P0004,40,36.8220968100556,3.177903189944402
2023-12-02,S005,P0020,170,127.08545640227669,42.91454359772331
2023-12-02,S002,P0018,176,138.03141374167177,37.96858625832823
2023-12-02,S003,P0020,333,220.50418451953408,112.49581548046592
2023-12-02,S003,P0019,124,100.5992410505595,23.4007589494405
2023-12-02,S004,P0004,94,109.93880568435168,-15.938805684351678
2023-12-02,S005,P0009,40,46.676407216356836,-6.676407216356836
2023-12-02,S001,P0013,9,72.40162292372423,-63.40162292372423
2023-12-02,S005,P0013,236,156.374000712748,79.625999287252
2023-12-02,S003,P0003,34,100.3844334643033,-66.3844334643033
2023-12-02,S001,P0004,272,168.23240293019927,103.76759706980073
2023-12-02,S004,P0008,239,125.94294067364194,113.05705932635806
2023-12-02,S001,P0015,223,219.5602939566685,3.439706043331512
2023-12-02,S005,P0014,270,182.7493769081483,87.25062309185171
2023-12-02,S002,P0001,37,37.56699099719589,-0.5669909971958873
2023-12-02,S003,P0012,215,196.86572814916315,18.134271850836853
2023-12-02,S001,P0003,65,59.6571392968022,5.3428607031978
2023-12-02,S003,P0002,19,189.43967596566426,-170.43967596566426
2023-12-02,S004,P0007,264,208.14683268284165,55.85316731715835
2023-12-02,S004,P0006,73,213.32869745549522,-140.32869745549522
2023-12-02,S003,P0013,45,27.495655164241498,17.504344835758502
2023-12-02,S002,P0009,53,124.85498642478325,-71.85498642478325
2023-12-02,S002,P0002,20,33.73885243524029,-13.73885243524029
2023-12-02,S005,P0019,214,137.8453408333649,76.1546591666351
2023-12-02,S004,P0019,55,42.97284769140174,12.02715230859826
2023-12-02,S004,P0005,251,137.31075387091403,113.68924612908597
2023-12-02,S004,P0020,55,53.892474606158146,1.1075253938418541
2023-12-02,S005,P0010,328,162.25975593734069,165.74024406265931
2023-12-02,S002,P0016,29,203.52131990349824,-174.52131990349824
2023-12-02,S001,P0014,107,53.61301042025394,53.38698957974606
2023-12-02,S001,P0006,31,22.105243918295344,8.894756081704656
2023-12-02,S003,P0001,73,182.57565723099458,-109.57565723099458
2023-12-02,S001,P0008,1,80.73513296504063,-79.73513296504063
2023-12-02,S003,P0015,42,94.19578111924682,-52.19578111924682
2023-12-02,S005,P0001,134,144.74562909050917,-10.74562909050917
2023-12-02,S002,P0003,177,131.95176663486706,45.048233365132944
2023-12-02,S005,P0017,205,187.44895300803887,17.55104699196113
2023-12-02,S003,P0005,53,63.18302070435129,-10.183020704351293
2023-12-02,S004,P0002,42,99.57534068212436,-57.57534068212436
2023-12-02,S001,P0018,33,33.79061752549842,-0.7906175254984191
2023-12-02,S004,P0014,142,104.7977491075693,37.2022508924307
2023-12-02,S002,P0014,179,111.07568769778538,67.92431230221462
2023-12-02,S005,P0008,101,239.9232316809405,-138.9232316809405
2023-12-02,S005,P0015,200,155.14926015117334,44.85073984882666
2023-12-02,S004,P0015,40,85.62854766006558,-45.62854766006558
2023-12-02,S001,P0017,245,146.5499403383668,98.45005966163319
2023-12-02,S004,P0013,88,79.0688973537674,8.931102646232603
2023-12-02,S004,P0012,28,224.70911737337525,-196.70911737337525
2023-12-02,S005,P0007,215,245.57057338007286,-30.570573380072858
2023-12-02,S003,P0007,97,169.33410184474633,-72.33410184474633
2023-12-02,S001,P0005,209,148.63390910447828,60.36609089552172
2023-12-02,S003,P0006,98,104.16445346542037,-6.164453465420365
2023-12-02,S002,P0013,292,159.94224592295546,132.05775407704454
2023-12-03,S002,P0002,59,34.487756790864864,24.512243209135136
2023-12-03,S003,P0003,76,212.54664355379896,-136.54664355379896
2023-12-03,S001,P0007,122,122.76034587702435,-0.7603458770243492
2023-12-03,S004,P0014,22,128.76599612814277,-106.76599612814277
2023-12-03,S005,P0010,3,182.95903586765183,-179.95903586765183
2023-12-03,S001,P0010,311,162.6233830666382,148.3766169333618
2023-12-03,S001,P0014,24,150.31743030933347,-126.31743030933347
2023-12-03,S002,P0020,17,59.667349759779086,-42.667349759779086
2023-12-03,S003,P0009,1,97.6592050368887,-96.6592050368887
2023-12-03,S002,P0010,112,115.98305831664373,-3.983058316643735
2023-12-03,S002,P0005,221,191.23245257025957,29.767547429740432
2023-12-03,S004,P0016,159,220.51600981148488,-61.51600981148488
2023-12-03,S004,P0007,66,53.30461665261953,12.69538334738047
2023-12-03,S001,P0009,119,142.62963741584332,-23.62963741584332
2023-12-03,S005,P0018,182,109.8199088127476,72.1800911872524
2023-12-03,S001,P0016,52,57.23311989064274,-5.23311989064274
2023-12-03,S001,P0011,2,53.819410842150376,-51.819410842150376
2023-12-03,S003,P0015,151,94.05849279836752,56.941507201632476
2023-12-03,S001,P0008,189,167.48649320186348,21.51350679813652
2023-12-03,S003,P0006,83,89.53473004571521,-6.534730045715207
2023-12-03,S005,P0013,30,22.94330290590642,7.056697094093579
2023-12-03,S001,P0001,122,240.15635176394989,-118.15635176394989
2023-12-03,S002,P0009,150,86.49541077021661,63.50458922978339
2023-12-03,S004,P0003,31,182.94902972944374,-151.94902972944374
2023-12-03,S005,P0005,186,217.0046765882592,-31.0046765882592
2023-12-03,S001,P0012,57,134.65530250763402,-77.65530250763402
2023-12-03,S003,P0016,135,108.99356293317555,26.006437066824446
2023-12-03,S002,P0016,123,73.51664384457183,49.48335615542817
2023-12-03,S003,P0010,12,53.35468375996351,-41.35468375996351
2023-12-03,S004,P0013,39,40.323448751948376,-1.3234487519483764
2023-12-03,S004,P0001,170,208.6500522296439,-38.650052229643904
2023-12-03,S004,P0012,52,188.94586246557617,-136.94586246557617
2023-12-03,S003,P0004,418,226.49112005521363,191.50887994478637
2023-12-03,S001,P0006,50,167.2282034834521,-117.22820348345209
2023-12-03,S003,P0001,250,232.25573824208084,17.744261757919162
2023-12-03,S002,P0017,77,99.527283683868,-22.527283683868006
2023-12-03,S005,P0007,27,27.42110833511481,-0.42110833511480905
2023-12-03,S005,P0008,55,212.73797078755706,-157.73797078755706
2023-12-03,S002,P0007,398,196.44645065139758,201.55354934860242
2023-12-03,S002,P0011,88,116.88149368196008,-28.88149368196008
2023-12-03,S003,P0002,255,232.86368752601334,22.136312473986663
2023-12-03,S002,P0015,121,93.40512069359846,27.594879306401538
2023-12-03,S001,P0020,147,118.31409638051292,28.68590361948708
2023-12-03,S005,P0015,7,32.393140784692946,-25.393140784692946
2023-12-03,S001,P0002,265,173.05183142106375,91.94816857893625
2023-12-03,S003,P0018,310,225.90436213350108,84.09563786649892
2023-12-03,S004,P0017,363,231.2936708503907,131.7063291496093
2023-12-03,S002,P0004,12,42.281464945082064,-30.281464945082064
2023-12-03,S002,P0013,227,208.84030695193127,18.159693048068732
2023-12-03,S001,P0005,287,154.7973931134319,132.2026068865681
2023-12-03,S001,P0015,361,179.2560244539569,181.7439755460431
2023-12-03,S003,P0017,395,195.31438636902436,199.68561363097564
2023-12-03,S003,P0008,95,84.4147476673154,10.585252332684604
2023-12-03,S002,P0006,99,57.65680328152399,41.34319671847601
2023-12-03,S005,P0006,55,97.76984417434596,-42.76984417434596
2023-12-03,S005,P0017,101,97.66363189708864,3.336368102911365
2023-12-03,S003,P0013,18,67.33971997157198,-49.33971997157198
2023-12-03,S002,P0019,221,213.6835881714934,7.316411828506602
2023-12-03,S005,P0016,22,28.47880696617534,-6.478806966175341
2023-12-03,S005,P0009,86,88.06363709824114,-2.063637098241145
2023-12-03,S004,P0015,40,161.15339450018962,-121.15339450018962
2023-12-03,S004,P0006,21,38.60243837397195,-17.60243837397195
2023-12-03,S005,P0014,231,240.85446290698155,-9.854462906981553
2023-12-03,S003,P0007,333,188.29500179351567,144.70499820648433
2023-12-03,S004,P0010,78,133.0134887404751,-55.01348874047511
2023-12-03,S005,P0003,23,57.78634603204921,-34.78634603204921
2023-12-03,S004,P0002,220,149.44907131511536,70.55092868488464
2023-12-03,S001,P0004,258,134.91633654315308,123.08366345684692
2023-12-03,S004,P0005,61,87.45679424977942,-26.45679424977942
2023-12-03,S005,P0020,67,69.73351216555949,-2.733512165559489
2023-12-03,S001,P0019,52,153.8108176286641,-101.8108176286641
2023-12-03,S003,P0005,266,176.32812606887336,89.67187393112664
2023-12-03,S004,P0020,161,230.0923296840429,-69.09232968404291
2023-12-03,S004,P0009,120,95.70777165741896,24.29222834258104
2023-12-03,S005,P0001,37,48.60227603173479,-11.602276031734789
2023-12-03,S001,P0018,71,152.39753326423494,-81.39753326423494
2023-12-03,S003,P0020,1,52.52112954160293,-51.52112954160293
2023-12-03,S005,P0019,131,155.07488174841717,-24.07488174841717
2023-12-03,S002,P0008,340,243.04094986911178,96.95905013088822
2023-12-03,S004,P0019,45,39.803103178903086,5.196896821096914
2023-12-03,S002,P0003,458,238.68286130945182,219.31713869054818
2023-12-03,S001,P0013,208,125.23388991053122,82.76611008946878
2023-12-03,S003,P0012,9,140.97856597033592,-131.97856597033592
2023-12-03,S002,P0012,80,247.73210708935352,-167.73210708935352
2023-12-03,S002,P0018,114,75.22613696936304,38.77386303063696
2023-12-03,S003,P0011,21,29.80315293006322,-8.80315293006322
2023-12-03,S002,P0014,78,72.45126260031304,5.5487373996869565
2023-12-03,S005,P0002,225,187.6053072091786,37.39469279082141
2023-12-03,S003,P0014,169,115.67480507609895,53.32519492390105
2023-12-03,S001,P0017,284,189.8303893793356,94.1696106206644
2023-12-03,S004,P0018,202,101.29059543237128,100.70940456762872
2023-12-03,S005,P0011,66,125.20064590812939,-59.20064590812939
2023-12-03,S005,P0004,69,117.9754103222046,-48.975410322204596
2023-12-03,S004,P0011,66,192.85190852559612,-126.85190852559612
2023-12-03,S003,P0019,214,242.11350461257314,-28.113504612573138
2023-12-03,S005,P0012,162,235.2365477100738,-73.23654771007381
2023-12-03,S004,P0004,50,162.8069557045613,-112.80695570456129
2023-12-03,S001,P0003,4,23.505251690759792,-19.505251690759792
2023-12-03,S004,P0008,186,218.77009404257905,-32.770094042579046
2023-12-04,S005,P0014,45,68.1536826243144,-23.1536826243144
2023-12-04,S002,P0019,364,245.82070060425661,118.17929939574339
2023-12-04,S005,P0009,92,53.42263906952064,38.57736093047936
2023-12-04,S003,P0001,50,148.01032841025204,-98.01032841025204
2023-12-04,S004,P0020,195,143.45974948154014,51.54025051845986
2023-12-04,S005,P0016,63,231.65442736353958,-168.65442736353958
2023-12-04,S001,P0013,417,210.819874623953,206.180125376047
2023-12-04,S002,P0017,51,26.069994613748634,24.930005386251366
2023-12-04,S003,P0007,334,239.11953575424093,94.88046424575907
2023-12-04,S005,P0006,419,225.06451624322528,193.93548375677472
2023-12-04,S002,P0014,213,123.99710882495197,89.00289117504803
2023-12-04,S005,P0015,76,67.41344125954708,8.586558740452915
2023-12-04,S005,P0017,3,26.44215234994732,-23.44215234994732
2023-12-04,S003,P0017,75,63.69080221660806,11.309197783391937
2023-12-04,S003,P0010,111,238.3228034353143,-127.32280343531431
2023-12-04,S004,P0004,31,27.936244582658617,3.0637554173413832
2023-12-04,S004,P0018,85,215.6681373184083,-130.6681373184083
2023-12-04,S002,P0006,29,44.811810197210605,-15.811810197210605
2023-12-04,S003,P0008,4,227.80775489085886,-223.80775489085886
2023-12-04,S001,P0020,131,87.56580023348113,43.43419976651887
2023-12-04,S002,P0012,347,237.65445517803016,109.34554482196984
2023-12-04,S002,P0015,67,92.0924729388982,-25.092472938898197
2023-12-04,S004,P0015,169,242.43760798274235,-73.43760798274235
2023-12-04,S004,P0012,87,167.66574550385025,-80.66574550385025
2023-12-04,S001,P0017,145,78.95026671048976,66.04973328951024
2023-12-04,S004,P0001,30,87.04684098921331,-57.04684098921331
2023-12-04,S002,P0001,127,86.04960961771366,40.95039038228634
2023-12-04,S003,P0004,53,60.076372698307864,-7.076372698307864
2023-12-04,S001,P0006,243,136.6228569020957,106.37714309790431
2023-12-04,S003,P0020,70,235.56475142617916,-165.56475142617916
2023-12-04,S001,P0018,442,226.17371797505444,215.82628202494556
2023-12-04,S004,P0005,225,144.0223446676992,80.9776553323008
2023-12-04,S005,P0008,115,55.8754546361414,59.1245453638586
2023-12-04,S004,P0008,27,134.33747312199864,-107.33747312199864
2023-12-04,S005,P0002,18,38.67926194351986,-20.67926194351986
2023-12-04,S004,P0013,350,184.64350543392055,165.35649456607945
2023-12-04,S005,P0007,150,226.46340484974797,-76.46340484974797
2023-12-04,S002,P0007,42,168.8722331013738,-126.87223310137381
2023-12-04,S002,P0003,106,138.8141878989744,-32.81418789897441
2023-12-04,S003,P0018,120,205.23790671159713,-85.23790671159713
2023-12-04,S003,P0005,313,204.09951711106646,108.90048288893354
2023-12-04,S002,P0011,167,97.3765436760072,69.6234563239928
2023-12-04,S005,P0011,239,195.65324582984334,43.34675417015666
2023-12-04,S003,P0019,105,54.677853941272474,50.322146058727526
2023-12-04,S003,P0002,306,173.7024909322492,132.2975090677508
2023-12-04,S004,P0017,320,244.4999887381968,75.5000112618032
2023-12-04,S004,P0006,56,93.74871612432338,-37.74871612432338
2023-12-04,S003,P0012,105,122.40437314340545,-17.40437314340545
2023-12-04,S002,P0004,219,106.58398883909803,112.41601116090197
2023-12-04,S005,P0012,43,132.17280403354187,-89.17280403354187
2023-12-04,S001,P0016,160,153.9144247030914,6.085575296908587
2023-12-04,S005,P0020,420,233.9154395388632,186.0845604611368
2023-12-04,S001,P0011,28,118.6554357568574,-90.6554357568574
2023-12-04,S005,P0018,43,45.94212047812607,-2.9421204781260712
2023-12-04,S002,P0016,59,40.14353838733962,18.856461612660382
2023-12-04,S004,P0002,43,201.14349276342256,-158.14349276342256
2023-12-04,S004,P0009,345,234.07984942323122,110.92015057676878
2023-12-04,S001,P0005,259,223.88183112222686,35.118168877773144
2023-12-04,S005,P0003,35,191.2434231373233,-156.2434231373233
2023-12-04,S003,P0006,47,121.78426694110988,-74.78426694110988
2023-12-04,S001,P0002,251,189.61489000247946,61.385109997520544
2023-12-04,S002,P0009,120,163.57178415718533,-43.571784157185334
2023-12-04,S003,P0014,18,86.08266679769815,-68.08266679769815
2023-12-04,S004,P0003,29,36.17971644116608,-7.179716441166079
2023-12-04,S001,P0004,112,70.86781707332733,41.13218292667267
2023-12-04,S001,P0012,130,95.74581066343154,34.25418933656846
2023-12-04,S005,P0005,164,81.37364723861623,82.62635276138377
2023-12-04,S005,P0010,170,87.06601772399773,82.93398227600227
2023-12-04,S005,P0004,212,125.81327772392848,86.18672227607152
2023-12-04,S002,P0002,33,85.08745091867536,-52.08745091867536
2023-12-04,S005,P0013,119,98.6874809934564,20.312519006543596
2023-12-04,S004,P0016,245,160.93141628152523,84.06858371847477
2023-12-04,S001,P0008,88,58.91718958670026,29.08281041329974
2023-12-04,S003,P0016,135,67.1492098859427,67.8507901140573
2023-12-04,S001,P0001,49,26.861328672534796,22.138671327465204
2023-12-04,S003,P0015,249,171.14453599961996,77.85546400038004
2023-12-04,S001,P0003,329,243.09325046148365,85.90674953851635
2023-12-04,S004,P0011,85,237.0673963290605,-152.0673963290605
2023-12-04,S004,P0007,60,83.84531154446483,-23.845311544464835
2023-12-04,S001,P0009,22,204.8107626501623,-182.8107626501623
2023-12-04,S001,P0019,138,73.94652602853961,64.05347397146039
2023-12-04,S002,P0010,113,130.82542062641795,-17.82542062641795
2023-12-04,S004,P0010,74,124.25076487696754,-50.25076487696754
2023-12-04,S003,P0011,87,244.1458313694872,-157.1458313694872
2023-12-04,S002,P0013,87,131.09827759899167,-44.09827759899167
2023-12-04,S003,P0013,99,60.82568754528029,38.17431245471971
2023-12-04,S003,P0003,304,173.70181047125396,130.29818952874604
2023-12-04,S002,P0018,390,208.27623043453428,181.72376956546572
2023-12-04,S001,P0007,255,184.78443977739738,70.21556022260262
2023-12-04,S005,P0001,357,191.7117447259788,165.2882552740212
2023-12-04,S002,P0005,202,170.2531271825747,31.7468728174253
2023-12-04,S004,P0014,234,227.24707152141679,6.752928478583215
2023-12-04,S002,P0020,20,36.46398404686687,-16.46398404686687
2023-12-04,S004,P0019,256,150.7707522548581,105.22924774514189
2023-12-04,S002,P0008,68,240.30209680085954,-172.30209680085954
2023-12-04,S001,P0015,30,33.73267208749422,-3.7326720874942225
2023-12-04,S001,P0014,43,61.00181856056537,-18.00181856056537
2023-12-04,S005,P0019,379,228.81495501231478,150.18504498768522
2023-12-04,S003,P0009,291,180.76106016556048,110.23893983443952
2023-12-04,S001,P0010,206,121.01860570992699,84.98139429007301
2023-12-05,S002,P0010,93,81.99862341302395,11.00137658697605
2023-12-05,S004,P0002,278,164.71917600621947,113.28082399378053
2023-12-05,S003,P0015,129,124.81818308858868,4.1818169114113175
2023-12-05,S005,P0002,9,41.91682187636735,-32.91682187636735
2023-12-05,S005,P0013,123,135.4635696144004,-12.463569614400399
2023-12-05,S005,P0001,8,38.151172724575815,-30.151172724575815
2023-12-05,S002,P0013,413,218.89361481137888,194.10638518862112
2023-12-05,S001,P0008,106,151.16676732790359,-45.166767327903585
2023-12-05,S002,P0020,203,115.16851943499404,87.83148056500596
2023-12-05,S003,P0017,72,230.47616848929772,-158.47616848929772
2023-12-05,S004,P0017,239,151.13605066106493,87.86394933893507
2023-12-05,S003,P0012,9,42.96816956182482,-33.96816956182482
2023-12-05,S001,P0003,39,224.90592804413336,-185.90592804413336
2023-12-05,S005,P0005,166,120.14930126303989,45.85069873696011
2023-12-05,S005,P0007,196,153.78675887847515,42.213241121524845
2023-12-05,S003,P0016,132,115.88077954710383,16.119220452896172
2023-12-05,S005,P0018,86,62.27248047553422,23.727519524465777
2023-12-05,S001,P0010,144,236.5563361242252,-92.5563361242252
2023-12-05,S001,P0006,163,131.77078011212808,31.22921988787192
2023-12-05,S002,P0007,4,43.897222489856915,-39.897222489856915
2023-12-05,S005,P0009,60,43.86027680471625,16.13972319528375
2023-12-05,S002,P0003,345,207.13158660862604,137.86841339137396
2023-12-05,S005,P0006,400,202.83704614572548,197.16295385427452
2023-12-05,S004,P0009,25,245.6227606466531,-220.6227606466531
2023-12-05,S004,P0007,335,240.16400068651,94.83599931348999
2023-12-05,S003,P0011,373,240.40434120820993,132.59565879179007
2023-12-05,S005,P0011,59,28.990882442782095,30.009117557217905
2023-12-05,S001,P0020,50,81.82347732230414,-31.823477322304143
2023-12-05,S001,P0004,296,234.46825425708698,61.53174574291302
2023-12-05,S004,P0011,61,31.550023798165228,29.449976201834772
2023-12-05,S005,P0012,139,174.68903520029068,-35.689035200290675
2023-12-05,S005,P0017,107,97.5519012924475,9.448098707552504
2023-12-05,S001,P0001,66,51.67119476383397,14.328805236166033
2023-12-05,S002,P0002,167,93.44618601172232,73.55381398827768
2023-12-05,S004,P0016,159,161.54924073083055,-2.5492407308305474
2023-12-05,S003,P0014,119,59.69038836656921,59.30961163343079
2023-12-05,S005,P0010,249,211.63691366298286,37.36308633701714
2023-12-05,S001,P0012,282,210.55115120816282,71.44884879183718
2023-12-05,S002,P0009,49,239.80707100476508,-190.80707100476508
2023-12-05,S003,P0006,160,138.70368513434516,21.296314865654836
2023-12-05,S003,P0001,12,60.403838213823065,-48.403838213823065
2023-12-05,S001,P0016,109,150.119227558942,-41.119227558941986
2023-12-05,S002,P0016,91,84.26796762802815,6.7320323719718544
2023-12-05,S001,P0011,354,204.7223431235223,149.2776568764777
2023-12-05,S004,P0003,79,191.6734776279855,-112.6734776279855
2023-12-05,S001,P0009,188,121.81992546594012,66.18007453405988
2023-12-05,S005,P0004,454,248.9392793989556,205.0607206010444
2023-12-05,S001,P0005,45,110.87073509916331,-65.87073509916331
2023-12-05,S004,P0005,14,52.09813303123366,-38.09813303123366
2023-12-05,S003,P0019,63,200.08045532894994,-137.08045532894994
2023-12-05,S001,P0018,185,135.89234696490735,49.10765303509265
2023-12-05,S005,P0019,40,50.58560634824812,-10.58560634824812
2023-12-05,S001,P0017,0,149.54781761281214,-149.54781761281214
2023-12-05,S003,P0005,16,106.45652195149859,-90.45652195149859
2023-12-05,S002,P0014,46,29.566448243433626,16.433551756566374
2023-12-05,S001,P0002,82,75.70233574836902,6.297664251630977
2023-12-05,S003,P0020,92,73.85830563593134,18.141694364068655
2023-12-05,S002,P0012,60,99.6788839728136,-39.678883972813594
2023-12-05,S001,P0013,65,170.3073065165077,-105.30730651650771
2023-12-05,S001,P0019,117,93.91075713565812,23.089242864341884
2023-12-05,S002,P0008,57,154.45894470579213,-97.45894470579213
2023-12-05,S004,P0019,151,107.03977986781888,43.96022013218112
2023-12-05,S002,P0018,128,126.70362707238274,1.2963729276172558
2023-12-05,S005,P0020,81,151.9031097057432,-70.90310970574319
2023-12-05,S004,P0008,121,169.40986166664516,-48.409861666645156
2023-12-05,S002,P0005,242,156.19180575168156,85.80819424831844
2023-12-05,S005,P0003,387,227.49601890927715,159.50398109072285
2023-12-05,S004,P0006,138,158.52542413476635,-20.525424134766354
2023-12-05,S004,P0012,82,215.29631176485145,-133.29631176485145
2023-12-05,S001,P0015,115,136.41043442275776,-21.41043442275776
2023-12-05,S003,P0018,12,57.72824171951845,-45.72824171951845
2023-12-05,S002,P0004,61,175.02674596410804,-114.02674596410804
2023-12-05,S004,P0013,469,237.9084843992798,231.0915156007202
2023-12-05,S003,P0004,32,31.16393183539458,0.8360681646054218
2023-12-05,S004,P0015,196,219.30110872543275,-23.301108725432755
2023-12-05,S002,P0017,228,158.69656752517938,69.30343247482062
2023-12-05,S004,P0001,74,85.36749910712427,-11.367499107124274
2023-12-05,S002,P0001,256,144.6124452662346,111.3875547337654
2023-12-05,S004,P0004,74,63.00296767196687,10.997032328033129
2023-12-05,S002,P0015,122,159.49426788575323,-37.49426788575323
2023-12-05,S002,P0011,198,214.59333829269798,-16.59333829269798
2023-12-05,S003,P0002,90,60.03199231814909,29.968007681850906
2023-12-05,S005,P0008,67,63.5802750689835,3.4197249310165034
2023-12-05,S005,P0014,250,143.16647050164562,106.83352949835438
2023-12-05,S005,P0016,148,103.68737444131142,44.31262555868858
2023-12-05,S004,P0018,288,161.9753012782902,126.0246987217098
2023-12-05,S004,P0010,340,231.88107279128712,108.11892720871288
2023-12-05,S003,P0003,75,79.17710833673112,-4.1771083367311235
2023-12-05,S003,P0007,50,153.0337871742418,-103.03378717424181
2023-12-05,S001,P0007,88,203.43438226022738,-115.43438226022738
2023-12-05,S003,P0009,25,42.94362720528238,-17.943627205282382
2023-12-05,S002,P0006,101,102.27029893436196,-1.2702989343619606
2023-12-05,S003,P0010,396,237.50634368135383,158.49365631864617
2023-12-05,S003,P0008,183,232.0875662065131,-49.08756620651309
2023-12-05,S003,P0013,82,219.9565399577649,-137.9565399577649
2023-12-05,S004,P0014,80,110.1239386009907,-30.123938600990698
2023-12-05,S001,P0014,49,39.37861005263295,9.62138994736705
2023-12-05,S005,P0015,64,208.30906263248625,-144.30906263248625
2023-12-06,S001,P0015,134,131.7881702845653,2.2118297154347033
2023-12-06,S004,P0008,330,183.43388953769187,146.56611046230813
2023-12-06,S005,P0015,52,41.75345349459184,10.246546505408162
2023-12-06,S001,P0018,304,244.0440080810552,59.95599191894479
2023-12-06,S002,P0001,101,102.82630058087074,-1.8263005808707362
2023-12-06,S005,P0009,360,237.0324414671985,122.96755853280149
2023-12-06,S002,P0015,20,201.85679490622982,-181.85679490622982
2023-12-06,S002,P0010,239,192.59106524233772,46.40893475766228
2023-12-06,S002,P0008,48,65.30768903380425,-17.30768903380425
2023-12-06,S002,P0020,169,150.268821882181,18.731178117819013
2023-12-06,S005,P0013,216,131.52551676512599,84.47448323487401
2023-12-06,S002,P0004,319,240.5085096750886,78.49149032491141
2023-12-06,S003,P0003,60,180.64962540809836,-120.64962540809836
2023-12-06,S001,P0013,162,162.9307951142452,-0.9307951142451998
2023-12-06,S003,P0016,43,37.32289731275006,5.677102687249942
2023-12-06,S004,P0003,0,43.89000172674241,-43.89000172674241
2023-12-06,S003,P0006,30,79.5014175221321,-49.5014175221321
2023-12-06,S001,P0004,26,74.06917812976059,-48.06917812976059
2023-12-06,S005,P0017,355,249.07796283368822,105.92203716631178
2023-12-06,S005,P0014,216,122.77867892268836,93.22132107731164
2023-12-06,S002,P0003,242,239.0995004701237,2.900499529876299
2023-12-06,S001,P0011,352,241.1721176340609,110.8278823659391
2023-12-06,S004,P0004,297,186.17799770638038,110.82200229361962
2023-12-06,S003,P0012,300,197.76904285510784,102.23095714489216
2023-12-06,S005,P0010,16,82.29738312706007,-66.29738312706007
2023-12-06,S002,P0009,62,232.19159831670623,-170.19159831670623
2023-12-06,S005,P0003,218,191.55469562800624,26.445304371993757
2023-12-06,S001,P0016,203,121.65479458794977,81.34520541205023
2023-12-06,S002,P0016,206,135.17097987257546,70.82902012742454
2023-12-06,S001,P0009,143,77.15581315196897,65.84418684803103
2023-12-06,S001,P0014,272,173.6664305313892,98.33356946861079
2023-12-06,S003,P0009,109,126.2599040312781,-17.259904031278097
2023-12-06,S001,P0012,92,74.5175860093463,17.482413990653697
2023-12-06,S004,P0014,362,204.29943867128162,157.70056132871838
2023-12-06,S003,P0013,102,54.11100601361255,47.88899398638745
2023-12-06,S004,P0010,36,32.080190413289245,3.9198095867107554
2023-12-06,S003,P0008,46,28.187741563402653,17.812258436597347
2023-12-06,S004,P0018,49,51.642271157626,-2.6422711576259985
2023-12-06,S002,P0006,389,198.90387117093059,190.09612882906941
2023-12-06,S005,P0016,75,197.2360955107422,-122.23609551074219
2023-12-06,S004,P0012,126,120.7399894797677,5.260010520232299
2023-12-06,S002,P0019,6,109.13558895435415,-103.13558895435415
2023-12-06,S001,P0007,121,244.5917259286324,-123.5917259286324
2023-12-06,S002,P0005,5,28.975349024500076,-23.975349024500076
2023-12-06,S004,P0016,206,119.62600256035068,86.37399743964932
2023-12-06,S001,P0001,67,120.85751119335043,-53.85751119335043
2023-12-06,S004,P0005,111,122.23175436993353,-11.231754369933526
2023-12-06,S003,P0019,158,145.479602484223,12.520397515777006
2023-12-06,S005,P0019,75,124.28164229715844,-49.28164229715844
2023-12-06,S001,P0017,110,61.55533983476488,48.44466016523512
2023-12-06,S003,P0005,49,94.83451938794309,-45.83451938794309
2023-12-06,S003,P0020,31,26.626790558416133,4.373209441583867
2023-12-06,S004,P0020,210,129.62781104571167,80.37218895428833
2023-12-06,S002,P0012,79,144.49780091011394,-65.49780091011394
2023-12-06,S001,P0019,48,188.0007592617319,-140.0007592617319
2023-12-06,S004,P0019,296,168.44724559210607,127.55275440789393
2023-12-06,S002,P0018,11,71.21983436874075,-60.21983436874075
2023-12-06,S001,P0005,191,111.29364550120238,79.70635449879762
2023-12-06,S005,P0020,50,141.27341061053323,-91.27341061053323
2023-12-06,S001,P0002,28,160.85369243477135,-132.85369243477135
2023-12-06,S005,P0004,130,131.87000554254865,-1.870005542548654
2023-12-06,S003,P0014,119,123.58690832257975,-4.586908322579745
2023-12-06,S004,P0011,266,191.68295264584867,74.31704735415133
2023-12-06,S005,P0012,46,78.34672712504147,-32.34672712504147
2023-12-06,S002,P0002,57,56.078366970557965,0.9216330294420345
2023-12-06,S004,P0006,249,162.40768372921792,86.59231627078208
2023-12-06,S003,P0018,101,78.16145294393772,22.838547056062282
2023-12-06,S003,P0010,101,221.35012640612507,-120.35012640612507
2023-12-06,S004,P0002,23,29.293694541888385,-6.293694541888385
2023-12-06,S002,P0007,10,84.56892692470728,-74.56892692470728
2023-12-06,S004,P0017,1,213.96074438264162,-212.96074438264162
2023-12-06,S001,P0006,11,176.99300686624912,-165.99300686624912
2023-12-06,S003,P0017,5,43.40315602933077,-38.40315602933077
2023-12-06,S005,P0006,56,57.716568008443744,-1.716568008443744
2023-12-06,S005,P0007,366,196.7355414102234,169.2644585897766
2023-12-06,S005,P0001,35,66.025280837977,-31.025280837976993
2023-12-06,S003,P0007,164,133.90877423407335,30.09122576592665
2023-12-06,S001,P0008,29,24.299290271861025,4.700709728138975
2023-12-06,S002,P0013,326,213.29931052144548,112.70068947855452
2023-12-06,S003,P0015,178,94.32974816952952,83.67025183047048
2023-12-06,S001,P0003,315,192.18640565846772,122.81359434153228
2023-12-06,S005,P0018,90,143.33031119648473,-53.33031119648473
2023-12-06,S004,P0007,168,94.91953175495883,73.08046824504117
2023-12-06,S004,P0009,441,220.37609694717537,220.62390305282463
2023-12-06,S005,P0002,420,212.3063316796953,207.6936683203047
2023-12-06,S005,P0005,16,174.41682854498453,-158.41682854498453
2023-12-06,S001,P0020,291,157.07063113902308,133.92936886097692
2023-12-06,S005,P0008,451,225.19802285724364,225.80197714275636
2023-12-06,S004,P0013,39,79.0622178545508,-40.062217854550795
2023-12-06,S003,P0002,24,54.72548419776996,-30.72548419776996
2023-12-06,S002,P0011,165,107.19039983335352,57.809600166646476
2023-12-06,S003,P0011,232,161.9644070523126,70.0355929476874
2023-12-06,S005,P0011,21,45.95450527632187,-24.954505276321868
2023-12-06,S003,P0001,17,112.29908359799538,-95.29908359799538
2023-12-06,S004,P0015,193,118.3307293681122,74.6692706318878
2023-12-06,S004,P0001,43,27.36263314006976,15.63736685993024
2023-12-06,S002,P0017,176,96.49284307887007,79.50715692112993
2023-12-06,S003,P0004,86,115.48537333701546,-29.48537333701546
2023-12-07,S004,P0005,83,56.73223730673544,26.267762693264558
2023-12-07,S003,P0012,74,167.89574860597781,-93.89574860597781
2023-12-07,S005,P0019,149,113.41200307640929,35.58799692359071
2023-12-07,S003,P0015,42,179.30746438542735,-137.30746438542735
2023-12-07,S004,P0019,69,53.10626106930829,15.893738930691711
2023-12-07,S005,P0013,160,196.0609637044018,-36.060963704401786
2023-12-07,S004,P0020,79,109.23563719801325,-30.23563719801325
2023-12-07,S001,P0018,126,241.42452693805672,-115.42452693805672
2023-12-07,S001,P0005,91,98.39985513627403,-7.399855136274027
2023-12-07,S005,P0001,13,41.789079577226346,-28.789079577226346
2023-12-07,S004,P0006,18,65.88525896482071,-47.88525896482071
2023-12-07,S001,P0015,111,69.87163006704634,41.12836993295366
2023-12-07,S001,P0013,137,70.01304815438738,66.98695184561262
2023-12-07,S002,P0003,197,137.16674224120135,59.83325775879865
2023-12-07,S004,P0013,94,132.95151857761675,-38.95151857761675
2023-12-07,S004,P0012,72,52.93577627074524,19.064223729254763
2023-12-07,S005,P0014,197,150.42135843111942,46.578641568880585
2023-12-07,S003,P0001,202,189.27824202197286,12.721757978027142
2023-12-07,S003,P0013,105,135.08642094697706,-30.086420946977057
2023-12-07,S001,P0014,78,130.33096678332652,-52.33096678332652
2023-12-07,S002,P0016,309,188.2528945523066,120.7471054476934
2023-12-07,S003,P0002,105,176.91640793114328,-71.91640793114328
2023-12-07,S002,P0009,15,185.88695173137734,-170.88695173137734
2023-12-07,S001,P0006,162,222.61815670412545,-60.618156704125454
2023-12-07,S005,P0006,87,201.16383009695733,-114.16383009695733
2023-12-07,S001,P0008,3,180.09386988066655,-177.09386988066655
2023-12-07,S002,P0002,113,57.2133708826276,55.7866291173724
2023-12-07,S005,P0017,123,233.45371310725187,-110.45371310725187
2023-12-07,S003,P0014,25,133.01633692584272,-108.01633692584272
2023-12-07,S002,P0001,168,187.79480326273602,-19.794803262736025
2023-12-07,S004,P0007,187,186.4220417899058,0.5779582100942093
2023-12-07,S004,P0015,25,158.35701083803815,-133.35701083803815
2023-12-07,S005,P0010,87,204.6599010351389,-117.65990103513889
2023-12-07,S004,P0016,27,65.44097111598649,-38.440971115986486
2023-12-07,S004,P0010,59,181.487054097056,-122.48705409705599
2023-12-07,S004,P0018,108,53.65016206846161,54.34983793153839
2023-12-07,S004,P0002,180,103.0263692247836,76.9736307752164
2023-12-07,S003,P0004,231,211.4530221214318,19.546977878568214
2023-12-07,S002,P0013,147,99.43734408358506,47.56265591641494
2023-12-07,S003,P0020,187,105.14983000253147,81.85016999746853
2023-12-07,S005,P0011,59,90.87533353597388,-31.87533353597388
2023-12-07,S002,P0014,104,80.1250348326684,23.874965167331595
2023-12-07,S003,P0016,328,223.1658605041622,104.8341394958378
2023-12-07,S005,P0020,250,225.94753786966652,24.05246213033348
2023-12-07,S004,P0014,47,230.6270321295342,-183.6270321295342
2023-12-07,S002,P0010,158,95.8039493759253,62.1960506240747
2023-12-07,S003,P0009,43,44.50015866650705,-1.5001586665070477
2023-12-07,S002,P0015,224,146.7165695928531,77.28343040714691
2023-12-07,S001,P0007,211,112.99255819990253,98.00744180009747
2023-12-07,S003,P0007,152,195.38720495783684,-43.38720495783684
2023-12-07,S003,P0010,34,29.98166859313136,4.01833140686864
2023-12-07,S002,P0012,248,174.58121202561108,73.41878797438892
2023-12-07,S001,P0003,85,226.7652322715674,-141.7652322715674
2023-12-07,S001,P0019,179,163.3341259789774,15.665874021022603
2023-12-07,S003,P0018,79,48.95511063905718,30.04488936094282
2023-12-07,S004,P0009,133,93.38462361207922,39.615376387920776
2023-12-07,S005,P0007,100,172.96033024851954,-72.96033024851954
2023-12-07,S005,P0005,65,189.40920723262656,-124.40920723262656
2023-12-07,S005,P0018,54,42.41625842769122,11.583741572308782
2023-12-07,S005,P0004,107,95.13200455152588,11.867995448474119
2023-12-07,S002,P0018,138,72.56668439554198,65.43331560445802
2023-12-07,S002,P0019,116,160.62582783142255,-44.625827831422555
2023-12-07,S005,P0002,71,38.76583850161012,32.23416149838988
2023-12-07,S003,P0011,30,61.92596784459187,-31.925967844591867
2023-12-07,S005,P0016,206,128.7084640173294,77.29153598267061
2023-12-07,S002,P0006,34,56.23539650058785,-22.235396500587854
2023-12-07,S001,P0002,73,65.90718391095578,7.09281608904422
2023-12-07,S002,P0020,167,90.34157346063603,76.65842653936397
2023-12-07,S003,P0008,61,30.15414531510754,30.84585468489246
2023-12-07,S003,P0005,119,101.97271999660938,17.027280003390615
2023-12-07,S001,P0004,303,168.9689589846614,134.0310410153386
2023-12-07,S005,P0003,165,112.85775803516532,52.14224196483468
2023-12-07,S003,P0017,4,86.57696411512546,-82.57696411512546
2023-12-07,S001,P0017,75,62.18645053515587,12.81354946484413
2023-12-07,S004,P0004,45,91.2797376024858,-46.279737602485795
2023-12-07,S005,P0015,72,222.753997693751,-150.753997693751
2023-12-07,S001,P0010,66,43.84118621242396,22.158813787576037
2023-12-07,S004,P0017,53,46.366398846509526,6.633601153490474
2023-12-07,S005,P0008,131,124.18553827476228,6.81446172523772
2023-12-07,S001,P0020,12,29.019108979588736,-17.019108979588736
2023-12-07,S004,P0008,426,232.54783568289946,193.45216431710054
2023-12-07,S001,P0012,118,110.3557921423062,7.6442078576938
2023-12-07,S002,P0005,150,105.76408961276866,44.23591038723134
2023-12-07,S002,P0007,194,108.18332013054982,85.81667986945018
2023-12-07,S002,P0008,78,158.86194315414713,-80.86194315414713
2023-12-07,S001,P0016,112,183.00999697134625,-71.00999697134625
2023-12-07,S003,P0019,152,233.97141754296638,-81.97141754296638
2023-12-07,S002,P0011,141,197.9381233807706,-56.938123380770605
2023-12-07,S002,P0004,202,181.07798415296674,20.922015847033265
2023-12-07,S002,P0017,435,219.10959384788362,215.89040615211638
2023-12-07,S005,P0009,180,197.49717650932558,-17.497176509325584
2023-12-07,S003,P0003,18,173.78331398662903,-155.78331398662903
2023-12-07,S001,P0009,22,48.47714401460871,-26.47714401460871
2023-12-07,S004,P0011,18,73.63092473362377,-55.63092473362377
2023-12-07,S001,P0011,260,167.46668256984879,92.53331743015121
2023-12-07,S005,P0012,55,65.82910008848216,-10.829100088482164
2023-12-07,S004,P0003,15,37.39652764814787,-22.396527648147867
2023-12-07,S003,P0006,178,232.04049575000124,-54.04049575000124
2023-12-07,S004,P0001,145,85.72210273514753,59.27789726485247
2023-12-08,S003,P0001,149,175.650009661299,-26.65000966129901
2023-12-08,S002,P0011,73,41.89847795817235,31.10152204182765
2023-12-08,S004,P0015,218,176.42624728806766,41.57375271193234
2023-12-08,S003,P0004,31,90.75010972030805,-59.750109720308046
2023-12-08,S001,P0002,54,32.15558370819309,21.84441629180691
2023-12-08,S004,P0001,72,42.75992236050462,29.240077639495382
2023-12-08,S002,P0017,380,198.71249091636741,181.28750908363259
2023-12-08,S005,P0008,239,205.0388469244233,33.9611530755767
2023-12-08,S003,P0007,80,184.94709460524206,-104.94709460524206
2023-12-08,S004,P0012,5,190.77554785684998,-185.77554785684998
2023-12-08,S003,P0018,59,77.9072701933751,-18.907270193375098
2023-12-08,S002,P0005,24,120.88320730477676,-96.88320730477676
2023-12-08,S002,P0014,88,90.15369140652308,-2.1536914065230803
2023-12-08,S005,P0010,37,109.24733468400859,-72.24733468400859
2023-12-08,S001,P0001,263,190.13880765885534,72.86119234114466
2023-12-08,S001,P0012,1,32.24930049204306,-31.249300492043062
2023-12-08,S002,P0002,28,205.66837755580303,-177.66837755580303
2023-12-08,S005,P0003,184,202.48692891406574,-18.486928914065743
2023-12-08,S002,P0009,212,129.86041675051695,82.13958324948305
2023-12-08,S001,P0016,49,139.5091315896828,-90.5091315896828
2023-12-08,S001,P0009,203,137.76765370995514,65.23234629004486
2023-12-08,S004,P0014,23,116.51171541202541,-93.51171541202541
2023-12-08,S004,P0006,42,106.746559613773,-64.746559613773
2023-12-08,S002,P0016,81,105.61612042775647,-24.61612042775647
2023-12-08,S001,P0014,34,76.41037570415153,-42.410375704151534
2023-12-08,S003,P0008,26,162.27115610035037,-136.27115610035037
2023-12-08,S003,P0009,297,220.1985298055764,76.80147019442359
2023-12-08,S003,P0013,93,70.60020124088186,22.39979875911814
2023-12-08,S001,P0007,207,108.477300996054,98.522699003946
2023-12-08,S004,P0011,201,155.41093664156523,45.58906335843477
2023-12-08,S004,P0010,182,118.10415907487061,63.89584092512939
2023-12-08,S003,P0010,77,80.29174683662933,-3.291746836629329
2023-12-08,S005,P0016,306,206.9427203137355,99.05727968626451
2023-12-08,S002,P0019,146,135.49808181226814,10.50191818773186
2023-12-08,S002,P0006,304,165.3601883284569,138.6398116715431
2023-12-08,S005,P0012,68,38.23135161235024,29.768648387649762
2023-12-08,S003,P0002,283,239.39377726579198,43.60622273420802
2023-12-08,S004,P0004,128,77.5791061989458,50.420893801054206
2023-12-08,S004,P0013,30,250.43993891699563,-220.43993891699563
2023-12-08,S001,P0020,191,221.6508681568111,-30.6508681568111
2023-12-08,S002,P0007,257,161.85283622694675,95.14716377305325
2023-12-08,S002,P0012,70,238.91704185277257,-168.91704185277257
2023-12-08,S005,P0013,27,84.49094328204427,-57.49094328204427
2023-12-08,S003,P0016,45,158.7506395209581,-113.75063952095809
2023-12-08,S002,P0010,361,183.90172064030878,177.09827935969122
2023-12-08,S002,P0001,0,144.80058187619414,-144.80058187619414
2023-12-08,S002,P0004,211,132.09266883520348,78.90733116479652
2023-12-08,S002,P0015,10,139.17254552190053,-129.17254552190053
2023-12-08,S002,P0020,236,130.1456241295628,105.8543758704372
2023-12-08,S002,P0003,100,206.98772452223466,-106.98772452223466
2023-12-08,S003,P0005,261,146.63134987381886,114.36865012618114
2023-12-08,S003,P0006,266,221.19794330023467,44.80205669976533
2023-12-08,S003,P0019,103,97.42873433470083,5.5712656652991654
2023-12-08,S001,P0011,92,50.00478317340844,41.99521682659156
2023-12-08,S003,P0003,11,129.43692891428088,-118.43692891428088
2023-12-08,S005,P0009,66,59.079170011778444,6.920829988221556
2023-12-08,S004,P0003,218,226.40924325267503,-8.409243252675026
2023-12-08,S001,P0015,1,112.15406290037924,-111.15406290037924
2023-12-08,S001,P0004,219,134.8023206096966,84.19767939030339
2023-12-08,S005,P0017,308,246.75523589419925,61.244764105800755
2023-12-08,S005,P0019,155,153.5016199842533,1.4983800157467044
2023-12-08,S001,P0013,218,114.53557560066514,103.46442439933486
2023-12-08,S005,P0015,80,53.413271698859205,26.586728301140795
2023-12-08,S002,P0008,322,177.23262386011953,144.76737613988047
2023-12-08,S004,P0008,378,214.95973170696993,163.04026829303007
2023-12-08,S001,P0018,48,25.430678406823006,22.569321593176994
2023-12-08,S005,P0014,69,111.90028585936881,-42.90028585936881
2023-12-08,S001,P0017,60,220.28395061760295,-160.28395061760295
2023-12-08,S004,P0005,162,158.19627313004878,3.8037268699512197
2023-12-08,S003,P0012,111,222.2875645172603,-111.28756451726031
2023-12-08,S004,P0018,229,193.904108418742,35.095891581258
2023-12-08,S003,P0011,80,73.79245377388844,6.20754622611156
2023-12-08,S005,P0020,13,54.18589086327671,-41.18589086327671
2023-12-08,S003,P0017,103,141.47863810571403,-38.478638105714026
2023-12-08,S004,P0017,30,31.973411394346954,-1.9734113943469538
2023-12-08,S004,P0002,171,98.58170872223326,72.41829127776674
2023-12-08,S005,P0006,322,172.8765584985626,149.1234415014374
2023-12-08,S001,P0006,34,49.38746050740019,-15.387460507400192
2023-12-08,S003,P0014,481,248.2841981815679,232.7158018184321
2023-12-08,S004,P0016,116,248.83984803813553,-132.83984803813553
2023-12-08,S001,P0008,69,71.3057769455612,-2.305776945561206
2023-12-08,S001,P0010,70,221.05666670309705,-151.05666670309705
2023-12-08,S002,P0018,179,114.49339208883185,64.50660791116815
2023-12-08,S005,P0011,21,36.80175844849447,-15.801758448494468
2023-12-08,S005,P0018,0,61.143455748468796,-61.143455748468796
2023-12-08,S004,P0007,38,62.976631569503525,-24.976631569503525
2023-12-08,S002,P0013,39,145.19388322420934,-106.19388322420934
2023-12-08,S001,P0005,352,180.03606253299722,171.96393746700278
2023-12-08,S001,P0003,52,38.12531897230309,13.874681027696909
2023-12-08,S001,P0019,17,137.24790227708758,-120.24790227708758
2023-12-08,S004,P0009,377,206.62450599075652,170.37549400924348
2023-12-08,S003,P0015,133,151.01801194563137,-18.018011945631372
2023-12-08,S005,P0001,127,168.28991338373936,-41.28991338373936
2023-12-08,S003,P0020,106,77.41039392573384,28.589606074266158
2023-12-08,S005,P0002,54,145.26771696306986,-91.26771696306986
2023-12-08,S004,P0019,113,101.72765510260524,11.27234489739476
2023-12-08,S005,P0005,72,63.525071148072186,8.474928851927814
2023-12-08,S004,P0020,150,116.33714296241402,33.66285703758598
2023-12-08,S005,P0007,273,175.37597373952133,97.62402626047867
2023-12-09,S001,P0017,138,144.66544407969803,-6.665444079698034
2023-12-09,S003,P0019,60,69.61178843975,-9.61178843975
2023-12-09,S001,P0005,125,153.881167822784,-28.881167822783993
2023-12-09,S001,P0001,174,86.91388761461423,87.08611238538577
2023-12-09,S002,P0018,9,173.16080402155183,-164.16080402155183
2023-12-09,S005,P0004,39,31.033396292550094,7.966603707449906
2023-12-09,S005,P0012,34,181.24134491848537,-147.24134491848537
2023-12-09,S003,P0020,150,176.39422998894133,-26.394229988941333
2023-12-09,S005,P0020,222,242.9227431724812,-20.922743172481205
2023-12-09,S004,P0001,158,120.43540136568078,37.564598634319225
2023-12-09,S005,P0010,477,243.39540040175757,233.60459959824243
2023-12-09,S003,P0015,93,113.86811674634839,-20.86811674634839
2023-12-09,S002,P0008,55,151.07816513608833,-96.07816513608833
2023-12-09,S005,P0002,70,53.39872881735914,16.601271182640858
2023-12-09,S005,P0011,54,167.02559632510537,-113.02559632510537
2023-12-09,S002,P0007,74,151.8498025004044,-77.8498025004044
2023-12-09,S005,P0013,108,66.58889251077511,41.41110748922489
2023-12-09,S003,P0016,326,206.29766166597437,119.70233833402563
2023-12-09,S002,P0004,101,148.6404427685041,-47.6404427685041
2023-12-09,S002,P0020,148,80.70684945961568,67.29315054038432
2023-12-09,S001,P0018,44,33.94936792914456,10.050632070855443
2023-12-09,S003,P0006,132,100.30217562595271,31.697824374047286
2023-12-09,S001,P0011,204,126.66641031436194,77.33358968563806
2023-12-09,S004,P0003,284,204.08384378198508,79.91615621801492
2023-12-09,S005,P0001,20,27.267225533603153,-7.267225533603153
2023-12-09,S001,P0013,87,44.30403147674866,42.69596852325134
2023-12-09,S002,P0003,138,212.5617148414081,-74.5617148414081
2023-12-09,S004,P0004,7,62.19027278864297,-55.19027278864297
2023-12-09,S005,P0005,178,107.78432131806255,70.21567868193745
2023-12-09,S002,P0005,62,39.33843164402856,22.66156835597144
2023-12-09,S004,P0013,145,172.85688929895952,-27.856889298959516
2023-12-09,S004,P0002,71,242.85743193703382,-171.85743193703382
2023-12-09,S001,P0012,162,91.339255262113,70.660744737887
2023-12-09,S005,P0003,96,69.57121938408443,26.42878061591557
2023-12-09,S004,P0014,74,156.58961568421415,-82.58961568421415
2023-12-09,S002,P0016,147,105.87596924020693,41.12403075979307
2023-12-09,S004,P0020,10,50.80366516662133,-40.80366516662133
2023-12-09,S001,P0014,222,202.35478130885087,19.645218691149125
2023-12-09,S001,P0007,20,122.68327500567864,-102.68327500567864
2023-12-09,S002,P0019,49,35.33891155065794,13.66108844934206
2023-12-09,S002,P0006,407,238.2376007310193,168.7623992689807
2023-12-09,S003,P0018,40,82.38478434814232,-42.38478434814232
2023-12-09,S003,P0007,18,89.12448758378457,-71.12448758378457
2023-12-09,S002,P0017,80,67.02206080940726,12.977939190592735
2023-12-09,S003,P0001,32,176.89353915651782,-144.89353915651782
2023-12-09,S003,P0017,6,86.56083867229881,-80.56083867229881
2023-12-09,S001,P0006,16,125.64942649784467,-109.64942649784467
2023-12-09,S003,P0014,71,82.05303447583151,-11.05303447583151
2023-12-09,S001,P0008,18,25.457784087052346,-7.457784087052346
2023-12-09,S005,P0018,28,29.698025060729094,-1.698025060729094
2023-12-09,S004,P0005,13,45.023252922039944,-32.023252922039944
2023-12-09,S002,P0014,27,23.58051018771141,3.419489812288589
2023-12-09,S001,P0019,133,237.87885696604337,-104.87885696604337
2023-12-09,S005,P0015,167,135.12174926270353,31.87825073729647
2023-12-09,S003,P0004,29,92.08769320078011,-63.08769320078011
2023-12-09,S002,P0015,215,170.6583851929442,44.341614807055805
2023-12-09,S003,P0008,317,167.36270264711084,149.63729735288916
2023-12-09,S001,P0004,293,191.99012202246473,101.00987797753527
2023-12-09,S002,P0002,129,191.10032931545783,-62.10032931545783
2023-12-09,S003,P0005,162,181.2162418044477,-19.21624180444769
2023-12-09,S004,P0016,110,191.57152784613845,-81.57152784613845
2023-12-09,S005,P0009,156,102.82490840013577,53.17509159986423
2023-12-09,S004,P0012,37,112.09159639374627,-75.09159639374627
2023-12-09,S002,P0011,51,23.149680508436234,27.850319491563766
2023-12-09,S003,P0003,27,45.54923602415454,-18.54923602415454
2023-12-09,S005,P0008,383,206.12082923502504,176.87917076497496
2023-12-09,S001,P0010,128,124.40373526231906,3.59626473768094
2023-12-09,S002,P0009,198,112.8735994255307,85.1264005744693
2023-12-09,S004,P0007,65,142.9494665864524,-77.94946658645239
2023-12-09,S001,P0020,179,202.98011683155113,-23.98011683155113
2023-12-09,S002,P0010,399,221.73905962723472,177.26094037276528
2023-12-09,S001,P0016,61,215.86529921096718,-154.86529921096718
2023-12-09,S001,P0009,89,62.881387044592145,26.118612955407855
2023-12-09,S004,P0017,203,102.88219088297035,100.11780911702965
2023-12-09,S005,P0006,10,56.77424660888988,-46.77424660888988
2023-12-09,S004,P0018,94,158.8720113611128,-64.87201136111281
2023-12-09,S004,P0008,94,134.6719281437541,-40.67192814375409
2023-12-09,S005,P0019,317,208.54399834904223,108.45600165095777
2023-12-09,S003,P0012,107,99.2436299209142,7.756370079085798
2023-12-09,S002,P0012,199,196.49614662154056,2.5038533784594392
2023-12-09,S001,P0015,96,222.04988364052593,-126.04988364052593
2023-12-09,S005,P0016,206,149.04611259439616,56.95388740560384
2023-12-09,S004,P0006,86,46.65523493732758,39.34476506267242
2023-12-09,S003,P0013,49,72.35687372939913,-23.356873729399126
2023-12-09,S002,P0001,124,123.87324866513148,0.12675133486851564
2023-12-09,S004,P0015,99,186.01613901838084,-87.01613901838084
2023-12-09,S005,P0014,28,194.9276702104715,-166.9276702104715
2023-12-09,S004,P0010,309,191.58402561681692,117.41597438318308
2023-12-09,S005,P0007,73,41.681401335870646,31.318598664129354
2023-12-09,S004,P0011,101,66.07442212736049,34.92557787263951
2023-12-09,S001,P0002,27,208.0587355418545,-181.0587355418545
2023-12-09,S001,P0003,323,246.5250439513885,76.47495604861149
2023-12-09,S003,P0002,103,171.19045550492916,-68.19045550492916
2023-12-09,S004,P0019,121,75.87157387985883,45.12842612014117
2023-12-09,S003,P0010,2,28.72198783951808,-26.72198783951808
2023-12-09,S003,P0011,314,170.85488049039708,143.14511950960292
2023-12-10,S005,P0007,225,149.1651909958818,75.8348090041182
2023-12-10,S002,P0004,15,73.93826160179185,-58.93826160179185
2023-12-10,S003,P0001,236,121.74665293331174,114.25334706668826
2023-12-10,S002,P0010,73,84.21199364472238,-11.211993644722384
2023-12-10,S003,P0002,71,157.42937608498283,-86.42937608498283
2023-12-10,S002,P0005,88,108.40294240740485,-20.40294240740485
2023-12-10,S005,P0011,85,97.27428402988784,-12.274284029887838
2023-12-10,S002,P0018,29,47.67412191094951,-18.67412191094951
2023-12-10,S003,P0011,44,109.18715226241318,-65.18715226241318
2023-12-10,S002,P0007,262,157.67141256229394,104.32858743770606
2023-12-10,S004,P0016,14,121.41640820026623,-107.41640820026623
2023-12-10,S004,P0018,262,197.85717047424197,64.14282952575803
2023-12-10,S001,P0006,224,129.2789523594202,94.7210476405798
2023-12-10,S005,P0006,52,72.01644320672,-20.016443206719998
2023-12-10,S003,P0016,183,116.80871051196885,66.19128948803115
2023-12-10,S002,P0015,104,65.88660230055666,38.11339769944334
2023-12-10,S001,P0017,159,92.0469840339859,66.9530159660141
2023-12-10,S002,P0020,76,83.18654892284843,-7.186548922848431
2023-12-10,S005,P0014,167,117.07902359366517,49.92097640633483
2023-12-10,S004,P0004,5,107.65230538263359,-102.65230538263359
2023-12-10,S002,P0008,49,26.963911914091227,22.036088085908773
2023-12-10,S001,P0002,332,238.56091680854735,93.43908319145265
2023-12-10,S002,P0003,125,62.727760303477,62.272239696523
2023-12-10,S003,P0020,140,210.0290338665207,-70.0290338665207
2023-12-10,S005,P0012,146,192.02804642202375,-46.02804642202375
2023-12-10,S004,P0011,22,82.57329575549454,-60.57329575549454
2023-12-10,S003,P0012,42,223.01080516771782,-181.01080516771782
2023-12-10,S005,P0017,33,44.01379614527116,-11.013796145271158
2023-12-10,S001,P0015,52,32.88667990637816,19.113320093621837
2023-12-10,S001,P0018,56,69.18612096729322,-13.18612096729322
2023-12-10,S005,P0013,55,111.95232813122112,-56.95232813122112
2023-12-10,S005,P0004,172,93.03235938416589,78.96764061583411
2023-12-10,S001,P0013,190,108.12506615574853,81.87493384425147
2023-12-10,S003,P0014,179,87.82643325164628,91.17356674835372
2023-12-10,S005,P0015,84,92.21447793932612,-8.214477939326116
2023-12-10,S004,P0010,77,46.23309236819591,30.766907631804088
2023-12-10,S001,P0009,153,110.36439158544056,42.63560841455944
2023-12-10,S001,P0001,283,162.57905307126737,120.42094692873263
2023-12-10,S003,P0006,30,42.92140244864453,-12.921402448644528
2023-12-10,S001,P0008,106,238.10553170696687,-132.10553170696687
2023-12-10,S001,P0011,147,72.64045768819653,74.35954231180347
2023-12-10,S004,P0007,60,215.8502493716444,-155.8502493716444
2023-12-10,S004,P0008,31,25.518379331688948,5.481620668311052
2023-12-10,S005,P0002,228,155.10544826744803,72.89455173255197
2023-12-10,S005,P0009,92,131.85063695166627,-39.850636951666274
2023-12-10,S004,P0003,27,214.34400554024592,-187.34400554024592
2023-12-10,S001,P0004,229,210.41285169928602,18.587148300713977
2023-12-10,S005,P0020,188,154.82175519366058,33.17824480633942
2023-12-10,S004,P0015,188,214.49203963647625,-26.49203963647625
2023-12-10,S003,P0015,85,56.92620731526125,28.07379268473875
2023-12-10,S004,P0013,1,118.00440120092185,-117.00440120092185
2023-12-10,S003,P0003,7,156.35557521030142,-149.35557521030142
2023-12-10,S001,P0019,102,97.85261572758395,4.147384272416048
2023-12-10,S001,P0012,223,118.58402362216833,104.41597637783167
2023-12-10,S003,P0017,267,148.64652410074,118.35347589925999
2023-12-10,S005,P0003,23,61.46027917624275,-38.46027917624275
2023-12-10,S002,P0016,88,198.53375601849598,-110.53375601849598
2023-12-10,S001,P0016,239,143.69572646192876,95.30427353807124
2023-12-10,S001,P0020,149,98.10501507259028,50.89498492740972
2023-12-10,S004,P0014,192,173.44747752038006,18.552522479619938
2023-12-10,S002,P0009,62,32.12072727608512,29.87927272391488
2023-12-10,S005,P0008,43,27.046500288223456,15.953499711776544
2023-12-10,S005,P0010,358,242.23727427152608,115.76272572847392
2023-12-10,S004,P0012,268,174.51209844278094,93.48790155721906
2023-12-10,S002,P0011,161,207.03210257362105,-46.032102573621046
2023-12-10,S003,P0008,22,66.16641197806655,-44.16641197806655
2023-12-10,S003,P0019,38,58.00095709358226,-20.000957093582258
2023-12-10,S002,P0002,97,92.31973172254055,4.680268277459447
2023-12-10,S002,P0017,180,132.39637782500688,47.60362217499312
2023-12-10,S003,P0009,69,98.45920688227335,-29.45920688227335
2023-12-10,S003,P0007,172,140.02537185592126,31.974628144078736
2023-12-10,S003,P0004,341,229.44245139589623,111.55754860410377
2023-12-10,S004,P0019,65,122.10890747061774,-57.10890747061774
2023-12-10,S003,P0018,352,187.58444403324944,164.41555596675056
2023-12-10,S002,P0006,30,190.7064014412599,-160.7064014412599
2023-12-10,S001,P0005,36,43.47812825062692,-7.4781282506269235
2023-12-10,S001,P0007,139,145.45973152381504,-6.459731523815037
2023-12-10,S005,P0019,118,215.19205122619093,-97.19205122619093
2023-12-10,S002,P0019,192,230.68610072947297,-38.68610072947297
2023-12-10,S005,P0016,192,115.28886879072252,76.71113120927748
2023-12-10,S004,P0005,12,66.01026774245514,-54.01026774245514
2023-12-10,S003,P0010,148,77.59262263341151,70.40737736658849
2023-12-10,S002,P0014,11,49.28840376747354,-38.28840376747354
2023-12-10,S004,P0017,216,153.89738188472552,62.10261811527448
2023-12-10,S004,P0020,61,161.82641027447977,-100.82641027447977
2023-12-10,S004,P0001,443,224.46962479715393,218.53037520284607
2023-12-10,S002,P0001,98,127.87786472386358,-29.87786472386358
2023-12-10,S001,P0014,373,206.69583772156994,166.30416227843006
2023-12-10,S002,P0013,156,245.48007189449004,-89.48007189449004
2023-12-10,S005,P0018,142,158.33817895708756,-16.338178957087564
2023-12-10,S001,P0003,29,46.93116428729246,-17.93116428729246
2023-12-10,S001,P0010,209,188.74845510660288,20.251544893397124
2023-12-10,S003,P0005,37,61.85791962057283,-24.85791962057283
2023-12-10,S004,P0002,38,25.26315391071222,12.73684608928778
2023-12-10,S004,P0009,31,192.16524728819877,-161.16524728819877
2023-12-10,S005,P0005,25,118.19092058548841,-93.19092058548841
2023-12-10,S003,P0013,228,157.81409350578707,70.18590649421293
2023-12-10,S002,P0012,89,86.68172193542887,2.318278064571132
2023-12-10,S004,P0006,19,101.4622643677734,-82.4622643677734
2023-12-11,S002,P0013,74,93.91656912384809,-19.91656912384809
2023-12-11,S005,P0014,12,71.57605786362109,-59.57605786362109
2023-12-11,S003,P0009,260,183.91364188599903,76.08635811400097
2023-12-11,S003,P0004,13,96.74642593080466,-83.74642593080466
2023-12-11,S004,P0004,2,91.30640826920842,-89.30640826920842
2023-12-11,S001,P0018,167,83.81029303376556,83.18970696623444
2023-12-11,S001,P0012,65,45.429670060011574,19.570329939988426
2023-12-11,S005,P0011,87,102.88002176764962,-15.880021767649623
2023-12-11,S003,P0011,19,58.18539946240696,-39.18539946240696
2023-12-11,S003,P0018,209,195.37260997104067,13.627390028959326
2023-12-11,S002,P0006,75,206.17368026381996,-131.17368026381996
2023-12-11,S002,P0003,12,89.5800346428585,-77.5800346428585
2023-12-11,S005,P0017,169,138.5237239665646,30.476276033435397
2023-12-11,S005,P0007,230,227.95645296135768,2.0435470386423162
2023-12-11,S003,P0010,77,178.05623000328666,-101.05623000328666
2023-12-11,S005,P0005,72,61.42203157459937,10.577968425400627
2023-12-11,S004,P0018,138,80.41654354622733,57.58345645377267
2023-12-11,S003,P0020,277,159.03656146562616,117.96343853437384
2023-12-11,S005,P0015,23,185.7613805926187,-162.7613805926187
2023-12-11,S001,P0007,206,225.93006887726858,-19.93006887726858
2023-12-11,S002,P0019,10,125.01063188807979,-115.01063188807979
2023-12-11,S001,P0013,320,212.5417811868778,107.45821881312219
2023-12-11,S004,P0011,125,226.49068502111112,-101.49068502111112
2023-12-11,S001,P0015,123,128.2417383513823,-5.24173835138231
2023-12-11,S005,P0016,165,138.11922287660946,26.880777123390544
2023-12-11,S005,P0001,28,109.93646590409747,-81.93646590409747
2023-12-11,S001,P0003,19,59.976443342670336,-40.976443342670336
2023-12-11,S004,P0017,234,124.640007619029,109.359992380971
2023-12-11,S004,P0014,21,51.187406010073516,-30.187406010073516
2023-12-11,S003,P0006,5,59.82336957832638,-54.82336957832638
2023-12-11,S005,P0003,50,42.63137785216321,7.368622147836788
2023-12-11,S002,P0010,211,132.31700728547656,78.68299271452344
2023-12-11,S003,P0017,407,235.25602305838748,171.74397694161252
2023-12-11,S002,P0005,55,80.0028745018426,-25.002874501842598
2023-12-11,S002,P0015,122,138.73699517220564,-16.73699517220564
2023-12-11,S001,P0016,58,49.338150846844655,8.661849153155345
2023-12-11,S002,P0020,87,158.39951531024167,-71.39951531024167
2023-12-11,S004,P0009,434,233.51989041052667,200.48010958947333
2023-12-11,S001,P0009,141,191.09742598012667,-50.09742598012667
2023-12-11,S003,P0016,33,119.94155203706566,-86.94155203706566
2023-12-11,S001,P0020,372,200.0811367984685,171.9188632015315
2023-12-11,S001,P0001,143,103.62254435875838,39.377455641241625
2023-12-11,S001,P0011,31,76.31201516830737,-45.31201516830737
2023-12-11,S004,P0002,29,121.73029385006976,-92.73029385006976
2023-12-11,S003,P0003,315,243.75507705430755,71.24492294569245
2023-12-11,S004,P0001,19,42.42064653149936,-23.420646531499358
2023-12-11,S002,P0004,122,225.71717154135877,-103.71717154135877
2023-12-11,S004,P0008,19,71.05823611700657,-52.05823611700657
2023-12-11,S004,P0016,205,200.45550696980132,4.54449303019868
2023-12-11,S005,P0008,164,159.53267645368754,4.467323546312457
2023-12-11,S005,P0012,354,207.5722077052405,146.4277922947595
2023-12-11,S005,P0018,118,122.93582419058163,-4.935824190581627
2023-12-11,S003,P0007,131,134.22125177840616,-3.221251778406156
2023-12-11,S003,P0008,10,98.13234220425562,-88.13234220425562
2023-12-11,S002,P0011,51,29.58254916315184,21.41745083684816
2023-12-11,S001,P0004,222,200.23850364542284,21.76149635457716
2023-12-11,S005,P0009,167,85.38002267173005,81.61997732826995
2023-12-11,S001,P0010,34,138.14649944083737,-104.14649944083737
2023-12-11,S002,P0007,4,197.53498670088044,-193.53498670088044
2023-12-11,S005,P0002,146,81.40224832145617,64.59775167854383
2023-12-11,S004,P0003,55,37.24044471838704,17.75955528161296
2023-12-11,S002,P0017,121,107.81163953287256,13.188360467127438
2023-12-11,S004,P0010,9,204.95230830881667,-195.95230830881667
2023-12-11,S004,P0012,74,178.76281998719014,-104.76281998719014
2023-12-11,S003,P0012,65,96.38907212728583,-31.38907212728583
2023-12-11,S005,P0010,46,206.20629046407373,-160.20629046407373
2023-12-11,S001,P0006,23,179.60860580892984,-156.60860580892984
2023-12-11,S003,P0019,262,145.7140687496203,116.28593125037969
2023-12-11,S002,P0009,24,235.1839399837453,-211.1839399837453
2023-12-11,S005,P0020,4,72.23167189790956,-68.23167189790956
2023-12-11,S002,P0016,160,91.19539711334289,68.80460288665711
2023-12-11,S004,P0015,226,149.1011721149914,76.89882788500859
2023-12-11,S002,P0001,114,190.0889131898585,-76.08891318985849
2023-12-11,S003,P0015,5,29.17639221697476,-24.17639221697476
2023-12-11,S004,P0020,343,218.736851510985,124.26314848901501
2023-12-11,S003,P0002,186,189.44464912068912,-3.444649120689121
2023-12-11,S003,P0005,72,215.29668101493542,-143.29668101493542
2023-12-11,S001,P0019,90,73.32018012282902,16.679819877170985
2023-12-11,S002,P0012,165,89.67924762861708,75.32075237138292
2023-12-11,S003,P0001,77,72.07046842131632,4.9295315786836795
2023-12-11,S001,P0002,2,51.884249037546624,-49.884249037546624
2023-12-11,S001,P0014,63,129.93663808013002,-66.93663808013002
2023-12-11,S003,P0013,165,145.84295977719853,19.15704022280147
2023-12-11,S002,P0008,71,71.72769901139782,-0.7276990113978172
2023-12-11,S001,P0017,147,82.58794937269738,64.41205062730262
2023-12-11,S002,P0018,68,116.35284777154965,-48.35284777154965
2023-12-11,S002,P0002,87,184.33579618994747,-97.33579618994747
2023-12-11,S004,P0006,147,93.65602866946512,53.343971330534885
2023-12-11,S002,P0014,281,215.51496821963514,65.48503178036486
2023-12-11,S001,P0008,209,129.47153820487,79.52846179513
2023-12-11,S004,P0007,271,145.63797754020777,125.36202245979223
2023-12-11,S004,P0005,134,74.17061736932192,59.82938263067808
2023-12-11,S003,P0014,12,131.0824328604191,-119.08243286041909
2023-12-11,S004,P0013,54,140.86759889401014,-86.86759889401014
2023-12-11,S004,P0019,28,43.70030910515851,-15.70030910515851
2023-12-11,S001,P0005,7,24.707939798461155,-17.707939798461155
2023-12-11,S005,P0013,118,99.59548607042069,18.40451392957931
2023-12-11,S005,P0019,27,45.96256944568222,-18.96256944568222
2023-12-11,S005,P0006,69,185.83840998390923,-116.83840998390923
2023-12-11,S005,P0004,400,212.34138463653068,187.65861536346932
2023-12-12,S002,P0005,160,144.50837326222995,15.491626737770048
2023-12-12,S005,P0011,187,238.6961591612722,-51.69615916127219
2023-12-12,S003,P0014,42,242.09212117997407,-200.09212117997407
2023-12-12,S005,P0007,177,112.88664128973238,64.11335871026762
2023-12-12,S001,P0009,225,222.8670681149539,2.132931885046105
2023-12-12,S003,P0001,38,191.83904645454788,-153.83904645454788
2023-12-12,S005,P0002,104,227.19516092425795,-123.19516092425795
2023-12-12,S002,P0020,79,40.80257768337975,38.19742231662025
2023-12-12,S002,P0015,63,63.664242987296404,-0.6642429872964044
2023-12-12,S003,P0011,281,151.2164593087304,129.7835406912696
2023-12-12,S002,P0018,223,127.4184486564638,95.5815513435362
2023-12-12,S004,P0016,364,248.4063993374732,115.5936006625268
2023-12-12,S005,P0006,105,143.129364518653,-38.129364518653006
2023-12-12,S001,P0019,59,216.81448340897782,-157.81448340897782
2023-12-12,S001,P0008,176,154.33699715289288,21.663002847107123
2023-12-12,S004,P0014,43,87.60396907025165,-44.60396907025165
2023-12-12,S003,P0006,53,82.95149307093209,-29.951493070932088
2023-12-12,S002,P0004,61,53.76856341004435,7.231436589955649
2023-12-12,S004,P0006,63,112.19547942415687,-49.19547942415687
2023-12-12,S001,P0006,35,38.495420647287915,-3.495420647287915
2023-12-12,S002,P0007,55,40.852113286719714,14.147886713280286
2023-12-12,S005,P0018,49,240.50062720751941,-191.50062720751941
2023-12-12,S002,P0010,133,66.48771290701524,66.51228709298476
2023-12-12,S003,P0016,86,187.7998119820864,-101.7998119820864
2023-12-12,S003,P0002,82,129.47669462053148,-47.476694620531475
2023-12-12,S002,P0001,168,108.27807883813108,59.72192116186892
2023-12-12,S001,P0010,29,35.01345431387972,-6.01345431387972
2023-12-12,S002,P0012,8,124.17472052798041,-116.17472052798041
2023-12-12,S002,P0002,162,191.69194686289666,-29.691946862896657
2023-12-12,S002,P0017,266,159.90090045691136,106.09909954308864
2023-12-12,S005,P0008,294,164.56490179184158,129.43509820815842
2023-12-12,S001,P0005,84,150.28458994754345,-66.28458994754345
2023-12-12,S003,P0004,154,239.8356433496769,-85.8356433496769
2023-12-12,S003,P0009,239,222.79486326656178,16.205136733438223
2023-12-12,S004,P0019,66,83.86542705137884,-17.865427051378845
2023-12-12,S003,P0018,405,244.56184116729906,160.43815883270094
2023-12-12,S004,P0010,23,201.89331250181567,-178.89331250181567
2023-12-12,S002,P0006,221,204.49541770007517,16.504582299924834
2023-12-12,S001,P0007,57,223.8788164795136,-166.8788164795136
2023-12-12,S002,P0019,250,194.0925929401959,55.907407059804086
2023-12-12,S002,P0014,255,165.01765971262898,89.98234028737102
2023-12-12,S005,P0016,60,88.99195952581437,-28.991959525814366
2023-12-12,S005,P0019,193,213.62943104712588,-20.629431047125877
2023-12-12,S003,P0010,378,225.35511230100565,152.64488769899435
2023-12-12,S004,P0005,51,119.71361043845042,-68.71361043845042
2023-12-12,S003,P0008,281,165.6686304491921,115.33136955080789
2023-12-12,S002,P0011,66,125.99531998990824,-59.99531998990824
2023-12-12,S003,P0007,215,181.8464934968855,33.1535065031145
2023-12-12,S004,P0012,218,238.67957434383186,-20.67957434383186
2023-12-12,S003,P0013,98,222.28083379681811,-124.28083379681811
2023-12-12,S001,P0003,43,88.4654484467465,-45.46544844674651
2023-12-12,S001,P0014,194,110.35949942186522,83.64050057813478
2023-12-12,S001,P0012,37,151.22329181070813,-114.22329181070813
2023-12-12,S003,P0003,115,69.7672971557588,45.2327028442412
2023-12-12,S004,P0002,358,225.67412611547343,132.32587388452657
2023-12-12,S004,P0020,182,129.3128932823821,52.687106717617894
2023-12-12,S005,P0003,105,54.97185894694371,50.02814105305629
2023-12-12,S005,P0005,157,99.1944352393628,57.805564760637196
2023-12-12,S004,P0017,52,78.81564663467128,-26.815646634671282
2023-12-12,S004,P0009,172,97.17077742928944,74.82922257071056
2023-12-12,S003,P0017,354,198.51450369488344,155.48549630511656
2023-12-12,S002,P0016,121,93.42368257639652,27.576317423603484
2023-12-12,S001,P0016,114,117.49619819774114,-3.496198197741137
2023-12-12,S001,P0020,75,181.87287145191982,-106.87287145191982
2023-12-12,S002,P0009,105,199.35773898594863,-94.35773898594863
2023-12-12,S004,P0001,133,125.69089734245239,7.309102657547612
2023-12-12,S005,P0010,191,97.63410199291292,93.36589800708708
2023-12-12,S003,P0005,40,23.934360729940522,16.065639270059478
2023-12-12,S001,P0001,212,176.33250654114522,35.66749345885478
2023-12-12,S004,P0008,129,201.25344222810196,-72.25344222810196
2023-12-12,S005,P0017,71,204.8911825403211,-133.8911825403211
2023-12-12,S005,P0012,116,218.9000898586313,-102.9000898586313
2023-12-12,S005,P0001,234,116.8909953912098,117.1090046087902
2023-12-12,S001,P0011,148,138.82135315923682,9.178646840763179
2023-12-12,S003,P0020,57,95.1850403565125,-38.1850403565125
2023-12-12,S005,P0004,192,198.2255678906078,-6.225567890607806
2023-12-12,S001,P0017,82,50.59406022716979,31.40593977283021
2023-12-12,S004,P0011,213,140.14703436716678,72.85296563283322
2023-12-12,S001,P0015,60,227.44618681145488,-167.44618681145488
2023-12-12,S004,P0003,212,111.65604951932477,100.34395048067523
2023-12-12,S003,P0015,151,117.8258455558539,33.1741544441461
2023-12-12,S004,P0013,145,128.34944703929494,16.650552960705056
2023-12-12,S002,P0003,441,238.57009587151043,202.42990412848957
2023-12-12,S001,P0013,35,46.47756370623904,-11.477563706239039
2023-12-12,S005,P0013,291,227.75947689846868,63.24052310153132
2023-12-12,S004,P0015,198,152.84686551912444,45.153134480875565
2023-12-12,S005,P0015,11,141.85243294963885,-130.85243294963885
2023-12-12,S001,P0002,9,124.57904771071821,-115.57904771071821
2023-12-12,S003,P0012,25,162.39087756756106,-137.39087756756106
2023-12-12,S004,P0018,69,123.86172860620712,-54.86172860620712
2023-12-12,S001,P0018,33,88.9788452673925,-55.9788452673925
2023-12-12,S005,P0014,364,220.10358524279673,143.89641475720327
2023-12-12,S001,P0004,319,191.62948194104405,127.37051805895595
2023-12-12,S005,P0020,447,221.9748294699823,225.0251705300177
2023-12-12,S002,P0008,13,49.35962659166603,-36.35962659166603
2023-12-12,S004,P0004,1,64.26915382598628,-63.26915382598628
2023-12-12,S004,P0007,52,56.30887539722943,-4.3088753972294285
2023-12-13,S001,P0016,450,232.359528809496,217.640471190504
2023-12-13,S004,P0009,222,209.23130728451912,12.768692715480881
2023-12-13,S003,P0005,34,29.146146254590633,4.853853745409367
2023-12-13,S004,P0017,152,89.57579291695862,62.42420708304138
2023-12-13,S003,P0017,79,166.1961811407844,-87.1961811407844
2023-12-13,S001,P0017,13,194.54471883659266,-181.54471883659266
2023-12-13,S004,P0018,174,129.790690473911,44.20930952608899
2023-12-13,S002,P0016,130,143.33918493435095,-13.339184934350953
2023-12-13,S001,P0011,30,68.60660114822514,-38.60660114822514
2023-12-13,S004,P0020,274,156.05447362518692,117.94552637481308
2023-12-13,S003,P0020,98,230.39103978888522,-132.39103978888522
2023-12-13,S004,P0002,221,142.0988925087338,78.9011074912662
2023-12-13,S005,P0003,204,128.82619055593415,75.17380944406585
2023-12-13,S001,P0010,253,163.43198558740323,89.56801441259677
2023-12-13,S001,P0012,218,146.33305951083298,71.66694048916702
2023-12-13,S001,P0014,91,77.63615072356475,13.363849276435246
2023-12-13,S001,P0003,153,164.20188298962546,-11.20188298962546
2023-12-13,S003,P0013,402,214.7388897253752,187.2611102746248
2023-12-13,S004,P0004,246,127.2285518010354,118.7714481989646
2023-12-13,S002,P0008,13,28.314821211141805,-15.314821211141805
2023-12-13,S005,P0005,28,122.1643603571743,-94.1643603571743
2023-12-13,S005,P0014,152,99.91497135533939,52.08502864466061
2023-12-13,S004,P0006,361,211.95765170248848,149.04234829751152
2023-12-13,S002,P0003,103,145.84635189300883,-42.84635189300883
2023-12-13,S003,P0019,188,171.10647622441354,16.89352377558646
2023-12-13,S005,P0004,27,65.07046334608242,-38.07046334608242
2023-12-13,S002,P0009,13,166.8324634228103,-153.8324634228103
2023-12-13,S004,P0010,304,190.3568519954025,113.64314800459749
2023-12-13,S002,P0006,41,43.03762360263545,-2.037623602635449
2023-12-13,S004,P0019,94,210.18170125599624,-116.18170125599624
2023-12-13,S005,P0013,297,181.6212754111973,115.3787245888027
2023-12-13,S002,P0014,42,30.986967585251307,11.013032414748693
2023-12-13,S002,P0019,47,69.82471264207197,-22.824712642071972
2023-12-13,S005,P0015,212,112.81014839773587,99.18985160226413
2023-12-13,S005,P0016,156,203.1538814121672,-47.15388141216721
2023-12-13,S004,P0015,81,46.95940431559336,34.04059568440664
2023-12-13,S005,P0019,65,73.1868753564745,-8.186875356474502
2023-12-13,S005,P0008,226,138.96629764662907,87.03370235337093
2023-12-13,S001,P0018,62,230.23092311716516,-168.23092311716516
2023-12-13,S004,P0005,412,209.4923605891932,202.5076394108068
2023-12-13,S001,P0007,40,185.80005307085167,-145.80005307085167
2023-12-13,S002,P0001,153,143.85435771108507,9.145642288914928
2023-12-13,S003,P0018,167,96.90397048231858,70.09602951768142
2023-12-13,S005,P0017,290,228.494227025447,61.505772974553
2023-12-13,S003,P0010,402,214.33546699714293,187.66453300285707
2023-12-13,S003,P0009,206,209.5368924366743,-3.536892436674293
2023-12-13,S003,P0012,33,42.340001285979724,-9.340001285979724
2023-12-13,S003,P0008,164,110.72260863863062,53.27739136136938
2023-12-13,S004,P0001,199,242.6860931580598,-43.686093158059805
2023-12-13,S005,P0002,124,87.28883047822319,36.71116952177681
2023-12-13,S005,P0010,372,206.69742641314525,165.30257358685475
2023-12-13,S001,P0013,65,74.12641780572642,-9.126417805726419
2023-12-13,S003,P0007,170,101.23465796044673,68.76534203955327
2023-12-13,S001,P0020,325,166.11007705056102,158.88992294943898
2023-12-13,S002,P0011,101,78.57908421297202,22.42091578702798
2023-12-13,S005,P0001,333,177.513248023988,155.486751976012
2023-12-13,S002,P0002,145,173.6142303253315,-28.614230325331505
2023-12-13,S002,P0017,41,90.89216653810547,-49.89216653810547
2023-12-13,S001,P0015,301,173.09421123878394,127.90578876121606
2023-12-13,S001,P0005,190,160.54588383893127,29.454116161068725
2023-12-13,S004,P0011,50,40.0157833777929,9.9842166222071
2023-12-13,S003,P0004,177,192.02885159123025,-15.02885159123025
2023-12-13,S004,P0012,66,141.22385354055018,-75.22385354055018
2023-12-13,S002,P0012,97,101.73789404029986,-4.737894040299864
2023-12-13,S005,P0007,126,145.46878400269503,-19.46878400269503
2023-12-13,S003,P0001,184,194.53979624438705,-10.539796244387048
2023-12-13,S002,P0020,74,243.5363466417022,-169.5363466417022
2023-12-13,S003,P0014,21,221.60009663411319,-200.60009663411319
2023-12-13,S004,P0008,42,38.7495884587417,3.250411541258302
2023-12-13,S003,P0011,120,119.48924168320184,0.5107583167981602
2023-12-13,S004,P0013,200,131.45404344125905,68.54595655874095
2023-12-13,S005,P0009,42,49.934391950105976,-7.934391950105976
2023-12-13,S005,P0012,203,209.32095307680947,-6.320953076809474
2023-12-13,S001,P0008,300,190.1933008585401,109.80669914145989
2023-12-13,S004,P0003,21,53.228704881390115,-32.228704881390115
2023-12-13,S003,P0002,154,185.39228493818848,-31.39228493818848
2023-12-13,S001,P0006,19,184.52742867029207,-165.52742867029207
2023-12-13,S002,P0007,244,144.24208947917504,99.75791052082496
2023-12-13,S002,P0004,16,213.37770257157848,-197.37770257157848
2023-12-13,S003,P0006,25,40.27496866919603,-15.274968669196028
2023-12-13,S003,P0016,250,152.12664214036437,97.87335785963563
2023-12-13,S002,P0005,122,232.9940534881186,-110.9940534881186
2023-12-13,S004,P0007,31,32.74368351895879,-1.7436835189587896
2023-12-13,S005,P0018,60,197.3740398469742,-137.3740398469742
2023-12-13,S002,P0018,306,157.88785962935208,148.11214037064792
2023-12-13,S001,P0004,50,206.36924303816528,-156.36924303816528
2023-12-13,S004,P0014,333,209.66458829507832,123.33541170492168
2023-12-13,S003,P0015,45,94.59832226995047,-49.59832226995047
2023-12-13,S002,P0010,151,140.7824217081543,10.217578291845712
2023-12-13,S003,P0003,10,38.60435943122309,-28.604359431223088
2023-12-13,S005,P0020,12,27.488757256965982,-15.488757256965982
2023-12-13,S005,P0006,136,207.18211972919113,-71.18211972919113
2023-12-13,S002,P0015,11,87.4914060547074,-76.4914060547074
2023-12-13,S001,P0002,271,233.36022486261487,37.63977513738513
2023-12-13,S001,P0001,65,91.1125165044117,-26.1125165044117
2023-12-13,S005,P0011,54,120.56160338250959,-66.56160338250959
2023-12-13,S004,P0016,107,98.73292442721237,8.267075572787633
2023-12-13,S001,P0009,318,191.29353949421107,126.70646050578893
2023-12-13,S002,P0013,26,112.01382291053801,-86.01382291053801
2023-12-14,S002,P0004,176,98.3135626625679,77.6864373374321
2023-12-14,S002,P0020,0,66.79988959729718,-66.79988959729718
2023-12-14,S005,P0012,320,173.8979038308467,146.1020961691533
2023-12-14,S002,P0018,402,218.96868495424428,183.03131504575572
2023-12-14,S002,P0017,262,188.35137750166768,73.64862249833232
2023-12-14,S002,P0002,19,51.754206562512536,-32.754206562512536
2023-12-14,S004,P0012,169,96.8464044456295,72.1535955543705
2023-12-14,S002,P0005,140,81.34740280962876,58.65259719037124
2023-12-14,S003,P0006,79,250.04738523313296,-171.04738523313296
2023-12-14,S002,P0011,364,208.67028282269018,155.32971717730982
2023-12-14,S003,P0005,225,240.52243480622758,-15.52243480622758
2023-12-14,S001,P0017,98,220.48604646337395,-122.48604646337395
2023-12-14,S005,P0006,168,150.5882969571935,17.411703042806494
2023-12-14,S004,P0005,138,221.73075765667937,-83.73075765667937
2023-12-14,S001,P0004,28,27.451487146680677,0.5485128533193233
2023-12-14,S001,P0007,392,206.33621130559231,185.66378869440769
2023-12-14,S001,P0018,130,104.93675009185938,25.06324990814062
2023-12-14,S001,P0011,157,98.8407119426355,58.159288057364506
2023-12-14,S005,P0001,51,208.48306005605582,-157.48306005605582
2023-12-14,S005,P0008,86,134.44380853599995,-48.44380853599995
2023-12-14,S001,P0008,175,218.25285321678206,-43.25285321678206
2023-12-14,S001,P0005,186,92.98017251148605,93.01982748851395
2023-12-14,S002,P0019,180,228.80580981631118,-48.80580981631118
2023-12-14,S005,P0016,173,112.64442921519208,60.355570784807924
2023-12-14,S004,P0019,78,62.61137255108173,15.388627448918271
2023-12-14,S002,P0015,67,144.9223410613791,-77.92234106137909
2023-12-14,S005,P0015,24,178.9639361609993,-154.9639361609993
2023-12-14,S005,P0013,494,248.93827429244834,245.06172570755166
2023-12-14,S002,P0006,85,240.2005398078485,-155.2005398078485
2023-12-14,S005,P0009,337,207.74241613763667,129.25758386236333
2023-12-14,S004,P0010,311,154.98525104749024,156.01474895250976
2023-12-14,S003,P0018,31,30.317342987334598,0.6826570126654019
2023-12-14,S005,P0010,311,246.77768622285595,64.22231377714405
2023-12-14,S004,P0014,107,84.36654356975373,22.63345643024627
2023-12-14,S003,P0010,103,132.3956642779528,-29.39566427795279
2023-12-14,S005,P0020,80,55.726400878884135,24.273599121115865
2023-12-14,S003,P0009,217,163.15340097461063,53.84659902538937
2023-12-14,S005,P0017,78,115.19388538294965,-37.193885382949645
2023-12-14,S003,P0004,240,145.36702285469835,94.63297714530165
2023-12-14,S004,P0011,349,209.90261564325897,139.09738435674103
2023-12-14,S004,P0015,202,135.4703106293748,66.52968937062519
2023-12-14,S003,P0003,59,69.69014431453394,-10.690144314533939
2023-12-14,S003,P0014,124,109.03940369619323,14.960596303806767
2023-12-14,S002,P0014,88,183.7314719818388,-95.73147198183881
2023-12-14,S001,P0001,49,35.26235454356498,13.737645456435018
2023-12-14,S001,P0015,88,76.41580344051692,11.584196559483075
2023-12-14,S002,P0010,15,175.5409003625262,-160.5409003625262
2023-12-14,S001,P0019,167,98.7735341987626,68.2264658012374
2023-12-14,S003,P0002,90,186.76853085549686,-96.76853085549686
2023-12-14,S004,P0020,39,94.76229707537902,-55.762297075379024
2023-12-14,S003,P0001,105,114.42816796491127,-9.428167964911268
2023-12-14,S002,P0003,9,28.809475208278343,-19.809475208278343
2023-12-14,S005,P0007,44,66.2673423862363,-22.267342386236294
2023-12-14,S004,P0002,261,176.6281983350343,84.37180166496569
2023-12-14,S004,P0008,108,82.02076995430264,25.979230045697363
2023-12-14,S005,P0003,199,110.68620002336695,88.31379997663305
2023-12-14,S003,P0020,161,117.20935487588514,43.79064512411486
2023-12-14,S003,P0011,324,174.42717749600462,149.57282250399538
2023-12-14,S001,P0010,268,209.58714736454124,58.41285263545876
2023-12-14,S001,P0012,89,219.03245936513684,-130.03245936513684
2023-12-14,S004,P0003,63,75.13039693227921,-12.130396932279211
2023-12-14,S002,P0012,11,221.87930276975186,-210.87930276975186
2023-12-14,S001,P0003,93,79.81715891750576,13.182841082494235
2023-12-14,S004,P0004,39,26.385269281507476,12.614730718492524
2023-12-14,S005,P0011,66,67.53831265392074,-1.538312653920741
2023-12-14,S004,P0016,229,188.28803029682092,40.71196970317908
2023-12-14,S002,P0013,100,91.56419376692281,8.435806233077187
2023-12-14,S002,P0008,9,234.96377839590303,-225.96377839590303
2023-12-14,S003,P0015,222,173.20847990542694,48.79152009457306
2023-12-14,S001,P0002,50,189.23009434933522,-139.23009434933522
2023-12-14,S005,P0005,116,104.01097778324606,11.989022216753938
2023-12-14,S004,P0006,127,199.53208056432334,-72.53208056432334
2023-12-14,S005,P0002,362,185.19265123253587,176.80734876746413
2023-12-14,S001,P0009,248,209.64154508641417,38.35845491358583
2023-12-14,S005,P0014,441,222.27447446530243,218.72552553469757
2023-12-14,S003,P0013,151,242.42444943484884,-91.42444943484884
2023-12-14,S004,P0017,313,222.88824214643438,90.11175785356562
2023-12-14,S001,P0014,202,163.48636743041885,38.51363256958115
2023-12-14,S003,P0012,276,163.240402613301,112.759597386699
2023-12-14,S003,P0019,66,189.6233514806596,-123.62335148065961
2023-12-14,S002,P0001,298,176.25084041983996,121.74915958016004
2023-12-14,S004,P0009,236,219.10219000004975,16.897809999950255
2023-12-14,S001,P0020,212,195.72507292634936,16.274927073650645
2023-12-14,S001,P0016,54,154.29680313555343,-100.29680313555343
2023-12-14,S003,P0016,49,54.42091991453054,-5.420919914530543
2023-12-14,S003,P0017,83,73.40297060190176,9.597029398098243
2023-12-14,S005,P0019,22,184.18643614406903,-162.18643614406903
2023-12-14,S002,P0007,255,154.0658184736899,100.93418152631011
2023-12-14,S003,P0008,102,194.00243748826642,-92.00243748826642
2023-12-14,S004,P0007,67,102.12875674862914,-35.128756748629144
2023-12-14,S004,P0018,21,60.10535293115794,-39.10535293115794
2023-12-14,S004,P0013,82,68.83297859709342,13.167021402906585
2023-12-14,S002,P0016,453,247.85499467237088,205.14500532762912
2023-12-14,S003,P0007,57,69.26690167876706,-12.266901678767056
2023-12-14,S001,P0006,257,242.61217782705654,14.387822172943459
2023-12-14,S005,P0004,91,56.02779839840417,34.97220160159583
2023-12-14,S005,P0018,24,29.586573501427438,-5.586573501427438
2023-12-14,S004,P0001,224,111.44109551385338,112.55890448614662
2023-12-14,S002,P0009,138,82.70555514643468,55.294444853565324
2023-12-15,S001,P0017,41,199.77209755026297,-158.77209755026297
2023-12-15,S001,P0016,183,231.97752202184176,-48.977522021841764
2023-12-15,S004,P0016,138,93.35759076542723,44.64240923457277
2023-12-15,S004,P0011,51,32.81478127997849,18.18521872002151
2023-12-15,S005,P0012,194,168.80202250606675,25.19797749393325
2023-12-15,S003,P0008,61,41.18427026122413,19.81572973877587
2023-12-15,S005,P0020,280,145.85451012945776,134.14548987054224
2023-12-15,S005,P0004,311,171.37107722038013,139.62892277961987
2023-12-15,S003,P0019,119,208.87780427428606,-89.87780427428606
2023-12-15,S003,P0009,210,144.69933954500107,65.30066045499893
2023-12-15,S003,P0020,145,118.02554436244668,26.97445563755332
2023-12-15,S001,P0001,162,124.05994447170161,37.94005552829839
2023-12-15,S002,P0014,277,155.67183759360984,121.32816240639016
2023-12-15,S003,P0005,30,163.4226841709518,-133.4226841709518
2023-12-15,S004,P0010,81,127.72355899648909,-46.72355899648909
2023-12-15,S001,P0002,121,114.32170575436902,6.67829424563098
2023-12-15,S002,P0018,6,206.5262837547727,-200.5262837547727
2023-12-15,S001,P0019,288,185.16232784625532,102.83767215374468
2023-12-15,S005,P0003,35,26.88135922322067,8.11864077677933
2023-12-15,S001,P0012,112,55.79693915206491,56.20306084793509
2023-12-15,S002,P0012,383,236.6153574144642,146.3846425855358
2023-12-15,S001,P0009,123,117.31709733485098,5.682902665149015
2023-12-15,S002,P0005,109,171.3381664838821,-62.338166483882105
2023-12-15,S004,P0014,54,55.799700117565294,-1.799700117565294
2023-12-15,S005,P0019,272,236.3141573508891,35.685842649110896
2023-12-15,S002,P0007,279,183.71211020819555,95.28788979180445
2023-12-15,S003,P0003,62,31.258833587372862,30.741166412627138
2023-12-15,S003,P0014,403,232.66110637955126,170.33889362044874
2023-12-15,S002,P0015,40,177.56560532061343,-137.56560532061343
2023-12-15,S002,P0020,209,116.86632505713635,92.13367494286365
2023-12-15,S004,P0015,214,230.93925886110992,-16.93925886110992
2023-12-15,S001,P0008,54,241.4964246545053,-187.4964246545053
2023-12-15,S005,P0018,349,229.20562492755084,119.79437507244916
2023-12-15,S005,P0007,224,205.814461712143,18.185538287857014
2023-12-15,S005,P0006,222,163.78561938135647,58.21438061864353
2023-12-15,S002,P0004,85,225.2977819956763,-140.2977819956763
2023-12-15,S002,P0010,161,104.3471496766399,56.6528503233601
2023-12-15,S003,P0016,141,77.12567583901125,63.87432416098875
2023-12-15,S005,P0017,41,192.40305917412417,-151.40305917412417
2023-12-15,S003,P0002,291,163.6655026716977,127.33449732830229
2023-12-15,S002,P0013,93,71.129802630104,21.870197369896005
2023-12-15,S003,P0011,224,211.53500901594424,12.46499098405576
2023-12-15,S005,P0011,158,135.44609129411742,22.553908705882577
2023-12-15,S004,P0006,48,186.78175918070292,-138.78175918070292
2023-12-15,S003,P0006,83,87.85606648298108,-4.856066482981078
2023-12-15,S005,P0002,363,183.29213468323263,179.70786531676737
2023-12-15,S001,P0011,70,58.84839705108283,11.151602948917173
2023-12-15,S004,P0007,117,151.775062670733,-34.77506267073301
2023-12-15,S005,P0001,91,180.26295161199147,-89.26295161199147
2023-12-15,S005,P0013,66,46.517943339598844,19.482056660401156
2023-12-15,S001,P0013,123,239.8273906464563,-116.82739064645631
2023-12-15,S001,P0015,15,50.81906116601931,-35.81906116601931
2023-12-15,S001,P0018,105,141.56407336887935,-36.56407336887935
2023-12-15,S004,P0018,31,42.403315279604726,-11.403315279604726
2023-12-15,S002,P0003,175,206.65305913536753,-31.653059135367528
2023-12-15,S003,P0012,149,231.46297796931123,-82.46297796931123
2023-12-15,S005,P0009,175,150.2001777608035,24.799822239196487
2023-12-15,S004,P0013,279,160.9999086120659,118.0000913879341
2023-12-15,S002,P0008,183,225.37018986229037,-42.370189862290374
2023-12-15,S004,P0004,175,222.741713069276,-47.74171306927599
2023-12-15,S005,P0014,76,133.27785351864253,-57.27785351864253
2023-12-15,S001,P0007,141,81.29681996909983,59.70318003090017
2023-12-15,S004,P0008,61,130.5271634870855,-69.52716348708549
2023-12-15,S004,P0003,21,30.8587025321724,-9.858702532172401
2023-12-15,S001,P0004,15,39.53329087186859,-24.533290871868587
2023-12-15,S003,P0015,149,180.39971073822363,-31.399710738223632
2023-12-15,S002,P0001,255,205.07096925999895,49.92903074000105
2023-12-15,S003,P0001,100,127.34284255578126,-27.34284255578126
2023-12-15,S001,P0006,43,40.99737028636099,2.00262971363901
2023-12-15,S002,P0011,40,33.74231731226479,6.257682687735212
2023-12-15,S001,P0020,35,100.04676596387384,-65.04676596387384
2023-12-15,S002,P0009,239,147.24332738638367,91.75667261361633
2023-12-15,S003,P0007,15,126.26887507231964,-111.26887507231964
2023-12-15,S004,P0001,46,81.46685648588783,-35.46685648588783
2023-12-15,S005,P0010,22,87.72675579651434,-65.72675579651434
2023-12-15,S004,P0012,126,128.60897634245043,-2.6089763424504326
2023-12-15,S002,P0002,23,94.420785322413,-71.420785322413
2023-12-15,S002,P0017,8,96.23422060410292,-88.23422060410292
2023-12-15,S002,P0016,302,216.653981104788,85.34601889521201
2023-12-15,S003,P0004,34,74.5432173379163,-40.5432173379163
2023-12-15,S001,P0005,187,210.5214875708503,-23.521487570850297
2023-12-15,S004,P0019,101,69.2376339666979,31.7623660333021
2023-12-15,S003,P0018,245,218.17533671034533,26.824663289654666
2023-12-15,S004,P0005,193,172.13913272022165,20.860867279778347
2023-12-15,S002,P0006,66,36.143483951064695,29.856516048935305
2023-12-15,S005,P0016,191,105.59261433308177,85.40738566691823
2023-12-15,S002,P0019,126,233.97364342746886,-107.97364342746886
2023-12-15,S005,P0008,134,76.59915281519523,57.400847184804775
2023-12-15,S003,P0010,54,42.82411140458561,11.175888595414392
2023-12-15,S004,P0009,16,39.81739984376014,-23.817399843760143
2023-12-15,S005,P0015,254,170.82835959547776,83.17164040452224
2023-12-15,S003,P0013,239,139.57509682081752,99.42490317918248
2023-12-15,S001,P0010,105,172.16084158022238,-67.16084158022238
2023-12-15,S001,P0014,194,221.91370413384305,-27.913704133843055
2023-12-15,S004,P0002,61,86.32969946084506,-25.329699460845063
2023-12-15,S001,P0003,131,81.12052515258296,49.87947484741704
2023-12-15,S005,P0005,315,211.55033627812765,103.44966372187235
2023-12-15,S004,P0020,272,233.7809334422758,38.219066557724204
2023-12-15,S003,P0017,123,61.826671453445044,61.173328546554956
2023-12-15,S004,P0017,18,61.90795400829688,-43.90795400829688
2023-12-16,S004,P0005,49,33.70653876344278,15.29346123655722
2023-12-16,S004,P0006,161,81.89815179889246,79.10184820110754
2023-12-16,S004,P0020,224,211.61685530841476,12.383144691585244
2023-12-16,S004,P0013,66,80.0416196286954,-14.0416196286954
2023-12-16,S001,P0018,103,102.62705381029076,0.3729461897092392
2023-12-16,S005,P0004,33,37.99455476857963,-4.994554768579633
2023-12-16,S003,P0012,27,65.96632059374127,-38.96632059374127
2023-12-16,S004,P0019,51,56.00514657833469,-5.0051465783346885
2023-12-16,S004,P0011,196,228.12433310002842,-32.12433310002842
2023-12-16,S001,P0005,46,29.785122044134198,16.214877955865802
2023-12-16,S003,P0001,16,32.56234186808632,-16.56234186808632
2023-12-16,S005,P0013,80,219.4088879778388,-139.4088879778388
2023-12-16,S005,P0015,262,142.17303132885115,119.82696867114885
2023-12-16,S001,P0014,51,147.99428243603978,-96.99428243603978
2023-12-16,S001,P0008,164,152.43247496362557,11.567525036374434
2023-12-16,S003,P0002,53,73.33719414897831,-20.337194148978313
2023-12-16,S003,P0019,130,126.86815838755382,3.1318416124461805
2023-12-16,S005,P0018,251,191.9112340696841,59.0887659303159
2023-12-16,S002,P0009,57,153.21718758479597,-96.21718758479597
2023-12-16,S002,P0018,54,64.47754651708249,-10.477546517082487
2023-12-16,S001,P0006,357,190.06309290228495,166.93690709771505
2023-12-16,S003,P0014,300,157.7568329267898,142.2431670732102
2023-12-16,S002,P0016,214,125.03391453506794,88.96608546493206
2023-12-16,S004,P0012,51,84.62766759344981,-33.627667593449814
2023-12-16,S001,P0002,11,113.9846443317602,-102.9846443317602
2023-12-16,S005,P0006,74,42.25033030716594,31.74966969283406
2023-12-16,S003,P0013,212,141.34408669539903,70.65591330460097
2023-12-16,S004,P0007,353,242.06102294365888,110.93897705634112
2023-12-16,S002,P0001,163,205.18099910130212,-42.18099910130212
2023-12-16,S001,P0019,87,196.36119976629698,-109.36119976629698
2023-12-16,S003,P0015,10,100.71547697745797,-90.71547697745797
2023-12-16,S002,P0002,106,101.1008970869874,4.899102913012598
2023-12-16,S002,P0008,55,75.5997083003893,-20.599708300389295
2023-12-16,S003,P0005,77,74.21211338209122,2.7878866179087822
2023-12-16,S002,P0014,103,176.65958362994996,-73.65958362994996
2023-12-16,S005,P0010,32,126.87636432284108,-94.87636432284108
2023-12-16,S005,P0008,184,175.80078984450745,8.199210155492551
2023-12-16,S005,P0001,24,210.33722000819427,-186.33722000819427
2023-12-16,S003,P0006,189,115.61386896282954,73.38613103717046
2023-12-16,S002,P0013,308,233.4641087223519,74.53589127764809
2023-12-16,S005,P0011,200,185.77170541466057,14.228294585339427
2023-12-16,S004,P0016,283,215.76915582803355,67.23084417196645
2023-12-16,S001,P0016,221,134.5342611473256,86.4657388526744
2023-12-16,S005,P0002,300,214.53263737399573,85.46736262600427
2023-12-16,S005,P0005,206,149.56654781785585,56.43345218214415
2023-12-16,S001,P0003,200,247.12115522027932,-47.12115522027932
2023-12-16,S001,P0010,55,61.711028208773996,-6.711028208773996
2023-12-16,S001,P0012,296,153.87688876373397,142.12311123626603
2023-12-16,S005,P0003,15,58.10858066236716,-43.10858066236716
2023-12-16,S004,P0002,103,183.90980323136608,-80.90980323136608
2023-12-16,S004,P0017,135,69.74432595662762,65.25567404337238
2023-12-16,S003,P0017,3,174.70870791453405,-171.70870791453405
2023-12-16,S004,P0009,108,181.93014705673272,-73.93014705673272
2023-12-16,S001,P0020,179,100.43945475308573,78.56054524691427
2023-12-16,S003,P0007,102,218.58736883394465,-116.58736883394465
2023-12-16,S004,P0001,49,91.53113426530984,-42.531134265309845
2023-12-16,S002,P0011,225,154.95804666999226,70.04195333000774
2023-12-16,S003,P0010,215,181.68743591887863,33.312564081121366
2023-12-16,S002,P0017,2,67.07186229508301,-65.07186229508301
2023-12-16,S001,P0007,267,164.20589653738597,102.79410346261403
2023-12-16,S003,P0004,66,30.70858260158508,35.29141739841492
2023-12-16,S005,P0016,162,140.3969647675898,21.603035232410207
2023-12-16,S003,P0009,250,205.11120580797854,44.888794192021464
2023-12-16,S004,P0010,94,87.65303653124886,6.346963468751142
2023-12-16,S003,P0018,242,158.0595628575615,83.9404371424385
2023-12-16,S002,P0006,59,94.70177808110446,-35.701778081104464
2023-12-16,S002,P0019,19,179.81585904569113,-160.81585904569113
2023-12-16,S003,P0011,309,230.3044325772263,78.6955674227737
2023-12-16,S005,P0017,9,239.185577532376,-230.185577532376
2023-12-16,S002,P0007,2,38.55849355838154,-36.55849355838154
2023-12-16,S002,P0010,52,191.7240419227511,-139.7240419227511
2023-12-16,S001,P0013,75,46.37906548091934,28.620934519080663
2023-12-16,S001,P0015,246,147.82695535295454,98.17304464704546
2023-12-16,S004,P0018,162,99.58360686878098,62.416393131219024
2023-12-16,S002,P0003,106,153.22738174043775,-47.22738174043775
2023-12-16,S001,P0017,105,161.71518374534935,-56.71518374534935
2023-12-16,S004,P0014,21,47.243975883313,-26.243975883313
2023-12-16,S005,P0019,13,211.39281717038273,-198.39281717038273
2023-12-16,S004,P0004,164,145.3832003128071,18.616799687192895
2023-12-16,S002,P0012,47,28.618682365751965,18.381317634248035
2023-12-16,S001,P0009,152,186.18921601239623,-34.18921601239623
2023-12-16,S004,P0003,64,45.63869689022317,18.361303109776827
2023-12-16,S001,P0004,72,204.03537316252965,-132.03537316252965
2023-12-16,S005,P0012,341,201.99516785241406,139.00483214758594
2023-12-16,S003,P0016,20,57.423796186432924,-37.423796186432924
2023-12-16,S004,P0008,243,246.30245506006025,-3.302455060060254
2023-12-16,S001,P0001,119,77.916978905071,41.083021094928995
2023-12-16,S002,P0004,75,67.63878060625092,7.3612193937490815
2023-12-16,S002,P0005,310,182.88910609761564,127.11089390238436
2023-12-16,S005,P0007,95,57.22552125040136,37.77447874959864
2023-12-16,S004,P0015,124,164.02290647376628,-40.022906473766284
2023-12-16,S003,P0008,205,227.05201405586058,-22.05201405586058
2023-12-16,S003,P0020,271,218.85374597184273,52.14625402815727
2023-12-16,S002,P0020,109,53.73322544283451,55.26677455716549
2023-12-16,S002,P0015,254,170.09383770964598,83.90616229035402
2023-12-16,S003,P0003,268,164.92566658796238,103.07433341203762
2023-12-16,S001,P0011,176,197.89274515900132,-21.892745159001322
2023-12-16,S005,P0009,118,59.83295456389476,58.16704543610524
2023-12-16,S005,P0014,101,125.51938775689888,-24.51938775689888
2023-12-17,S005,P0020,165,173.68893029318707,-8.68893029318707
2023-12-17,S001,P0003,302,237.30597680868692,64.69402319131308
2023-12-17,S005,P0018,98,203.58128621555386,-105.58128621555386
2023-12-17,S005,P0019,247,239.70877112922074,7.291228870779264
2023-12-17,S004,P0009,362,240.9051663299158,121.0948336700842
2023-12-17,S004,P0013,105,99.9965498710473,5.003450128952693
2023-12-17,S002,P0004,199,102.47382683956175,96.52617316043825
2023-12-17,S004,P0003,31,65.00527877016407,-34.00527877016407
2023-12-17,S001,P0015,194,176.1228898645678,17.87711013543219
2023-12-17,S004,P0019,211,114.97492425193576,96.02507574806424
2023-12-17,S004,P0014,57,93.25297327675827,-36.25297327675827
2023-12-17,S001,P0018,4,32.91837939811461,-28.91837939811461
2023-12-17,S003,P0015,333,236.67049754106864,96.32950245893136
2023-12-17,S004,P0004,61,158.92795598963835,-97.92795598963835
2023-12-17,S004,P0020,391,236.35310105993307,154.64689894006693
2023-12-17,S005,P0008,35,61.77600656899335,-26.776006568993353
2023-12-17,S003,P0014,199,122.68489207815327,76.31510792184673
2023-12-17,S005,P0014,220,146.9784594109737,73.0215405890263
2023-12-17,S002,P0009,370,189.39154794641865,180.60845205358135
2023-12-17,S005,P0011,21,75.29026799691968,-54.29026799691968
2023-12-17,S001,P0008,31,171.6593552249971,-140.6593552249971
2023-12-17,S002,P0020,334,201.97039814421822,132.02960185578178
2023-12-17,S002,P0015,261,223.3357353534929,37.66426464650709
2023-12-17,S003,P0004,125,160.8855284525083,-35.88552845250831
2023-12-17,S002,P0017,69,36.62020447132136,32.37979552867864
2023-12-17,S003,P0013,158,98.3345440129732,59.6654559870268
2023-12-17,S005,P0006,85,97.62539360386745,-12.625393603867451
2023-12-17,S001,P0011,188,98.33408486125876,89.66591513874124
2023-12-17,S002,P0003,146,208.32701708635483,-62.32701708635483
2023-12-17,S003,P0012,8,205.83696705473687,-197.83696705473687
2023-12-17,S005,P0015,221,113.11495869798256,107.88504130201744
2023-12-17,S002,P0010,34,30.260777302751308,3.7392226972486924
2023-12-17,S001,P0006,44,138.3234864578459,-94.32348645784589
2023-12-17,S002,P0008,40,27.058781511018992,12.941218488981008
2023-12-17,S004,P0016,28,87.82361431836927,-59.823614318369266
2023-12-17,S004,P0015,165,140.96302461595315,24.036975384046855
2023-12-17,S001,P0010,11,131.03409542595608,-120.03409542595608
2023-12-17,S005,P0007,163,161.16598315528694,1.8340168447130623
2023-12-17,S005,P0013,183,242.24709925160965,-59.247099251609654
2023-12-17,S005,P0012,158,174.86952279445205,-16.869522794452052
2023-12-17,S001,P0007,349,228.59357976933262,120.40642023066738
2023-12-17,S003,P0019,473,239.35813441962244,233.64186558037756
2023-12-17,S002,P0006,111,77.88691660804665,33.11308339195335
2023-12-17,S001,P0016,46,164.7472857805957,-118.74728578059569
2023-12-17,S004,P0017,322,186.24750066077803,135.75249933922197
2023-12-17,S003,P0003,79,110.5002465332874,-31.500246533287395
2023-12-17,S001,P0001,55,152.7133910995326,-97.7133910995326
2023-12-17,S003,P0018,485,242.18633285703544,242.81366714296456
2023-12-17,S004,P0010,58,61.46951245346838,-3.4695124534683828
2023-12-17,S002,P0018,130,111.09317559979513,18.90682440020487
2023-12-17,S002,P0005,71,48.8906013426199,22.109398657380098
2023-12-17,S004,P0001,171,193.57412957138638,-22.57412957138638
2023-12-17,S003,P0017,65,31.033028569150588,33.96697143084941
2023-12-17,S002,P0007,2,43.850307954709365,-41.850307954709365
2023-12-17,S004,P0002,31,95.29592942397505,-64.29592942397505
2023-12-17,S004,P0018,25,45.13215355290049,-20.13215355290049
2023-12-17,S003,P0001,97,116.990419128766,-19.990419128766007
2023-12-17,S003,P0016,49,101.60373685287408,-52.60373685287408
2023-12-17,S001,P0017,285,228.7609951941177,56.2390048058823
2023-12-17,S004,P0005,159,96.30091778393574,62.699082216064255
2023-12-17,S003,P0020,146,104.20560466984767,41.79439533015233
2023-12-17,S003,P0010,172,176.7530903424498,-4.753090342449809
2023-12-17,S003,P0005,199,169.97946878169176,29.020531218308236
2023-12-17,S003,P0002,294,214.70062046443206,79.29937953556794
2023-12-17,S001,P0012,235,193.68253732413314,41.317462675866864
2023-12-17,S004,P0007,79,200.63014267232677,-121.63014267232677
2023-12-17,S003,P0009,40,137.42943910328194,-97.42943910328194
2023-12-17,S002,P0012,22,97.55887813499851,-75.55887813499851
2023-12-17,S005,P0017,142,83.29037763961298,58.709622360387016
2023-12-17,S001,P0013,119,79.18325821237943,39.81674178762057
2023-12-17,S002,P0013,68,44.51940375569865,23.480596244301353
2023-12-17,S001,P0004,67,208.76714121341183,-141.76714121341183
2023-12-17,S002,P0016,304,244.26810864299028,59.731891357009715
2023-12-17,S001,P0002,116,60.871612467667376,55.128387532332624
2023-12-17,S005,P0010,29,42.47064218321913,-13.470642183219127
2023-12-17,S003,P0008,450,228.04379903400218,221.95620096599782
2023-12-17,S005,P0003,324,184.47497644702634,139.52502355297366
2023-12-17,S004,P0011,46,30.52327543264579,15.47672456735421
2023-12-17,S003,P0007,102,51.85625542201518,50.14374457798482
2023-12-17,S004,P0008,148,96.35815089851303,51.64184910148697
2023-12-17,S005,P0002,56,31.77622408817581,24.22377591182419
2023-12-17,S005,P0004,95,114.67572998928375,-19.675729989283752
2023-12-17,S002,P0001,261,131.4655496976983,129.5344503023017
2023-12-17,S002,P0019,153,195.99762110468043,-42.997621104680434
2023-12-17,S003,P0011,13,133.4354971196708,-120.4354971196708
2023-12-17,S005,P0005,104,177.8357176375851,-73.8357176375851
2023-12-17,S001,P0009,216,232.8521634076286,-16.85216340762861
2023-12-17,S001,P0005,289,163.01824566401723,125.98175433598277
2023-12-17,S005,P0009,41,200.25925279968556,-159.25925279968556
2023-12-17,S002,P0011,91,196.7673165369377,-105.7673165369377
2023-12-17,S001,P0020,124,59.486338869819406,64.5136611301806
2023-12-17,S005,P0016,225,242.63783253531915,-17.63783253531915
2023-12-17,S003,P0006,80,65.82558914887272,14.174410851127277
2023-12-17,S005,P0001,48,179.26143416829285,-131.26143416829285
2023-12-17,S001,P0019,283,220.376470907157,62.623529092843
2023-12-17,S002,P0002,47,95.006739659976,-48.006739659976006
2023-12-17,S004,P0006,35,201.03103618645093,-166.03103618645093
2023-12-17,S004,P0012,28,131.8791962431605,-103.8791962431605
2023-12-17,S002,P0014,36,39.50641753333423,-3.506417533334229
2023-12-17,S001,P0014,186,130.11083533414393,55.88916466585607
2023-12-18,S004,P0001,284,148.22218821449354,135.77781178550646
2023-12-18,S005,P0010,220,207.86344324152554,12.136556758474455
2023-12-18,S001,P0007,66,231.346366522857,-165.346366522857
2023-12-18,S001,P0020,37,225.59776190667094,-188.59776190667094
2023-12-18,S002,P0005,139,100.87845415596865,38.121545844031345
2023-12-18,S005,P0009,35,212.1890723013841,-177.1890723013841
2023-12-18,S005,P0012,126,122.79048204286494,3.2095179571350627
2023-12-18,S001,P0009,95,53.77615814496204,41.22384185503796
2023-12-18,S004,P0009,74,200.19582454728157,-126.19582454728157
2023-12-18,S005,P0007,6,44.408055961444745,-38.408055961444745
2023-12-18,S004,P0008,158,152.35011063684055,5.649889363159446
2023-12-18,S004,P0005,353,177.06943698793077,175.93056301206923
2023-12-18,S002,P0016,46,70.67715714343012,-24.677157143430122
2023-12-18,S004,P0002,103,100.59525353850887,2.404746461491129
2023-12-18,S002,P0019,75,122.036913722848,-47.036913722848
2023-12-18,S002,P0003,6,109.04937565941532,-103.04937565941532
2023-12-18,S005,P0019,271,174.73716602058613,96.26283397941387
2023-12-18,S003,P0020,97,75.92964724048863,21.070352759511366
2023-12-18,S004,P0013,53,240.74082013015055,-187.74082013015055
2023-12-18,S005,P0018,54,55.882758336536995,-1.8827583365369946
2023-12-18,S002,P0002,59,51.669670893007606,7.330329106992394
2023-12-18,S005,P0008,145,165.27336379072727,-20.273363790727274
2023-12-18,S001,P0008,111,187.63024043344012,-76.63024043344012
2023-12-18,S005,P0011,8,84.65176923431528,-76.65176923431528
2023-12-18,S004,P0006,12,231.35588225688002,-219.35588225688002
2023-12-18,S001,P0019,27,54.84109783836402,-27.84109783836402
2023-12-18,S003,P0002,80,41.29951437422989,38.70048562577011
2023-12-18,S001,P0018,244,145.87463102499396,98.12536897500604
2023-12-18,S004,P0004,63,144.4409717247422,-81.44097172474221
2023-12-18,S004,P0007,193,214.28099112685754,-21.280991126857543
2023-12-18,S001,P0002,78,58.059802990022376,19.940197009977624
2023-12-18,S004,P0003,248,166.25051429546642,81.74948570453358
2023-12-18,S004,P0012,176,101.03332512775921,74.96667487224079
2023-12-18,S002,P0004,316,233.88346835195193,82.11653164804807
2023-12-18,S004,P0014,210,226.24334454289624,-16.24334454289624
2023-12-18,S004,P0011,285,230.69293259607502,54.307067403924975
2023-12-18,S003,P0003,69,144.5394924549027,-75.5394924549027
2023-12-18,S001,P0017,156,95.09830166923814,60.90169833076186
2023-12-18,S002,P0001,55,31.015262931423877,23.984737068576123
2023-12-18,S001,P0003,6,43.339349464956285,-37.339349464956285
2023-12-18,S004,P0015,57,130.15603635087666,-73.15603635087666
2023-12-18,S005,P0016,230,209.88536913200784,20.11463086799216
2023-12-18,S001,P0005,176,136.32298438195494,39.67701561804506
2023-12-18,S003,P0011,193,149.53301021476858,43.46698978523142
2023-12-18,S001,P0014,133,145.24216987815282,-12.242169878152822
2023-12-18,S001,P0011,199,136.62829660564688,62.37170339435312
2023-12-18,S002,P0010,200,117.39301611450429,82.60698388549571
2023-12-18,S002,P0011,42,165.25148397026425,-123.25148397026425
2023-12-18,S003,P0012,8,43.46231362901716,-35.46231362901716
2023-12-18,S001,P0001,84,220.01526572759843,-136.01526572759843
2023-12-18,S002,P0017,95,176.58599939354656,-81.58599939354656
2023-12-18,S003,P0004,116,171.42389999514353,-55.42389999514353
2023-12-18,S002,P0015,109,183.15092527418767,-74.15092527418767
2023-12-18,S002,P0020,73,39.61155733965148,33.38844266034852
2023-12-18,S002,P0009,297,244.6256257014582,52.374374298541795
2023-12-18,S005,P0006,256,210.7611306033188,45.238869396681196
2023-12-18,S005,P0001,143,133.85446780807735,9.145532191922655
2023-12-18,S003,P0010,180,105.06665251591681,74.93334748408319
2023-12-18,S001,P0013,102,100.7540399605275,1.245960039472493
2023-12-18,S005,P0004,343,214.8491016564579,128.1508983435421
2023-12-18,S003,P0005,257,213.04334554677632,43.95665445322368
2023-12-18,S005,P0005,152,128.02410765009512,23.975892349904882
2023-12-18,S002,P0014,21,116.45951791103346,-95.45951791103346
2023-12-18,S003,P0006,4,41.688275948184184,-37.688275948184184
2023-12-18,S005,P0017,288,216.64722942337653,71.35277057662347
2023-12-18,S001,P0004,177,121.2250841348544,55.7749158651456
2023-12-18,S001,P0012,71,117.0246370058332,-46.0246370058332
2023-12-18,S002,P0013,216,181.49667813890613,34.503321861093866
2023-12-18,S003,P0007,50,37.472679873614425,12.527320126385575
2023-12-18,S005,P0003,29,201.60455916058618,-172.60455916058618
2023-12-18,S003,P0008,293,207.67303845442063,85.32696154557937
2023-12-18,S005,P0002,445,231.8884033350854,213.1115966649146
2023-12-18,S002,P0012,66,36.02733728259017,29.972662717409833
2023-12-18,S003,P0009,272,146.70625117325034,125.29374882674966
2023-12-18,S005,P0015,6,100.60224920330671,-94.60224920330671
2023-12-18,S003,P0014,6,150.47019766235582,-144.47019766235582
2023-12-18,S003,P0013,152,224.59168589736794,-72.59168589736794
2023-12-18,S004,P0010,217,168.74427029947248,48.255729700527525
2023-12-18,S003,P0017,113,88.46753086896814,24.53246913103186
2023-12-18,S003,P0018,138,73.37419450930258,64.62580549069742
2023-12-18,S002,P0007,100,166.45159885019115,-66.45159885019115
2023-12-18,S004,P0020,14,128.123785138705,-114.12378513870499
2023-12-18,S004,P0017,68,83.94624380382743,-15.946243803827429
2023-12-18,S001,P0016,284,165.7215903933083,118.2784096066917
2023-12-18,S004,P0018,12,245.32916909878236,-233.32916909878236
2023-12-18,S003,P0016,41,43.72119352034059,-2.7211935203405915
2023-12-18,S001,P0010,185,153.0885471074975,31.911452892502496
2023-12-18,S002,P0008,119,177.52974480000853,-58.52974480000853
2023-12-18,S005,P0013,191,205.3418306056771,-14.341830605677103
2023-12-18,S001,P0006,40,28.376945455430075,11.623054544569925
2023-12-18,S002,P0006,141,203.11249002543616,-62.11249002543616
2023-12-18,S002,P0018,284,197.03803191988692,86.96196808011308
2023-12-18,S004,P0016,3,216.48592734487733,-213.48592734487733
2023-12-18,S003,P0015,260,132.44441816213714,127.55558183786286
2023-12-18,S004,P0019,57,83.0211525283737,-26.021152528373705
2023-12-18,S003,P0019,209,138.77889676550456,70.22110323449544
2023-12-18,S005,P0020,113,198.76213237583818,-85.76213237583818
2023-12-18,S005,P0014,167,152.33292107840697,14.667078921593031
2023-12-18,S001,P0015,194,160.42585997802507,33.57414002197493
2023-12-19,S001,P0009,291,158.12935350910578,132.87064649089422
2023-12-19,S005,P0003,4,64.4797728569855,-60.479772856985505
2023-12-19,S001,P0012,51,39.83575376224235,11.164246237757652
2023-12-19,S005,P0009,26,214.74858507377178,-188.74858507377178
2023-12-19,S005,P0005,57,28.017265727421886,28.982734272578114
2023-12-19,S001,P0003,75,67.19806722107091,7.8019327789290855
2023-12-19,S005,P0007,95,54.207039927918174,40.792960072081826
2023-12-19,S004,P0011,247,218.6833206989822,28.316679301017814
2023-12-19,S004,P0016,47,162.07730580016351,-115.07730580016351
2023-12-19,S001,P0016,105,154.84174159880877,-49.84174159880877
2023-12-19,S004,P0015,222,185.42279889163376,36.57720110836624
2023-12-19,S005,P0002,23,52.91431038364698,-29.914310383646978
2023-12-19,S004,P0010,91,214.7136626886824,-123.7136626886824
2023-12-19,S002,P0020,29,32.192746112780526,-3.192746112780526
2023-12-19,S001,P0010,73,245.7686583502806,-172.7686583502806
2023-12-19,S004,P0020,165,203.97316785341525,-38.97316785341525
2023-12-19,S004,P0019,36,203.30762655958972,-167.30762655958972
2023-12-19,S005,P0008,77,74.10891126430124,2.8910887356987587
2023-12-19,S001,P0018,50,216.0687913842374,-166.0687913842374
2023-12-19,S004,P0013,22,245.5792577654542,-223.5792577654542
2023-12-19,S001,P0015,48,144.9958672129344,-96.9958672129344
2023-12-19,S004,P0012,59,32.995203509386215,26.004796490613785
2023-12-19,S005,P0006,104,68.44401154070493,35.555988459295065
2023-12-19,S004,P0018,265,134.29162469477671,130.70837530522329
2023-12-19,S004,P0014,191,130.0650681035786,60.9349318964214
2023-12-19,S001,P0011,38,149.327704360118,-111.32770436011799
2023-12-19,S001,P0014,375,241.29669934510844,133.70330065489156
2023-12-19,S002,P0019,337,185.57564834452802,151.42435165547198
2023-12-19,S003,P0001,275,149.8300477269039,125.1699522730961
2023-12-19,S004,P0017,80,133.1346106285497,-53.134610628549694
2023-12-19,S001,P0017,34,28.659954808273085,5.340045191726915
2023-12-19,S005,P0001,22,216.81392005255105,-194.81392005255105
2023-12-19,S002,P0017,182,135.7708730884911,46.2291269115089
2023-12-19,S001,P0013,24,112.96091989534222,-88.96091989534222
2023-12-19,S001,P0002,80,141.82755693296144,-61.82755693296144
2023-12-19,S001,P0019,9,27.46718460226589,-18.46718460226589
2023-12-19,S005,P0018,29,148.6798814533762,-119.6798814533762
2023-12-19,S003,P0003,122,66.01479994612885,55.985200053871154
2023-12-19,S002,P0018,157,107.53778293182063,49.46221706817937
2023-12-19,S003,P0019,123,80.20949746463651,42.79050253536349
2023-12-19,S003,P0011,82,39.48276798343676,42.51723201656324
2023-12-19,S001,P0005,18,80.60389930590628,-62.60389930590628
2023-12-19,S001,P0001,242,139.30314846981133,102.69685153018867
2023-12-19,S003,P0020,274,167.29989528015165,106.70010471984835
2023-12-19,S002,P0010,2,34.00670694444233,-32.00670694444233
2023-12-19,S005,P0016,91,118.91897237766278,-27.918972377662783
2023-12-19,S001,P0007,13,25.226861044158227,-12.226861044158227
2023-12-19,S002,P0011,90,245.80097950960203,-155.80097950960203
2023-12-19,S002,P0005,294,148.87827755579218,145.12172244420782
2023-12-19,S004,P0001,40,154.5757437183811,-114.57574371838109
2023-12-19,S004,P0002,363,235.04327813955126,127.95672186044874
2023-12-19,S003,P0014,153,78.0218725433503,74.9781274566497
2023-12-19,S005,P0012,63,35.61066569600246,27.389334303997543
2023-12-19,S002,P0004,105,54.57190314110608,50.42809685889392
2023-12-19,S005,P0013,317,244.0543083773793,72.9456916226207
2023-12-19,S003,P0012,125,158.65008048753464,-33.65008048753464
2023-12-19,S005,P0015,147,140.35193707653423,6.648062923465773
2023-12-19,S003,P0015,217,147.16657561971675,69.83342438028325
2023-12-19,S002,P0009,139,209.92011751638557,-70.92011751638557
2023-12-19,S002,P0008,29,190.2145373247817,-161.2145373247817
2023-12-19,S005,P0014,268,163.35491767437446,104.64508232562554
2023-12-19,S003,P0013,124,238.96238844618972,-114.96238844618972
2023-12-19,S002,P0006,106,155.10487145995353,-49.10487145995353
2023-12-19,S001,P0006,139,243.3651724371237,-104.3651724371237
2023-12-19,S003,P0004,237,224.67564564606016,12.324354353939839
2023-12-19,S002,P0007,141,79.21447631409904,61.785523685900955
2023-12-19,S005,P0020,253,142.52692182314308,110.47307817685692
2023-12-19,S003,P0017,152,132.22979663878687,19.770203361213134
2023-12-19,S001,P0020,82,43.2723893026199,38.7276106973801
2023-12-19,S003,P0018,114,102.80235277693771,11.19764722306229
2023-12-19,S003,P0016,88,136.2755659995388,-48.2755659995388
2023-12-19,S004,P0003,73,72.55046487079437,0.44953512920562844
2023-12-19,S002,P0015,81,45.62619261916376,35.37380738083624
2023-12-19,S002,P0014,295,226.46935541370266,68.53064458629734
2023-12-19,S001,P0004,27,42.0563198784908,-15.056319878490797
2023-12-19,S004,P0007,62,231.72374977313382,-169.72374977313382
2023-12-19,S004,P0006,68,222.71433079152274,-154.71433079152274
2023-12-19,S002,P0002,21,34.900244414351675,-13.900244414351675
2023-12-19,S004,P0004,40,38.06135141831413,1.938648581685868
2023-12-19,S003,P0006,112,57.156610013391,54.843389986609
2023-12-19,S003,P0002,18,77.94152019435342,-59.941520194353416
2023-12-19,S002,P0013,56,151.5043088231003,-95.5043088231003
2023-12-19,S002,P0001,110,78.67011926551669,31.32988073448331
2023-12-19,S003,P0007,114,85.75076626496434,28.24923373503566
2023-12-19,S004,P0005,99,118.04446355213469,-19.044463552134687
2023-12-19,S005,P0019,139,73.57232045278835,65.42767954721165
2023-12-19,S002,P0016,114,219.07644413234493,-105.07644413234493
2023-12-19,S005,P0017,114,165.95216120746977,-51.95216120746977
2023-12-19,S004,P0009,245,180.99542446574702,64.00457553425298
2023-12-19,S005,P0004,237,206.44417714977004,30.55582285022996
2023-12-19,S002,P0003,145,213.9435550789973,-68.94355507899729
2023-12-19,S005,P0010,145,125.29942971535945,19.70057028464055
2023-12-19,S004,P0008,166,172.30057085898926,-6.300570858989261
2023-12-19,S005,P0011,28,53.43441364015274,-25.43441364015274
2023-12-19,S001,P0008,9,198.00295125275767,-189.00295125275767
2023-12-19,S002,P0012,26,242.58388908792205,-216.58388908792205
2023-12-19,S003,P0009,163,111.63842312166116,51.36157687833884
2023-12-19,S003,P0008,134,176.13360648911964,-42.13360648911964
2023-12-19,S003,P0005,64,39.04348788779987,24.95651211220013
2023-12-20,S003,P0004,27,37.34488994721903,-10.34488994721903
2023-12-20,S003,P0006,24,72.58430449260237,-48.58430449260237
2023-12-20,S003,P0013,31,60.08648633454658,-29.086486334546578
2023-12-20,S004,P0020,369,208.35275616555992,160.64724383444008
2023-12-20,S002,P0014,315,237.40802474193413,77.59197525806587
2023-12-20,S002,P0009,356,239.033183033517,116.96681696648301
2023-12-20,S001,P0014,349,215.47607384015407,133.52392615984593
2023-12-20,S003,P0009,262,137.72141666592495,124.27858333407505
2023-12-20,S005,P0003,61,226.8607471407036,-165.8607471407036
2023-12-20,S003,P0012,4,161.4579345615494,-157.4579345615494
2023-12-20,S001,P0012,44,68.93492103973517,-24.934921039735173
2023-12-20,S002,P0010,245,196.17741321303453,48.82258678696547
2023-12-20,S003,P0011,93,71.40406833293571,21.595931667064292
2023-12-20,S003,P0007,55,247.3680493567237,-192.3680493567237
2023-12-20,S005,P0002,336,234.36288667268252,101.63711332731748
2023-12-20,S003,P0008,243,188.3996385372571,54.60036146274291
2023-12-20,S002,P0012,80,142.281875136986,-62.281875136986
2023-12-20,S002,P0011,204,142.2041655601613,61.7958344398387
2023-12-20,S005,P0001,128,90.61362505030411,37.38637494969589
2023-12-20,S003,P0010,167,192.3051958743115,-25.305195874311494
2023-12-20,S002,P0017,223,157.9774615753616,65.02253842463841
2023-12-20,S001,P0013,33,34.173555351025584,-1.173555351025584
2023-12-20,S002,P0013,12,62.73958663269235,-50.73958663269235
2023-12-20,S001,P0020,21,106.56937089484711,-85.56937089484711
2023-12-20,S003,P0017,144,112.51204511591197,31.487954884088026
2023-12-20,S002,P0020,106,190.40134441501402,-84.40134441501402
2023-12-20,S004,P0004,152,95.57369683597847,56.42630316402153
2023-12-20,S002,P0003,255,164.70379214172203,90.29620785827797
2023-12-20,S001,P0018,63,53.08002689328657,9.919973106713428
2023-12-20,S004,P0013,242,181.94591716173153,60.05408283826847
2023-12-20,S005,P0019,96,109.82819440734278,-13.828194407342778
2023-12-20,S001,P0002,139,199.75421278781272,-60.75421278781272
2023-12-20,S004,P0012,10,232.58095569002046,-222.58095569002046
2023-12-20,S004,P0005,232,188.27192617407138,43.72807382592862
2023-12-20,S003,P0002,321,164.98828921413917,156.01171078586083
2023-12-20,S002,P0002,125,85.73183721029415,39.268162789705855
2023-12-20,S004,P0006,168,101.40505298443003,66.59494701556997
2023-12-20,S001,P0019,340,237.76760952912986,102.23239047087014
2023-12-20,S004,P0007,96,219.7959598073345,-123.7959598073345
2023-12-20,S004,P0011,100,122.83155878442506,-22.831558784425056
2023-12-20,S002,P0016,14,103.27208465791915,-89.27208465791915
2023-12-20,S002,P0001,1,36.69099075543636,-35.69099075543636
2023-12-20,S004,P0010,205,209.23826010924188,-4.238260109241878
2023-12-20,S004,P0008,92,75.54731024302089,16.45268975697911
2023-12-20,S004,P0009,32,104.49196482342063,-72.49196482342063
2023-12-20,S004,P0003,415,227.32291377473484,187.67708622526516
2023-12-20,S002,P0004,163,122.39621777811004,40.60378222188996
2023-12-20,S004,P0014,146,201.5885804060979,-55.58858040609789
2023-12-20,S003,P0001,65,200.7561174652248,-135.7561174652248
2023-12-20,S004,P0019,73,239.64501333837308,-166.64501333837308
2023-12-20,S002,P0015,322,174.21927161357388,147.78072838642612
2023-12-20,S003,P0015,32,28.448876977679333,3.5511230223206667
2023-12-20,S002,P0008,99,52.06853868394285,46.93146131605715
2023-12-20,S001,P0015,402,214.7392296250448,187.2607703749552
2023-12-20,S004,P0018,34,154.30978512090024,-120.30978512090024
2023-12-20,S003,P0016,99,213.33848037655054,-114.33848037655054
2023-12-20,S004,P0017,173,131.9372245815041,41.0627754184959
2023-12-20,S002,P0007,290,152.3956854923061,137.6043145076939
2023-12-20,S003,P0014,96,170.8344525681337,-74.83445256813371
2023-12-20,S003,P0018,239,200.61551679084687,38.38448320915313
2023-12-20,S001,P0016,281,214.05125410949802,66.94874589050198
2023-12-20,S004,P0016,56,60.084117482363695,-4.084117482363695
2023-12-20,S003,P0019,110,205.27985310318888,-95.27985310318888
2023-12-20,S004,P0015,84,51.258360375779375,32.741639624220625
2023-12-20,S001,P0001,136,117.75469484823941,18.24530515176059
2023-12-20,S003,P0020,205,103.49132371501724,101.50867628498276
2023-12-20,S002,P0005,12,93.84227155192377,-81.84227155192377
2023-12-20,S003,P0003,80,45.59264532965,34.40735467035
2023-12-20,S001,P0017,124,137.26556277070245,-13.265562770702445
2023-12-20,S002,P0006,75,84.32272460081589,-9.322724600815889
2023-12-20,S005,P0004,119,114.60592362256523,4.3940763774347715
2023-12-20,S003,P0005,34,52.94350182628796,-18.943501826287957
2023-12-20,S005,P0006,252,157.80615733449451,94.19384266550549
2023-12-20,S005,P0011,97,135.95209580618172,-38.95209580618172
2023-12-20,S001,P0008,240,209.13761381891646,30.862386181083536
2023-12-20,S005,P0015,135,76.78310466802805,58.216895331971955
2023-12-20,S005,P0016,252,144.0602064832475,107.9397935167525
2023-12-20,S001,P0006,186,201.31700870953688,-15.317008709536879
2023-12-20,S005,P0017,97,241.3490245946963,-144.3490245946963
2023-12-20,S001,P0007,371,187.08277470144697,183.91722529855303
2023-12-20,S005,P0007,300,149.52290935798243,150.47709064201757
2023-12-20,S002,P0019,228,154.34747063326893,73.65252936673107
2023-12-20,S005,P0012,118,129.17915190966363,-11.17915190966363
2023-12-20,S005,P0010,204,112.51894864713222,91.48105135286778
2023-12-20,S005,P0014,13,97.33635106213939,-84.33635106213939
2023-12-20,S001,P0005,347,202.82003433866595,144.17996566133405
2023-12-20,S001,P0011,40,47.51944304432402,-7.519443044324021
2023-12-20,S005,P0020,91,95.52745314187496,-4.5274531418749575
2023-12-20,S005,P0013,35,37.68104034625901,-2.68104034625901
2023-12-20,S002,P0018,360,208.21214138681586,151.78785861318414
2023-12-20,S005,P0018,97,172.38890051113765,-75.38890051113765
2023-12-20,S005,P0005,102,53.53805266704097,48.46194733295903
2023-12-20,S005,P0009,33,202.82801200006912,-169.82801200006912
2023-12-20,S005,P0008,23,190.0900309587292,-167.0900309587292
2023-12-20,S001,P0003,62,93.0771951415216,-31.0771951415216
2023-12-20,S001,P0004,226,177.09719176412045,48.90280823587955
2023-12-20,S001,P0010,202,102.29524524000271,99.70475475999729
2023-12-20,S001,P0009,271,219.57163565088365,51.42836434911635
2023-12-21,S001,P0017,276,151.78865647035127,124.21134352964873
2023-12-21,S002,P0011,48,89.66652604439838,-41.66652604439838
2023-12-21,S005,P0016,337,218.3420251742025,118.65797482579751
2023-12-21,S003,P0001,52,185.81427181074133,-133.81427181074133
2023-12-21,S003,P0018,126,88.0672814912462,37.932718508753794
2023-12-21,S002,P0004,128,245.56691199076494,-117.56691199076494
2023-12-21,S005,P0008,22,47.16994308372409,-25.169943083724093
2023-12-21,S001,P0005,217,165.9715585004352,51.02844149956479
2023-12-21,S003,P0007,45,156.55104149822535,-111.55104149822535
2023-12-21,S002,P0015,128,91.51039109393122,36.48960890606878
2023-12-21,S002,P0018,189,109.23841621086427,79.76158378913573
2023-12-21,S004,P0014,45,73.17888568812776,-28.178885688127764
2023-12-21,S004,P0007,11,167.61018931131787,-156.61018931131787
2023-12-21,S001,P0011,277,217.55141240053342,59.44858759946658
2023-12-21,S003,P0011,265,199.0434656445426,65.95653435545739
2023-12-21,S002,P0019,62,109.25766201572361,-47.25766201572361
2023-12-21,S004,P0002,96,202.97309571035203,-106.97309571035203
2023-12-21,S005,P0001,192,170.29979997782618,21.700200022173817
2023-12-21,S001,P0018,49,36.05973126961578,12.940268730384219
2023-12-21,S005,P0006,76,198.94247989765648,-122.94247989765648
2023-12-21,S004,P0020,7,155.2940104577699,-148.2940104577699
2023-12-21,S005,P0014,77,38.45904401588757,38.54095598411243
2023-12-21,S004,P0003,111,204.16475029470422,-93.16475029470422
2023-12-21,S003,P0009,19,39.15205081723025,-20.152050817230247
2023-12-21,S005,P0018,70,36.462295200018616,33.537704799981384
2023-12-21,S004,P0017,20,170.90836391682228,-150.90836391682228
2023-12-21,S001,P0010,293,156.37632976306048,136.62367023693952
2023-12-21,S004,P0018,127,65.93035865445262,61.06964134554738
2023-12-21,S001,P0003,37,91.67686096726328,-54.67686096726328
2023-12-21,S001,P0008,252,169.42119095229555,82.57880904770445
2023-12-21,S002,P0003,263,157.79752034453594,105.20247965546406
2023-12-21,S001,P0016,22,30.382044733649025,-8.382044733649025
2023-12-21,S004,P0005,149,133.98231211709998,15.01768788290002
2023-12-21,S002,P0012,461,230.873381095561,230.126618904439
2023-12-21,S003,P0010,15,99.54713555722327,-84.54713555722327
2023-12-21,S002,P0020,64,32.026847079160405,31.973152920839595
2023-12-21,S005,P0007,13,83.08500827780284,-70.08500827780284
2023-12-21,S003,P0016,7,29.900866527105507,-22.900866527105507
2023-12-21,S002,P0007,319,210.7570109929452,108.2429890070548
2023-12-21,S004,P0016,132,75.88787704145227,56.11212295854773
2023-12-21,S001,P0015,53,169.57226233266704,-116.57226233266704
2023-12-21,S001,P0006,345,197.52191702068717,147.47808297931283
2023-12-21,S004,P0004,10,141.9868240811751,-131.9868240811751
2023-12-21,S005,P0011,211,115.50569452174125,95.49430547825875
2023-12-21,S004,P0019,44,168.8668071796494,-124.86680717964941
2023-12-21,S002,P0002,75,90.89542777213131,-15.895427772131313
2023-12-21,S003,P0017,46,130.15996454580943,-84.15996454580943
2023-12-21,S002,P0008,329,172.67541712145646,156.32458287854354
2023-12-21,S004,P0015,116,175.41555785937436,-59.41555785937436
2023-12-21,S003,P0008,43,100.38432302444522,-57.38432302444522
2023-12-21,S004,P0006,49,42.03176299091598,6.968237009084021
2023-12-21,S003,P0002,82,107.22070884195188,-25.220708841951875
2023-12-21,S003,P0003,279,219.90457130371055,59.095428696289446
2023-12-21,S005,P0019,75,151.5237932314401,-76.5237932314401
2023-12-21,S005,P0017,18,104.57196864239461,-86.57196864239461
2023-12-21,S005,P0002,42,77.3624667324018,-35.3624667324018
2023-12-21,S005,P0015,181,229.54034118911818,-48.54034118911818
2023-12-21,S002,P0005,57,107.46893108761117,-50.46893108761117
2023-12-21,S001,P0002,242,203.15350265574534,38.84649734425466
2023-12-21,S001,P0012,68,40.810871529309225,27.189128470690775
2023-12-21,S002,P0010,6,88.42345274182867,-82.42345274182867
2023-12-21,S003,P0014,227,205.71595653686,21.284043463139994
2023-12-21,S005,P0020,160,141.05774120716364,18.942258792836355
2023-12-21,S004,P0009,165,133.428038649994,31.571961350006006
2023-12-21,S003,P0013,142,161.70371159155195,-19.70371159155195
2023-12-21,S003,P0006,179,114.69082631573269,64.30917368426731
2023-12-21,S005,P0012,2,148.30406198717532,-146.30406198717532
2023-12-21,S003,P0020,231,120.91534217844782,110.08465782155218
2023-12-21,S005,P0013,6,125.58968851712348,-119.58968851712348
2023-12-21,S005,P0003,56,65.1951042010395,-9.195104201039499
2023-12-21,S004,P0012,84,43.69162559147861,40.30837440852139
2023-12-21,S003,P0012,336,234.59102447966023,101.40897552033977
2023-12-21,S002,P0009,175,92.04981792750942,82.95018207249058
2023-12-21,S001,P0019,14,156.68918600339595,-142.68918600339595
2023-12-21,S003,P0019,80,127.03480581317223,-47.03480581317223
2023-12-21,S003,P0005,25,29.92830550376175,-4.928305503761749
2023-12-21,S001,P0007,135,85.15692579343056,49.84307420656944
2023-12-21,S004,P0008,229,183.02182327032227,45.97817672967773
2023-12-21,S001,P0020,315,184.80671702132662,130.19328297867338
2023-12-21,S004,P0013,44,52.948550197711654,-8.948550197711654
2023-12-21,S004,P0010,11,226.11528579235323,-215.11528579235323
2023-12-21,S001,P0004,31,29.757137410630946,1.2428625893690537
2023-12-21,S002,P0013,222,141.2381144793199,80.7618855206801
2023-12-21,S002,P0017,83,102.35241258503373,-19.352412585033733
2023-12-21,S003,P0015,132,102.9578817225559,29.042118277444104
2023-12-21,S001,P0009,230,131.69475551238605,98.30524448761395
2023-12-21,S002,P0006,121,119.50337118677191,1.4966288132280852
2023-12-21,S004,P0011,101,50.54920238150436,50.45079761849564
2023-12-21,S005,P0009,76,45.31292031207505,30.68707968792495
2023-12-21,S002,P0001,151,118.48961958804887,32.51038041195113
2023-12-21,S002,P0016,315,171.50972870753748,143.49027129246252
2023-12-21,S005,P0004,28,146.29130347492878,-118.29130347492878
2023-12-21,S003,P0004,191,211.87954892584094,-20.879548925840936
2023-12-21,S004,P0001,65,38.65699417344962,26.34300582655038
2023-12-21,S005,P0005,135,224.22757896174483,-89.22757896174483
2023-12-21,S001,P0001,174,236.4074671565583,-62.40746715655831
2023-12-21,S001,P0013,5,232.24461615403544,-227.24461615403544
2023-12-21,S002,P0014,142,139.2525602666301,2.7474397333699017
2023-12-22,S003,P0002,33,44.9314908824868,-11.931490882486798
2023-12-22,S004,P0010,115,73.9031099172762,41.0968900827238
2023-12-22,S001,P0020,138,103.75347883525461,34.24652116474539
2023-12-22,S001,P0003,19,28.423838597775443,-9.423838597775443
2023-12-22,S005,P0009,148,121.80836582806324,26.191634171936755
2023-12-22,S001,P0006,86,171.8859485062792,-85.88594850627919
2023-12-22,S002,P0009,160,79.62967544493858,80.37032455506142
2023-12-22,S004,P0011,158,135.03154467571505,22.968455324284946
2023-12-22,S001,P0016,431,223.6954728411527,207.3045271588473
2023-12-22,S005,P0018,293,214.1932105492075,78.80678945079251
2023-12-22,S003,P0013,60,213.4135156263929,-153.4135156263929
2023-12-22,S004,P0017,9,60.87202009081187,-51.87202009081187
2023-12-22,S003,P0016,158,119.1611083802544,38.838891619745596
2023-12-22,S004,P0005,28,38.821793623629105,-10.821793623629105
2023-12-22,S001,P0009,195,107.63527669327397,87.36472330672603
2023-12-22,S004,P0016,134,72.28681415510636,61.713185844893644
2023-12-22,S003,P0010,142,185.39614488180456,-43.39614488180456
2023-12-22,S003,P0011,198,104.72736603329179,93.27263396670821
2023-12-22,S002,P0002,50,36.72519938190317,13.274800618096833
2023-12-22,S004,P0007,217,214.65718122825615,2.3428187717438504
2023-12-22,S001,P0018,18,111.56197701257952,-93.56197701257952
2023-12-22,S003,P0001,266,137.48681588616915,128.51318411383085
2023-12-22,S005,P0014,48,219.6780883703807,-171.6780883703807
2023-12-22,S002,P0001,301,234.8027302202135,66.1972697797865
2023-12-22,S002,P0019,80,54.773442105598576,25.226557894401424
2023-12-22,S003,P0004,161,82.2012334801858,78.7987665198142
2023-12-22,S005,P0010,76,148.639562299705,-72.639562299705
2023-12-22,S001,P0005,188,124.95989345279673,63.040106547203266
2023-12-22,S004,P0014,169,214.6590705639996,-45.65907056399959
2023-12-22,S004,P0013,5,227.66555810412285,-222.66555810412285
2023-12-22,S002,P0015,389,223.13506310827876,165.86493689172124
2023-12-22,S005,P0008,47,139.39186737594827,-92.39186737594827
2023-12-22,S004,P0008,144,99.06658645776167,44.93341354223833
2023-12-22,S001,P0002,233,195.96477895017586,37.035221049824145
2023-12-22,S005,P0016,131,113.93860331482949,17.061396685170507
2023-12-22,S002,P0011,331,166.4481437573229,164.5518562426771
2023-12-22,S004,P0006,252,150.8157491543576,101.1842508456424
2023-12-22,S002,P0016,353,219.08481720275927,133.91518279724073
2023-12-22,S001,P0017,108,103.5172981764033,4.482701823596699
2023-12-22,S002,P0010,360,227.30403481598353,132.69596518401647
2023-12-22,S005,P0007,15,223.8657851560414,-208.8657851560414
2023-12-22,S004,P0012,354,224.32432811751244,129.67567188248756
2023-12-22,S002,P0008,320,168.6059088662476,151.3940911337524
2023-12-22,S003,P0015,66,32.64317501220353,33.35682498779647
2023-12-22,S004,P0015,142,86.95410991969453,55.04589008030547
2023-12-22,S004,P0009,37,101.53231047633864,-64.53231047633864
2023-12-22,S003,P0012,102,151.19777205045006,-49.197772050450055
2023-12-22,S005,P0020,228,185.00233569605342,42.99766430394658
2023-12-22,S005,P0015,208,107.83064330693765,100.16935669306235
2023-12-22,S001,P0019,59,46.899147262404426,12.100852737595574
2023-12-22,S001,P0010,55,62.38582273180879,-7.385822731808787
2023-12-22,S003,P0009,34,149.91865475222477,-115.91865475222477
2023-12-22,S003,P0003,215,129.4942925601029,85.5057074398971
2023-12-22,S001,P0015,47,26.442840064141706,20.557159935858294
2023-12-22,S004,P0004,270,201.57164141149968,68.42835858850032
2023-12-22,S005,P0003,176,166.02964744385724,9.970352556142757
2023-12-22,S005,P0011,110,173.59739952831995,-63.597399528319954
2023-12-22,S005,P0013,219,213.0299745005048,5.970025499495193
2023-12-22,S003,P0006,61,32.32270517724049,28.677294822759507
2023-12-22,S003,P0008,230,117.65338929308189,112.34661070691811
2023-12-22,S002,P0005,240,242.69696188955834,-2.696961889558338
2023-12-22,S004,P0003,108,212.78560869263356,-104.78560869263356
2023-12-22,S004,P0020,156,101.50299781192757,54.49700218807243
2023-12-22,S005,P0002,20,70.84921752861908,-50.84921752861908
2023-12-22,S001,P0007,7,239.16683627207192,-232.16683627207192
2023-12-22,S005,P0017,163,89.30109475155393,73.69890524844607
2023-12-22,S002,P0004,88,109.59192158336879,-21.591921583368787
2023-12-22,S004,P0001,191,238.09348550826786,-47.09348550826786
2023-12-22,S003,P0007,91,68.80870847928821,22.191291520711786
2023-12-22,S003,P0018,2,40.80620376311009,-38.80620376311009
2023-12-22,S005,P0006,96,100.29306743021692,-4.293067430216922
2023-12-22,S002,P0006,186,120.22885822040257,65.77114177959743
2023-12-22,S002,P0018,112,157.84922895238952,-45.849228952389524
2023-12-22,S002,P0013,225,139.38313805896536,85.61686194103464
2023-12-22,S002,P0017,25,28.993145582045997,-3.9931455820459973
2023-12-22,S001,P0014,118,63.31165041973367,54.68834958026633
2023-12-22,S001,P0011,264,141.60830222197887,122.39169777802113
2023-12-22,S001,P0004,153,172.93768580981862,-19.937685809818618
2023-12-22,S004,P0002,116,104.60056187755686,11.399438122443144
2023-12-22,S005,P0001,76,47.15695589991088,28.843044100089116
2023-12-22,S001,P0013,158,102.47451324564116,55.52548675435884
2023-12-22,S002,P0007,351,185.5672386827913,165.4327613172087
2023-12-22,S003,P0017,209,112.61688444058012,96.38311555941988
2023-12-22,S002,P0014,138,78.05414588460707,59.94585411539293
2023-12-22,S005,P0004,46,37.144896544719415,8.855103455280585
2023-12-22,S001,P0008,169,88.35990550994978,80.64009449005022
2023-12-22,S005,P0005,260,149.55282340540606,110.44717659459394
2023-12-22,S003,P0020,65,100.73341707052913,-35.73341707052913
2023-12-22,S004,P0018,129,130.266039238732,-1.2660392387319916
2023-12-22,S001,P0001,119,166.05719345624289,-47.057193456242885
2023-12-22,S002,P0020,161,216.61550600550908,-55.615506005509076
2023-12-22,S005,P0012,72,81.53005708502889,-9.530057085028886
2023-12-22,S002,P0012,71,62.5454507187917,8.454549281208301
2023-12-22,S003,P0005,47,52.25051237926084,-5.25051237926084
2023-12-22,S002,P0003,58,59.27249334687758,-1.2724933468775816
2023-12-22,S001,P0012,6,43.46145576873079,-37.46145576873079
2023-12-22,S005,P0019,146,244.55011315355836,-98.55011315355836
2023-12-22,S003,P0019,114,62.417960549302904,51.582039450697096
2023-12-23,S005,P0010,113,184.97139097413816,-71.97139097413816
2023-12-23,S004,P0011,44,225.5154985413455,-181.5154985413455
2023-12-23,S004,P0001,64,31.79669920833203,32.20330079166797
2023-12-23,S003,P0005,62,35.11750461492585,26.88249538507415
2023-12-23,S001,P0013,380,193.73359264014118,186.26640735985882
2023-12-23,S001,P0019,91,89.22830127396924,1.7716987260307633
2023-12-23,S005,P0014,324,210.67285902469536,113.32714097530464
2023-12-23,S003,P0004,287,172.06268738399615,114.93731261600385
2023-12-23,S004,P0013,6,184.13417911005854,-178.13417911005854
2023-12-23,S002,P0013,21,52.44241382779376,-31.442413827793757
2023-12-23,S005,P0004,166,129.38487265655067,36.61512734344933
2023-12-23,S003,P0001,60,83.51657697868717,-23.51657697868717
2023-12-23,S001,P0009,279,242.17650545031216,36.82349454968784
2023-12-23,S001,P0001,188,223.5167059482668,-35.516705948266804
2023-12-23,S003,P0015,122,65.0689092585024,56.9310907414976
2023-12-23,S004,P0010,310,164.8149386053418,145.1850613946582
2023-12-23,S003,P0011,7,53.43472487815018,-46.43472487815018
2023-12-23,S002,P0001,4,24.450961772663277,-20.450961772663277
2023-12-23,S001,P0007,187,242.69379120411486,-55.69379120411486
2023-12-23,S005,P0009,13,117.14050139408641,-104.14050139408641
2023-12-23,S005,P0008,60,28.26627711363483,31.73372288636517
2023-12-23,S005,P0017,224,211.65108052703124,12.34891947296876
2023-12-23,S003,P0012,32,100.1859987524673,-68.1859987524673
2023-12-23,S003,P0019,238,126.7955467074151,111.2044532925849
2023-12-23,S003,P0003,39,107.23812775230721,-68.23812775230721
2023-12-23,S003,P0020,221,113.08131312070526,107.91868687929474
2023-12-23,S004,P0009,57,96.07237919871022,-39.07237919871022
2023-12-23,S005,P0003,321,225.59767839247434,95.40232160752566
2023-12-23,S002,P0009,354,213.0564627054194,140.9435372945806
2023-12-23,S004,P0012,19,224.3853398769392,-205.3853398769392
2023-12-23,S002,P0017,128,153.9997497732203,-25.999749773220287
2023-12-23,S001,P0004,71,239.97987496191394,-168.97987496191394
2023-12-23,S005,P0020,220,233.20734253088574,-13.20734253088574
2023-12-23,S003,P0006,81,98.87664669381678,-17.87664669381678
2023-12-23,S003,P0014,153,236.35441160722456,-83.35441160722456
2023-12-23,S002,P0016,130,231.051879535056,-101.051879535056
2023-12-23,S005,P0013,229,138.93878978704333,90.06121021295667
2023-12-23,S002,P0010,137,84.34728995691722,52.65271004308278
2023-12-23,S002,P0005,6,27.912090116924333,-21.912090116924333
2023-12-23,S001,P0020,135,138.99492810972595,-3.9949281097259473
2023-12-23,S001,P0012,228,173.32424728120208,54.67575271879792
2023-12-23,S005,P0002,289,243.45409931539922,45.54590068460078
2023-12-23,S001,P0002,196,210.502674615616,-14.502674615616002
2023-12-23,S004,P0008,65,34.236961942873336,30.763038057126664
2023-12-23,S003,P0013,64,92.48026617455764,-28.48026617455764
2023-12-23,S005,P0005,54,213.7138449390522,-159.7138449390522
2023-12-23,S002,P0014,130,158.67295414662385,-28.67295414662385
2023-12-23,S004,P0007,10,72.79839314242315,-62.79839314242315
2023-12-23,S001,P0018,72,204.20324450670194,-132.20324450670194
2023-12-23,S003,P0009,28,102.75809730745118,-74.75809730745118
2023-12-23,S004,P0003,191,175.15161252682526,15.84838747317474
2023-12-23,S002,P0011,49,41.92326135943608,7.076738640563917
2023-12-23,S003,P0008,92,127.66271588377322,-35.66271588377322
2023-12-23,S004,P0015,74,64.06814045572702,9.931859544272982
2023-12-23,S003,P0017,58,89.37171656777326,-31.371716567773262
2023-12-23,S002,P0006,176,106.27652609798344,69.72347390201656
2023-12-23,S004,P0019,158,102.1454710280409,55.8545289719591
2023-12-23,S002,P0002,143,221.81785926747443,-78.81785926747443
2023-12-23,S004,P0004,231,212.24165749798493,18.75834250201507
2023-12-23,S001,P0015,19,198.1593953769373,-179.1593953769373
2023-12-23,S004,P0016,9,42.03474343856516,-33.03474343856516
2023-12-23,S001,P0006,152,160.12667422318975,-8.126674223189752
2023-12-23,S002,P0007,458,241.07816602416955,216.92183397583045
2023-12-23,S002,P0012,29,245.2278569361606,-216.2278569361606
2023-12-23,S003,P0010,157,92.1603994549443,64.8396005450557
2023-12-23,S005,P0016,10,88.00267025815691,-78.00267025815691
2023-12-23,S002,P0020,68,75.63995035083241,-7.639950350832407
2023-12-23,S004,P0005,41,91.49918137822334,-50.49918137822334
2023-12-23,S003,P0016,277,143.34868674893255,133.65131325106745
2023-12-23,S001,P0016,21,102.5712189781699,-81.5712189781699
2023-12-23,S002,P0003,119,226.5395792920184,-107.5395792920184
2023-12-23,S005,P0018,95,101.13047371072486,-6.130473710724857
2023-12-23,S001,P0003,349,189.63511490412208,159.36488509587792
2023-12-23,S004,P0018,11,30.34987695919557,-19.34987695919557
2023-12-23,S003,P0002,349,221.8706002213297,127.12939977867029
2023-12-23,S005,P0015,299,205.69493880687753,93.30506119312247
2023-12-23,S001,P0010,38,132.79418115296846,-94.79418115296846
2023-12-23,S004,P0017,121,70.93013631547154,50.06986368452846
2023-12-23,S005,P0019,179,118.63406640342288,60.36593359657712
2023-12-23,S002,P0019,13,105.77758200454548,-92.77758200454548
2023-12-23,S005,P0011,394,241.75529256474613,152.24470743525387
2023-12-23,S001,P0008,97,77.41777852786231,19.58222147213769
2023-12-23,S003,P0018,44,216.53185492464365,-172.53185492464365
2023-12-23,S002,P0015,139,98.47874277144774,40.52125722855226
2023-12-23,S005,P0006,294,207.60485330803652,86.39514669196348
2023-12-23,S004,P0014,122,130.57520225099466,-8.575202250994664
2023-12-23,S002,P0008,37,219.3395742995038,-182.3395742995038
2023-12-23,S002,P0018,121,128.34605587406918,-7.3460558740691795
2023-12-23,S003,P0007,64,187.59895094983938,-123.59895094983938
2023-12-23,S001,P0005,182,151.56951496957072,30.43048503042928
2023-12-23,S001,P0011,353,208.33458452767104,144.66541547232896
2023-12-23,S004,P0002,61,244.78388358261668,-183.78388358261668
2023-12-23,S001,P0014,2,88.67045659757298,-86.67045659757298
2023-12-23,S002,P0004,178,136.92122343410955,41.07877656589045
2023-12-23,S005,P0001,173,172.6266522115123,0.3733477884877061
2023-12-23,S005,P0007,100,215.70532083947296,-115.70532083947296
2023-12-23,S004,P0006,78,60.9118355463674,17.0881644536326
2023-12-23,S001,P0017,24,86.68622147598899,-62.68622147598899
2023-12-23,S004,P0020,164,220.4542266998135,-56.45422669981349
2023-12-24,S002,P0007,221,122.44559571987554,98.55440428012446
2023-12-24,S001,P0020,62,163.399306390194,-101.399306390194
2023-12-24,S002,P0003,146,112.99118265271659,33.00881734728341
2023-12-24,S005,P0014,119,110.74832912580342,8.251670874196577
2023-12-24,S003,P0016,11,52.689035556088584,-41.689035556088584
2023-12-24,S005,P0018,176,193.3259927364296,-17.325992736429612
2023-12-24,S005,P0009,56,144.89367343155817,-88.89367343155817
2023-12-24,S005,P0019,64,171.45892132374655,-107.45892132374655
2023-12-24,S003,P0015,106,92.4785221200334,13.521477879966596
2023-12-24,S003,P0018,249,193.3218536495183,55.67814635048171
2023-12-24,S004,P0002,365,230.9899901804942,134.0100098195058
2023-12-24,S003,P0019,334,190.69800973273544,143.30199026726456
2023-12-24,S002,P0006,37,36.95742266284816,0.04257733715184031
2023-12-24,S001,P0001,342,226.19333206803105,115.80666793196895
2023-12-24,S003,P0002,217,244.54081411547958,-27.540814115479577
2023-12-24,S005,P0012,314,202.3055825152489,111.69441748475111
2023-12-24,S002,P0009,258,133.83051238349935,124.16948761650065
2023-12-24,S005,P0011,69,172.07312540500203,-103.07312540500203
2023-12-24,S004,P0005,257,207.76855366808815,49.231446331911854
2023-12-24,S003,P0014,267,220.86450147124697,46.13549852875303
2023-12-24,S002,P0005,103,95.96269351843739,7.037306481562609
2023-12-24,S004,P0003,55,204.49210540740665,-149.49210540740665
2023-12-24,S004,P0006,23,27.959237146330338,-4.959237146330338
2023-12-24,S003,P0017,18,126.93284896022664,-108.93284896022664
2023-12-24,S001,P0007,62,66.63093464921116,-4.630934649211156
2023-12-24,S001,P0008,83,111.9988431003498,-28.998843100349802
2023-12-24,S002,P0004,99,72.89216330049072,26.107836699509278
2023-12-24,S005,P0013,91,88.9565835662084,2.043416433791606
2023-12-24,S002,P0002,78,172.13063570030806,-94.13063570030806
2023-12-24,S002,P0001,224,129.22473105395733,94.77526894604267
2023-12-24,S004,P0009,201,168.7187656207268,32.2812343792732
2023-12-24,S004,P0004,173,215.9433109618878,-42.94331096188779
2023-12-24,S005,P0010,92,50.757161371139205,41.242838628860795
2023-12-24,S002,P0015,43,51.39731404289387,-8.397314042893868
2023-12-24,S002,P0018,58,60.466283350601714,-2.4662833506017137
2023-12-24,S003,P0003,59,43.95043745715401,15.04956254284599
2023-12-24,S001,P0006,21,189.26576934255166,-168.26576934255166
2023-12-24,S004,P0001,134,70.48642632504328,63.51357367495672
2023-12-24,S003,P0020,165,87.29401831399213,77.70598168600787
2023-12-24,S004,P0008,248,212.88990647324846,35.11009352675154
2023-12-24,S002,P0016,174,218.51560602207752,-44.51560602207752
2023-12-24,S002,P0008,366,198.84161548876926,167.15838451123074
2023-12-24,S004,P0010,79,141.53443534686983,-62.53443534686983
2023-12-24,S003,P0012,357,183.2590415379462,173.7409584620538
2023-12-24,S001,P0010,185,168.11026163525895,16.88973836474105
2023-12-24,S002,P0019,69,34.71836480511155,34.28163519488845
2023-12-24,S001,P0017,33,81.06884771122441,-48.06884771122441
2023-12-24,S001,P0013,58,68.19921474321205,-10.199214743212053
2023-12-24,S002,P0014,273,195.94110425610057,77.05889574389943
2023-12-24,S004,P0014,209,226.5924011341384,-17.592401134138413
2023-12-24,S001,P0005,98,189.10464225060576,-91.10464225060576
2023-12-24,S001,P0018,146,93.56894380820216,52.431056191797836
2023-12-24,S005,P0002,241,126.49938778275725,114.50061221724275
2023-12-24,S003,P0011,49,134.6652879752499,-85.6652879752499
2023-12-24,S003,P0001,183,212.70281433033523,-29.70281433033523
2023-12-24,S003,P0006,21,149.57992333609116,-128.57992333609116
2023-12-24,S003,P0004,22,23.503014556588937,-1.503014556588937
2023-12-24,S002,P0017,148,90.40678994636835,57.59321005363165
2023-12-24,S005,P0003,85,53.92221363978064,31.077786360219363
2023-12-24,S004,P0013,172,130.90428750369603,41.095712496303975
2023-12-24,S005,P0017,5,36.55357688711797,-31.55357688711797
2023-12-24,S005,P0008,292,208.75959026879076,83.24040973120924
2023-12-24,S002,P0011,196,100.05399355744237,95.94600644255763
2023-12-24,S004,P0015,88,63.08616513665987,24.913834863340128
2023-12-24,S002,P0013,193,179.5288382351158,13.471161764884187
2023-12-24,S001,P0004,110,112.6683248947221,-2.6683248947221045
2023-12-24,S004,P0019,20,98.26774704603207,-78.26774704603207
2023-12-24,S001,P0015,60,96.80061581616741,-36.80061581616741
2023-12-24,S002,P0012,207,233.38207572144017,-26.382075721440174
2023-12-24,S002,P0020,111,53.53853566257965,57.46146433742035
2023-12-24,S004,P0020,224,249.4281632419868,-25.428163241986795
2023-12-24,S003,P0007,212,243.7930731711786,-31.793073171178605
2023-12-24,S004,P0018,84,64.45686160082926,19.543138399170743
2023-12-24,S005,P0006,250,150.56765672053672,99.43234327946328
2023-12-24,S001,P0002,155,112.1442235332957,42.8557764667043
2023-12-24,S003,P0009,14,135.0454350083919,-121.0454350083919
2023-12-24,S001,P0003,107,107.67912901321887,-0.6791290132188692
2023-12-24,S001,P0016,233,233.63628490878818,-0.6362849087881841
2023-12-24,S001,P0014,149,117.14643623384177,31.85356376615823
2023-12-24,S001,P0011,124,227.85474613207379,-103.85474613207379
2023-12-24,S005,P0016,51,126.62256207032954,-75.62256207032954
2023-12-24,S003,P0010,71,49.1628679740889,21.837132025911103
2023-12-24,S005,P0001,129,163.02392722466635,-34.02392722466635
2023-12-24,S004,P0016,240,236.5611688827944,3.438831117205609
2023-12-24,S004,P0017,127,101.62349396340636,25.37650603659364
2023-12-24,S002,P0010,73,55.966026948352805,17.033973051647195
2023-12-24,S005,P0007,10,23.908252097819627,-13.908252097819627
2023-12-24,S003,P0008,6,209.54445546215703,-203.54445546215703
2023-12-24,S003,P0013,70,123.84765049408406,-53.847650494084064
2023-12-24,S001,P0019,416,239.58153854761343,176.41846145238657
2023-12-24,S001,P0009,50,83.3008992235059,-33.300899223505894
2023-12-24,S005,P0005,95,81.85754277854363,13.142457221456368
2023-12-24,S004,P0012,93,55.147239151820315,37.852760848179685
2023-12-24,S005,P0015,57,101.27388634667557,-44.27388634667557
2023-12-24,S005,P0004,44,50.820139003479426,-6.820139003479426
2023-12-24,S004,P0011,2,67.92793869343888,-65.92793869343888
2023-12-24,S001,P0012,325,166.0741278694867,158.9258721305133
2023-12-24,S005,P0020,6,214.91846475433357,-208.91846475433357
2023-12-24,S003,P0005,62,62.17329824649636,-0.1732982464963584
2023-12-25,S003,P0009,43,99.49631714732351,-56.49631714732351
2023-12-25,S005,P0004,112,74.937839150699,37.062160849300994
2023-12-25,S003,P0016,285,176.10114628072137,108.89885371927863
2023-12-25,S004,P0002,30,86.94553817750653,-56.945538177506535
2023-12-25,S005,P0009,105,106.25616756398671,-1.2561675639867076
2023-12-25,S001,P0001,86,53.85578804184081,32.14421195815919
2023-12-25,S001,P0016,352,188.98261317868327,163.01738682131673
2023-12-25,S003,P0013,39,57.42824775382479,-18.42824775382479
2023-12-25,S001,P0009,22,30.232763778669096,-8.232763778669096
2023-12-25,S005,P0016,43,137.63607504989767,-94.63607504989767
2023-12-25,S004,P0005,22,56.47978410985212,-34.47978410985212
2023-12-25,S001,P0006,83,70.76985487561888,12.230145124381124
2023-12-25,S003,P0010,80,69.77393845257188,10.226061547428117
2023-12-25,S004,P0016,173,216.51133977674834,-43.51133977674834
2023-12-25,S002,P0018,69,131.82620294812762,-62.826202948127616
2023-12-25,S001,P0020,182,158.1176786284757,23.882321371524313
2023-12-25,S001,P0003,219,189.15540419599512,29.844595804004882
2023-12-25,S001,P0005,43,41.22130458510958,1.7786954148904215
2023-12-25,S005,P0001,49,26.228474409235446,22.771525590764554
2023-12-25,S002,P0002,5,204.17038404726821,-199.17038404726821
2023-12-25,S001,P0011,78,79.49991451318124,-1.4999145131812384
2023-12-25,S004,P0017,328,214.34141657111485,113.65858342888515
2023-12-25,S003,P0018,55,51.961644505110485,3.0383554948895153
2023-12-25,S002,P0009,101,88.40305404610763,12.596945953892373
2023-12-25,S004,P0019,57,54.76950429155096,2.230495708449041
2023-12-25,S004,P0010,18,32.01256028198361,-14.01256028198361
2023-12-25,S003,P0008,117,75.78563177126739,41.21436822873261
2023-12-25,S004,P0003,254,170.2504649921521,83.7495350078479
2023-12-25,S002,P0019,80,80.56213612865224,-0.5621361286522415
2023-12-25,S005,P0006,226,159.39291492751966,66.60708507248034
2023-12-25,S005,P0011,158,140.2655073659207,17.734492634079288
2023-12-25,S002,P0012,158,228.30936471022795,-70.30936471022795
2023-12-25,S004,P0004,54,35.814368132684876,18.185631867315124
2023-12-25,S003,P0017,251,178.75052376149688,72.24947623850312
2023-12-25,S001,P0015,210,182.40223276971102,27.59776723028898
2023-12-25,S005,P0015,186,132.21920785511003,53.78079214488997
2023-12-25,S002,P0007,122,122.1964429015191,-0.19644290151910582
2023-12-25,S003,P0019,44,61.474600757641724,-17.474600757641724
2023-12-25,S003,P0002,218,146.94909083645035,71.05090916354965
2023-12-25,S004,P0020,146,161.030190953687,-15.030190953686997
2023-12-25,S003,P0007,195,98.77099560687509,96.22900439312491
2023-12-25,S002,P0004,194,189.78892067212064,4.211079327879361
2023-12-25,S002,P0003,94,138.65593612492142,-44.655936124921425
2023-12-25,S005,P0013,59,57.3715303259155,1.6284696740844993
2023-12-25,S004,P0018,64,69.99692169648557,-5.996921696485572
2023-12-25,S004,P0011,156,186.51237795556568,-30.512377955565682
2023-12-25,S001,P0010,320,179.94034910683894,140.05965089316106
2023-12-25,S002,P0015,32,27.814975617099208,4.185024382900792
2023-12-25,S001,P0004,94,58.47332919072227,35.52667080927773
2023-12-25,S001,P0014,210,179.41002981973259,30.589970180267414
2023-12-25,S005,P0019,213,111.26156511081246,101.73843488918754
2023-12-25,S002,P0020,148,78.43959936775917,69.56040063224083
2023-12-25,S003,P0004,208,110.87999314446051,97.12000685553949
2023-12-25,S002,P0006,38,116.440809310043,-78.440809310043
2023-12-25,S003,P0006,210,174.94686783580613,35.05313216419387
2023-12-25,S004,P0007,24,126.5520706030241,-102.5520706030241
2023-12-25,S001,P0002,47,63.719330363731444,-16.719330363731444
2023-12-25,S005,P0002,329,176.62527597980602,152.37472402019398
2023-12-25,S005,P0008,2,96.24946462848851,-94.24946462848851
2023-12-25,S003,P0020,110,102.88047832376282,7.119521676237184
2023-12-25,S003,P0015,302,240.20588562097709,61.794114379022915
2023-12-25,S001,P0012,138,238.04627565270022,-100.04627565270022
2023-12-25,S003,P0011,31,80.82642402983288,-49.82642402983288
2023-12-25,S004,P0012,205,217.2379054221912,-12.237905422191204
2023-12-25,S001,P0019,154,178.97495210601153,-24.97495210601153
2023-12-25,S002,P0013,103,157.91238293361016,-54.91238293361016
2023-12-25,S003,P0001,30,70.53211701592357,-40.532117015923575
2023-12-25,S002,P0005,39,135.37980215631114,-96.37980215631114
2023-12-25,S005,P0014,23,240.06100541060135,-217.06100541060135
2023-12-25,S004,P0009,157,230.4502625441021,-73.45026254410209
2023-12-25,S002,P0001,270,148.8059714663139,121.1940285336861
2023-12-25,S004,P0013,96,69.10459736338441,26.895402636615586
2023-12-25,S005,P0003,308,186.33896995979018,121.66103004020982
2023-12-25,S005,P0020,31,160.79079880241557,-129.79079880241557
2023-12-25,S002,P0010,300,168.93707999217338,131.06292000782662
2023-12-25,S005,P0010,104,172.56572821226501,-68.56572821226501
2023-12-25,S003,P0012,36,56.17557567207126,-20.17557567207126
2023-12-25,S001,P0018,29,84.63793276307064,-55.63793276307064
2023-12-25,S002,P0016,190,189.15539883605936,0.8446011639406379
2023-12-25,S002,P0011,99,232.7867286898121,-133.7867286898121
2023-12-25,S001,P0008,180,96.24909628063472,83.75090371936528
2023-12-25,S004,P0001,57,37.47028977382439,19.52971022617561
2023-12-25,S003,P0014,241,159.91934120963344,81.08065879036656
2023-12-25,S002,P0017,18,125.32257830010843,-107.32257830010843
2023-12-25,S004,P0015,66,198.74128818097358,-132.74128818097358
2023-12-25,S003,P0005,178,203.13479516367119,-25.134795163671185
2023-12-25,S005,P0017,119,91.39584573620914,27.60415426379086
2023-12-25,S005,P0012,29,50.413047806409395,-21.413047806409395
2023-12-25,S001,P0017,347,220.41304920067802,126.58695079932198
2023-12-25,S003,P0003,88,52.724908829889046,35.275091170110954
2023-12-25,S004,P0014,29,32.131785555902866,-3.131785555902866
2023-12-25,S001,P0013,118,237.80868104262663,-119.80868104262663
2023-12-25,S005,P0007,77,71.10751045288339,5.892489547116611
2023-12-25,S002,P0008,172,100.51249283278173,71.48750716721827
2023-12-25,S004,P0008,110,192.32535077552137,-82.32535077552137
2023-12-25,S001,P0007,134,192.77948672316262,-58.77948672316262
2023-12-25,S002,P0014,108,67.55100672382486,40.448993276175145
2023-12-25,S004,P0006,56,36.15900847890248,19.84099152109752
2023-12-25,S005,P0005,296,235.27595610467927,60.72404389532073
2023-12-26,S002,P0014,195,177.54052100992277,17.45947899007723
2023-12-26,S005,P0011,172,92.93248957518733,79.06751042481267
2023-12-26,S005,P0003,268,233.3730692437897,34.6269307562103
2023-12-26,S003,P0017,165,188.5143212694304,-23.51432126943041
2023-12-26,S003,P0019,237,148.42318272336036,88.57681727663964
2023-12-26,S003,P0007,375,212.21429251540576,162.78570748459424
2023-12-26,S005,P0006,482,248.81721717052068,233.18278282947932
2023-12-26,S003,P0020,260,242.1104108896173,17.8895891103827
2023-12-26,S005,P0017,76,206.1922620236512,-130.1922620236512
2023-12-26,S004,P0001,359,237.54775431875032,121.45224568124968
2023-12-26,S005,P0005,118,66.61692660008072,51.38307339991928
2023-12-26,S005,P0001,14,223.54438015551517,-209.54438015551517
2023-12-26,S001,P0013,12,198.12078228750028,-186.12078228750028
2023-12-26,S005,P0012,71,49.05974986123999,21.940250138760007
2023-12-26,S002,P0006,32,137.27757449411263,-105.27757449411263
2023-12-26,S004,P0003,34,66.41139566848324,-32.41139566848324
2023-12-26,S001,P0011,153,217.62186912443093,-64.62186912443093
2023-12-26,S002,P0013,329,186.8128002587378,142.1871997412622
2023-12-26,S001,P0007,256,160.6869330510679,95.31306694893209
2023-12-26,S005,P0004,31,47.65660422777421,-16.65660422777421
2023-12-26,S003,P0006,25,135.38718937781,-110.38718937780999
2023-12-26,S004,P0002,345,210.48502846906814,134.51497153093186
2023-12-26,S001,P0001,46,186.2019147338283,-140.2019147338283
2023-12-26,S003,P0018,27,25.4835510167037,1.5164489832963
2023-12-26,S005,P0002,179,114.26772944841031,64.73227055158969
2023-12-26,S001,P0014,182,99.113861379443,82.886138620557
2023-12-26,S001,P0004,123,130.4688020867149,-7.468802086714902
2023-12-26,S001,P0012,296,188.6489595284761,107.3510404715239
2023-12-26,S002,P0005,118,104.14194081571674,13.858059184283263
2023-12-26,S005,P0013,114,139.84397146988817,-25.843971469888174
2023-12-26,S002,P0004,8,64.27396806561939,-56.273968065619385
2023-12-26,S003,P0005,257,240.12585022276687,16.87414977723313
2023-12-26,S004,P0020,176,132.98123662767932,43.01876337232068
2023-12-26,S002,P0017,197,136.88601604311077,60.11398395688923
2023-12-26,S004,P0010,126,166.85902619169536,-40.859026191695364
2023-12-26,S004,P0006,164,227.4922693169695,-63.4922693169695
2023-12-26,S002,P0001,234,124.72981810649242,109.27018189350758
2023-12-26,S003,P0011,254,153.3700431239692,100.6299568760308
2023-12-26,S005,P0010,19,106.03454516552813,-87.03454516552813
2023-12-26,S001,P0018,59,124.39987176287286,-65.39987176287286
2023-12-26,S003,P0015,46,247.26597097753347,-201.26597097753347
2023-12-26,S004,P0007,89,181.02399450962156,-92.02399450962156
2023-12-26,S004,P0014,63,36.83134604087536,26.16865395912464
2023-12-26,S001,P0002,176,242.28757595994813,-66.28757595994813
2023-12-26,S005,P0007,254,238.66658549022839,15.333414509771615
2023-12-26,S002,P0008,399,200.3726161491499,198.6273838508501
2023-12-26,S004,P0019,338,200.9616831609714,137.0383168390286
2023-12-26,S001,P0017,95,54.2207034248712,40.7792965751288
2023-12-26,S004,P0015,83,156.24520511368144,-73.24520511368144
2023-12-26,S001,P0008,192,108.77531871140627,83.22468128859373
2023-12-26,S002,P0011,183,101.09426913944486,81.90573086055514
2023-12-26,S003,P0004,209,142.4298446137363,66.5701553862637
2023-12-26,S002,P0018,386,238.26222607992855,147.73777392007145
2023-12-26,S003,P0001,64,179.29023585844527,-115.29023585844527
2023-12-26,S002,P0010,21,39.15815945538736,-18.158159455387363
2023-12-26,S004,P0013,249,139.2300777976938,109.76992220230619
2023-12-26,S005,P0015,29,195.1609247095846,-166.1609247095846
2023-12-26,S004,P0011,132,166.25575564554242,-34.25575564554242
2023-12-26,S003,P0013,74,128.82169832982345,-54.82169832982345
2023-12-26,S005,P0009,25,185.74648680935456,-160.74648680935456
2023-12-26,S001,P0009,96,172.90307443866925,-76.90307443866925
2023-12-26,S001,P0020,262,144.42092614345927,117.57907385654073
2023-12-26,S003,P0012,108,125.45226702338334,-17.452267023383342
2023-12-26,S002,P0016,60,48.21255257102479,11.787447428975213
2023-12-26,S001,P0019,129,205.6618963230423,-76.6618963230423
2023-12-26,S004,P0009,177,107.02443596382477,69.97556403617523
2023-12-26,S005,P0020,153,143.03778390515276,9.962216094847236
2023-12-26,S004,P0012,70,39.5318884034088,30.4681115965912
2023-12-26,S001,P0005,458,236.09160384968862,221.90839615031138
2023-12-26,S005,P0008,43,28.033473865115468,14.966526134884532
2023-12-26,S003,P0014,291,201.9775916324001,89.0224083675999
2023-12-26,S004,P0008,309,208.2306158672331,100.7693841327669
2023-12-26,S005,P0014,16,88.06130863570479,-72.06130863570479
2023-12-26,S002,P0002,275,199.45805176051317,75.54194823948683
2023-12-26,S001,P0003,362,209.80589719609998,152.19410280390002
2023-12-26,S003,P0003,308,184.29028848919717,123.70971151080283
2023-12-26,S002,P0019,289,186.194114609044,102.805885390956
2023-12-26,S004,P0018,28,37.15149628718524,-9.151496287185239
2023-12-26,S001,P0010,133,97.8217689412482,35.178231058751805
2023-12-26,S002,P0012,256,202.34243173965802,53.657568260341975
2023-12-26,S001,P0006,85,45.0576904289768,39.9423095710232
2023-12-26,S002,P0015,73,152.25455415809574,-79.25455415809574
2023-12-26,S004,P0016,150,181.52860141183487,-31.52860141183487
2023-12-26,S003,P0016,96,104.70248665453187,-8.702486654531867
2023-12-26,S003,P0002,286,170.62614855362773,115.37385144637227
2023-12-26,S005,P0019,39,63.92695252253992,-24.92695252253992
2023-12-26,S002,P0003,22,127.35213390375009,-105.35213390375009
2023-12-26,S002,P0009,453,240.23611905438764,212.76388094561236
2023-12-26,S002,P0020,37,33.95040007961279,3.049599920387209
2023-12-26,S004,P0004,0,48.753900163568176,-48.753900163568176
2023-12-26,S001,P0015,73,107.07689693984508,-34.076896939845085
2023-12-26,S004,P0017,195,140.51478155137238,54.48521844862762
2023-12-26,S005,P0018,12,80.0506470482108,-68.0506470482108
2023-12-26,S001,P0016,91,59.51594349339797,31.48405650660203
2023-12-26,S003,P0009,147,97.10826603684308,49.89173396315692
2023-12-26,S003,P0008,205,152.03412884423415,52.96587115576585
2023-12-26,S004,P0005,32,232.98330951054328,-200.98330951054328
2023-12-26,S003,P0010,18,114.31133193179295,-96.31133193179295
2023-12-26,S002,P0007,308,187.3138357465441,120.6861642534559
2023-12-26,S005,P0016,18,90.38292753399543,-72.38292753399543
2023-12-27,S003,P0003,40,65.0834557476685,-25.083455747668495
2023-12-27,S003,P0017,53,167.32646411943563,-114.32646411943563
2023-12-27,S003,P0005,89,153.75725592250518,-64.75725592250518
2023-12-27,S003,P0010,86,46.96644068426724,39.03355931573276
2023-12-27,S002,P0012,61,33.052949133109735,27.947050866890265
2023-12-27,S005,P0015,39,241.25927289761353,-202.25927289761353
2023-12-27,S003,P0008,55,94.22947291380217,-39.22947291380217
2023-12-27,S003,P0007,172,218.09684669439844,-46.09684669439844
2023-12-27,S003,P0013,329,210.32364349504473,118.67635650495527
2023-12-27,S002,P0014,29,33.51971880413464,-4.519718804134641
2023-12-27,S002,P0009,182,132.8781598132511,49.1218401867489
2023-12-27,S003,P0019,18,92.6119486093491,-74.6119486093491
2023-12-27,S003,P0012,65,90.59008107889514,-25.59008107889514
2023-12-27,S005,P0017,104,138.90972210801203,-34.90972210801203
2023-12-27,S005,P0020,138,72.94547538785667,65.05452461214333
2023-12-27,S005,P0013,306,186.51633874930212,119.48366125069788
2023-12-27,S002,P0006,208,111.13172647621627,96.86827352378373
2023-12-27,S003,P0004,12,40.44539965669384,-28.445399656693837
2023-12-27,S002,P0011,8,97.31223511451168,-89.31223511451168
2023-12-27,S003,P0009,114,214.62965055603138,-100.62965055603138
2023-12-27,S002,P0013,51,102.48128667329337,-51.48128667329337
2023-12-27,S003,P0018,67,62.75570139762118,4.244298602378819
2023-12-27,S002,P0008,72,148.90735537812185,-76.90735537812185
2023-12-27,S003,P0006,171,109.15559873852777,61.84440126147223
2023-12-27,S001,P0005,35,62.61034569553857,-27.61034569553857
2023-12-27,S003,P0015,106,75.73598539601232,30.264014603987675
2023-12-27,S001,P0004,360,208.93411054362406,151.06588945637594
2023-12-27,S003,P0011,3,95.7287674734402,-92.7287674734402
2023-12-27,S002,P0010,31,78.00948106395981,-47.00948106395981
2023-12-27,S005,P0016,201,219.91406793692863,-18.91406793692863
2023-12-27,S005,P0014,50,245.67229376723412,-195.67229376723412
2023-12-27,S002,P0015,163,168.5188775647473,-5.518877564747299
2023-12-27,S003,P0014,62,53.43367785142618,8.566322148573818
2023-12-27,S002,P0007,35,127.93593735536422,-92.93593735536422
2023-12-27,S003,P0016,305,196.65521313458174,108.34478686541826
2023-12-27,S001,P0006,109,178.96247025957643,-69.96247025957643
2023-12-27,S005,P0019,352,190.73918493570028,161.26081506429972
2023-12-27,S001,P0003,203,112.35781132305868,90.64218867694132
2023-12-27,S004,P0019,33,190.69087921429133,-157.69087921429133
2023-12-27,S003,P0001,31,201.7128827109551,-170.7128827109551
2023-12-27,S002,P0018,48,93.35767043407259,-45.35767043407259
2023-12-27,S001,P0009,212,207.5932423981821,4.406757601817901
2023-12-27,S002,P0004,155,239.60155902708078,-84.60155902708078
2023-12-27,S001,P0010,13,34.22734333259342,-21.22734333259342
2023-12-27,S004,P0006,246,149.25307735102228,96.74692264897772
2023-12-27,S001,P0019,180,121.35024477676217,58.64975522323783
2023-12-27,S004,P0018,19,127.80764845099202,-108.80764845099202
2023-12-27,S001,P0008,168,223.40833218241983,-55.40833218241983
2023-12-27,S004,P0017,67,116.2574939253953,-49.257493925395295
2023-12-27,S001,P0016,117,178.45625823247434,-61.45625823247434
2023-12-27,S005,P0011,13,41.79813088200507,-28.79813088200507
2023-12-27,S004,P0003,12,27.38959873468235,-15.389598734682352
2023-12-27,S002,P0002,108,123.66436207299336,-15.664362072993356
2023-12-27,S002,P0020,412,231.2001839981245,180.7998160018755
2023-12-27,S005,P0008,242,241.9744516168568,0.025548383143188858
2023-12-27,S001,P0018,85,62.81771571273492,22.182284287265077
2023-12-27,S002,P0003,45,54.75188996532796,-9.751889965327962
2023-12-27,S005,P0007,154,187.37120410166358,-33.37120410166358
2023-12-27,S004,P0014,154,123.734474563834,30.265525436166
2023-12-27,S005,P0018,361,212.75578001069374,148.24421998930626
2023-12-27,S003,P0002,269,240.26044623282695,28.73955376717305
2023-12-27,S004,P0002,250,155.5221172593665,94.4778827406335
2023-12-27,S001,P0017,243,203.26773864868062,39.73226135131938
2023-12-27,S004,P0013,115,89.4286205572975,25.571379442702494
2023-12-27,S004,P0005,240,145.46970018433194,94.53029981566806
2023-12-27,S004,P0004,86,52.15965962070078,33.84034037929922
2023-12-27,S004,P0012,212,122.7678242951273,89.2321757048727
2023-12-27,S002,P0001,212,155.12505543779696,56.87494456220304
2023-12-27,S004,P0016,137,71.39724998668112,65.60275001331888
2023-12-27,S004,P0015,192,152.32267638367927,39.677323616320734
2023-12-27,S004,P0011,44,39.2452051974106,4.754794802589402
2023-12-27,S002,P0019,57,154.11791650901398,-97.11791650901398
2023-12-27,S001,P0002,48,38.27347420526519,9.726525794734812
2023-12-27,S005,P0003,244,239.74272435565916,4.257275644340837
2023-12-27,S005,P0005,12,35.71009271570955,-23.71009271570955
2023-12-27,S005,P0009,251,182.94490413226572,68.05509586773428
2023-12-27,S004,P0009,96,66.0074963182451,29.992503681754897
2023-12-27,S003,P0020,22,50.97179432426594,-28.971794324265943
2023-12-27,S005,P0002,30,68.74763142130973,-38.747631421309734
2023-12-27,S005,P0012,45,70.72214615282104,-25.72214615282104
2023-12-27,S001,P0001,196,128.66814578395605,67.33185421604395
2023-12-27,S002,P0005,75,67.75566287509321,7.244337124906792
2023-12-27,S001,P0007,56,46.48837778604985,9.511622213950147
2023-12-27,S004,P0001,40,72.75649299483183,-32.75649299483183
2023-12-27,S004,P0007,116,96.27491763398234,19.72508236601766
2023-12-27,S001,P0013,206,241.09058306810658,-35.09058306810658
2023-12-27,S002,P0016,131,230.4658657141876,-99.4658657141876
2023-12-27,S005,P0010,84,52.260912487996904,31.739087512003096
2023-12-27,S001,P0011,33,148.65315266710394,-115.65315266710394
2023-12-27,S001,P0020,11,41.89033100094724,-30.890331000947242
2023-12-27,S005,P0001,313,154.23209427572374,158.76790572427626
2023-12-27,S004,P0008,441,245.4910810399125,195.5089189600875
2023-12-27,S001,P0014,303,232.52491632113515,70.47508367886485
2023-12-27,S004,P0010,61,132.08257254951968,-71.08257254951968
2023-12-27,S001,P0012,369,214.202235808576,154.797764191424
2023-12-27,S004,P0020,48,112.71071650743181,-64.71071650743181
2023-12-27,S005,P0006,177,219.04660249128693,-42.04660249128693
2023-12-27,S005,P0004,151,227.5695743232862,-76.56957432328619
2023-12-27,S002,P0017,44,54.68506815312787,-10.685068153127872
2023-12-28,S004,P0013,25,52.17131057650545,-27.171310576505448
2023-12-28,S005,P0009,115,110.43115473356863,4.568845266431367
2023-12-28,S004,P0008,105,106.3648808182337,-1.3648808182337007
2023-12-28,S002,P0010,394,228.34621834301964,165.65378165698036
2023-12-28,S005,P0014,229,128.42268039153691,100.57731960846309
2023-12-28,S003,P0013,23,29.88487162293518,-6.884871622935179
2023-12-28,S004,P0012,73,246.9772824168486,-173.9772824168486
2023-12-28,S001,P0005,97,142.46439002543315,-45.46439002543315
2023-12-28,S002,P0016,38,47.70974683797698,-9.70974683797698
2023-12-28,S004,P0009,147,88.07091896117117,58.929081038828826
2023-12-28,S001,P0009,96,72.79665782748941,23.203342172510588
2023-12-28,S001,P0020,215,223.18890492372452,-8.188904923724522
2023-12-28,S001,P0019,150,145.18295873779243,4.817041262207567
2023-12-28,S003,P0012,251,232.76566765130502,18.234332348694977
2023-12-28,S005,P0015,337,186.3919332164267,150.6080667835733
2023-12-28,S004,P0010,121,72.53235221216454,48.46764778783546
2023-12-28,S004,P0011,266,139.443130680423,126.556869319577
2023-12-28,S002,P0009,24,244.2357019634258,-220.2357019634258
2023-12-28,S003,P0001,287,232.2414129828722,54.75858701712781
2023-12-28,S005,P0008,222,116.78520393016254,105.21479606983746
2023-12-28,S003,P0003,223,159.4954400930083,63.50455990699169
2023-12-28,S003,P0011,187,103.80180866780415,83.19819133219585
2023-12-28,S004,P0019,160,80.55213059680085,79.44786940319915
2023-12-28,S001,P0004,265,138.3285735559661,126.6714264440339
2023-12-28,S003,P0007,244,229.50399653720206,14.496003462797944
2023-12-28,S005,P0006,21,28.862766213143857,-7.862766213143857
2023-12-28,S004,P0020,141,137.5186543396557,3.4813456603442887
2023-12-28,S001,P0014,86,120.24567705575777,-34.24567705575777
2023-12-28,S005,P0001,113,84.37496702250871,28.625032977491287
2023-12-28,S001,P0011,231,114.05195927781398,116.94804072218602
2023-12-28,S002,P0019,355,202.91157381744455,152.08842618255545
2023-12-28,S001,P0013,162,225.7830807653762,-63.78308076537621
2023-12-28,S003,P0006,301,238.23097112679773,62.769028873202274
2023-12-28,S005,P0002,282,173.49224568967037,108.50775431032963
2023-12-28,S005,P0005,74,45.900952373686266,28.099047626313734
2023-12-28,S005,P0003,190,141.42998248639896,48.570017513601044
2023-12-28,S002,P0017,381,247.38417724377865,133.61582275622135
2023-12-28,S005,P0017,109,181.44757447186367,-72.44757447186367
2023-12-28,S003,P0005,69,40.21431404019603,28.78568595980397
2023-12-28,S001,P0012,159,129.41042045204773,29.58957954795227
2023-12-28,S002,P0013,137,73.89585841802608,63.10414158197392
2023-12-28,S003,P0008,98,71.44826675713409,26.551733242865907
2023-12-28,S002,P0014,246,182.92594739548326,63.07405260451674
2023-12-28,S002,P0012,35,39.96178623010445,-4.961786230104451
2023-12-28,S001,P0018,179,237.04126091003315,-58.041260910033145
2023-12-28,S005,P0007,142,127.0325752227256,14.967424777274402
2023-12-28,S004,P0014,144,84.12817287830165,59.871827121698345
2023-12-28,S001,P0017,170,210.01617593148382,-40.016175931483815
2023-12-28,S004,P0015,22,178.3940621649714,-156.3940621649714
2023-12-28,S002,P0011,44,122.54499552030899,-78.54499552030899
2023-12-28,S001,P0003,212,115.12804539627348,96.87195460372652
2023-12-28,S003,P0004,332,175.749347397909,156.250652602091
2023-12-28,S003,P0010,141,117.34141288485728,23.658587115142723
2023-12-28,S004,P0016,32,143.8582248527689,-111.8582248527689
2023-12-28,S002,P0020,294,149.88035216157152,144.11964783842848
2023-12-28,S003,P0009,304,177.3491728155343,126.6508271844657
2023-12-28,S001,P0016,265,205.8004929642164,59.1995070357836
2023-12-28,S004,P0017,174,222.54108729745815,-48.54108729745815
2023-12-28,S004,P0018,58,139.7812837948639,-81.7812837948639
2023-12-28,S005,P0016,13,248.61549469397448,-235.61549469397448
2023-12-28,S005,P0020,56,100.5611116987007,-44.5611116987007
2023-12-28,S001,P0015,33,177.52564991879547,-144.52564991879547
2023-12-28,S001,P0010,114,117.19677025208989,-3.196770252089891
2023-12-28,S001,P0002,22,77.23535152615977,-55.235351526159775
2023-12-28,S003,P0014,262,211.64172358340477,50.35827641659523
2023-12-28,S005,P0004,237,137.64379297064943,99.35620702935057
2023-12-28,S003,P0019,275,244.89772928770765,30.102270712292352
2023-12-28,S002,P0003,88,186.56644706648456,-98.56644706648456
2023-12-28,S002,P0015,169,235.2986136859596,-66.2986136859596
2023-12-28,S002,P0007,346,229.1100480147682,116.88995198523179
2023-12-28,S003,P0018,14,34.6696409219507,-20.669640921950702
2023-12-28,S001,P0007,144,105.4616800612265,38.5383199387735
2023-12-28,S003,P0020,142,86.80378454632228,55.19621545367772
2023-12-28,S003,P0015,114,85.93766072121355,28.062339278786453
2023-12-28,S002,P0002,381,241.89351208296802,139.10648791703198
2023-12-28,S005,P0019,230,181.5710983245183,48.42890167548171
2023-12-28,S001,P0006,12,38.72946454988903,-26.72946454988903
2023-12-28,S002,P0004,29,117.05612704115009,-88.05612704115009
2023-12-28,S002,P0018,157,100.50489342778019,56.49510657221981
2023-12-28,S002,P0006,179,123.55911042387305,55.44088957612695
2023-12-28,S002,P0008,95,195.83449314783087,-100.83449314783087
2023-12-28,S001,P0001,67,51.70073533518229,15.299264664817713
2023-12-28,S001,P0008,287,143.28364933932124,143.71635066067876
2023-12-28,S004,P0004,139,166.25134563179677,-27.251345631796767
2023-12-28,S004,P0007,337,228.08464757393233,108.91535242606767
2023-12-28,S004,P0003,273,150.954108317696,122.04589168230399
2023-12-28,S003,P0016,67,47.151361305325736,19.848638694674264
2023-12-28,S005,P0012,66,85.81168273083455,-19.811682730834548
2023-12-28,S002,P0001,343,244.5022137182533,98.4977862817467
2023-12-28,S003,P0002,171,187.83684129003308,-16.836841290033078
2023-12-28,S003,P0017,244,227.44996459789257,16.550035402107426
2023-12-28,S002,P0005,91,126.01335778291156,-35.013357782911555
2023-12-28,S005,P0013,222,130.02724071049028,91.97275928950972
2023-12-28,S004,P0002,93,160.09900766901166,-67.09900766901166
2023-12-28,S005,P0010,54,82.04066343149213,-28.040663431492135
2023-12-28,S005,P0011,52,175.8236830391042,-123.8236830391042
2023-12-28,S004,P0006,356,188.40379239799364,167.59620760200636
2023-12-28,S004,P0001,118,68.61177058070479,49.388229419295214
2023-12-28,S004,P0005,176,118.76246892890742,57.237531071092576
2023-12-29,S004,P0014,232,125.46112859698349,106.53887140301651
2023-12-29,S003,P0011,165,105.12923882362219,59.87076117637781
2023-12-29,S005,P0019,80,106.52659706402534,-26.52659706402534
2023-12-29,S005,P0020,268,222.38041190513013,45.61958809486987
2023-12-29,S005,P0007,36,33.17298340457256,2.8270165954274376
2023-12-29,S004,P0001,33,78.71831981210295,-45.71831981210295
2023-12-29,S001,P0011,218,240.9996736761468,-22.999673676146813
2023-12-29,S001,P0018,150,167.27424079651956,-17.274240796519564
2023-12-29,S001,P0004,73,53.810327889809514,19.189672110190486
2023-12-29,S001,P0002,81,61.925359528401145,19.074640471598855
2023-12-29,S002,P0013,217,135.60613751229192,81.39386248770808
2023-12-29,S003,P0008,186,153.88808034338774,32.11191965661226
2023-12-29,S003,P0016,4,66.06071113732713,-62.06071113732713
2023-12-29,S002,P0007,255,162.80551132582815,92.19448867417185
2023-12-29,S001,P0013,129,70.94996914210373,58.050030857896274
2023-12-29,S004,P0015,56,98.884943479122,-42.884943479122
2023-12-29,S001,P0007,59,204.78119852836727,-145.78119852836727
2023-12-29,S001,P0016,73,57.201999116261334,15.798000883738666
2023-12-29,S004,P0003,218,139.2735452814569,78.7264547185431
2023-12-29,S003,P0009,194,150.35654107533685,43.64345892466315
2023-12-29,S003,P0007,100,58.820330363349,41.179669636651
2023-12-29,S004,P0017,100,75.43658532518998,24.56341467481002
2023-12-29,S005,P0006,25,138.78709619050608,-113.78709619050608
2023-12-29,S003,P0017,138,201.33267255255726,-63.332672552557256
2023-12-29,S005,P0013,287,245.17725092258758,41.822749077412425
2023-12-29,S002,P0020,92,229.94205820591736,-137.94205820591736
2023-12-29,S004,P0020,141,215.52448434573012,-74.52448434573012
2023-12-29,S004,P0016,156,104.19694319067037,51.80305680932963
2023-12-29,S002,P0015,60,72.40037668307724,-12.40037668307724
2023-12-29,S001,P0014,84,77.31749928708552,6.682500712914475
2023-12-29,S001,P0006,46,190.183605932109,-144.183605932109
2023-12-29,S003,P0010,210,190.59154225453892,19.408457745461078
2023-12-29,S002,P0006,122,186.18403912200608,-64.18403912200608
2023-12-29,S003,P0004,154,126.0503654223765,27.9496345776235
2023-12-29,S003,P0002,314,220.75916450803652,93.24083549196348
2023-12-29,S003,P0018,265,200.4767544696793,64.52324553032071
2023-12-29,S005,P0001,123,165.77568204012806,-42.77568204012806
2023-12-29,S002,P0011,13,154.89286539359927,-141.89286539359927
2023-12-29,S004,P0004,237,190.12264120916308,46.87735879083692
2023-12-29,S004,P0018,52,34.655763207624034,17.344236792375966
2023-12-29,S001,P0003,107,190.43373921262588,-83.43373921262588
2023-12-29,S005,P0016,273,241.53446368815622,31.465536311843778
2023-12-29,S002,P0019,206,235.63565471284875,-29.635654712848748
2023-12-29,S003,P0006,132,89.64841701353731,42.35158298646269
2023-12-29,S002,P0010,147,79.02000939313393,67.97999060686607
2023-12-29,S003,P0013,116,156.51897644885867,-40.518976448858666
2023-12-29,S002,P0016,178,213.20036454378197,-35.20036454378197
2023-12-29,S001,P0012,86,93.57319548911875,-7.573195489118746
2023-12-29,S004,P0010,145,135.05780735542044,9.942192644579563
2023-12-29,S005,P0017,225,167.18429116077994,57.815708839220065
2023-12-29,S002,P0009,162,81.8998526535047,80.1001473464953
2023-12-29,S002,P0018,83,193.33312385175896,-110.33312385175896
2023-12-29,S004,P0019,219,112.85494212256964,106.14505787743036
2023-12-29,S005,P0010,171,199.21198197913156,-28.211981979131565
2023-12-29,S003,P0015,297,171.41318827592517,125.58681172407483
2023-12-29,S001,P0020,62,39.39093247473676,22.609067525263242
2023-12-29,S001,P0001,168,113.00466767786077,54.995332322139234
2023-12-29,S003,P0005,248,168.20258275532342,79.79741724467658
2023-12-29,S004,P0007,152,88.245804736938,63.754195263062
2023-12-29,S003,P0019,10,237.58002098783055,-227.58002098783055
2023-12-29,S002,P0014,87,166.61504635927673,-79.61504635927673
2023-12-29,S005,P0014,198,123.1810918619637,74.8189081380363
2023-12-29,S005,P0009,156,81.0963382418891,74.9036617581109
2023-12-29,S002,P0017,41,30.26013824139102,10.739861758608981
2023-12-29,S004,P0008,71,35.553343303167765,35.446656696832235
2023-12-29,S002,P0001,106,113.26436654972542,-7.264366549725423
2023-12-29,S004,P0002,13,180.35558023129926,-167.35558023129926
2023-12-29,S003,P0014,181,142.04521639202392,38.95478360797608
2023-12-29,S003,P0003,43,35.581236770151804,7.418763229848196
2023-12-29,S004,P0009,73,37.96691927568611,35.03308072431389
2023-12-29,S001,P0015,125,95.39401932518518,29.605980674814816
2023-12-29,S002,P0008,61,53.72778565263343,7.272214347366571
2023-12-29,S002,P0012,63,94.9976853007658,-31.997685300765795
2023-12-29,S005,P0004,132,91.85891347026597,40.141086529734025
2023-12-29,S004,P0013,30,43.09892968729565,-13.098929687295652
2023-12-29,S005,P0018,144,84.83592997217107,59.16407002782893
2023-12-29,S003,P0001,108,123.78450980099961,-15.784509800999615
2023-12-29,S004,P0012,103,119.70911597961464,-16.709115979614637
2023-12-29,S004,P0005,85,47.58795363985064,37.41204636014936
2023-12-29,S002,P0002,99,62.67676685907901,36.32323314092099
2023-12-29,S001,P0005,270,174.03232933076077,95.96767066923923
2023-12-29,S005,P0005,417,215.22649744261895,201.77350255738105
2023-12-29,S005,P0008,126,190.02288846015637,-64.02288846015637
2023-12-29,S004,P0011,241,158.38063093513563,82.61936906486437
2023-12-29,S001,P0009,147,190.69480925869885,-43.694809258698854
2023-12-29,S002,P0005,286,161.00163266245352,124.99836733754648
2023-12-29,S005,P0002,120,73.91472400939648,46.08527599060352
2023-12-29,S001,P0019,41,81.53870749411556,-40.538707494115556
2023-12-29,S003,P0012,132,144.39949235685094,-12.399492356850942
2023-12-29,S001,P0010,53,41.06924667472805,11.93075332527195
2023-12-29,S002,P0004,55,39.2067249623276,15.793275037672402
2023-12-29,S005,P0012,28,30.26349236618836,-2.263492366188359
2023-12-29,S005,P0015,64,33.58299741938049,30.41700258061951
2023-12-29,S004,P0006,192,162.4658382247024,29.534161775297605
2023-12-29,S003,P0020,48,40.69900719136626,7.300992808633737
2023-12-29,S005,P0003,144,169.92338544385535,-25.923385443855352
2023-12-29,S001,P0008,105,249.81934992999578,-144.81934992999578
2023-12-29,S005,P0011,336,175.80797986602437,160.19202013397563
2023-12-30,S005,P0006,77,55.84350995678324,21.156490043216763
2023-12-30,S005,P0020,149,123.71890049782667,25.281099502173333
2023-12-30,S004,P0019,11,165.0648099977128,-154.0648099977128
2023-12-30,S001,P0004,43,79.49738773899327,-36.49738773899327
2023-12-30,S005,P0009,237,198.4501559551951,38.5498440448049
2023-12-30,S003,P0018,8,47.049592899285585,-39.049592899285585
2023-12-30,S005,P0004,153,103.36270185397206,49.637298146027945
2023-12-30,S002,P0017,84,80.97165296911743,3.0283470308825713
2023-12-30,S003,P0019,208,166.08607500654534,41.91392499345466
2023-12-30,S003,P0005,271,244.203465367229,26.796534632771
2023-12-30,S005,P0017,150,78.2118130900459,71.7881869099541
2023-12-30,S001,P0012,160,125.4113948193193,34.5886051806807
2023-12-30,S005,P0003,29,30.865052214624598,-1.8650522146245976
2023-12-30,S005,P0012,216,148.4167381133032,67.58326188669679
2023-12-30,S005,P0002,183,220.931720104298,-37.931720104297995
2023-12-30,S002,P0005,73,77.85988978688488,-4.859889786884878
2023-12-30,S005,P0005,472,245.33175876031135,226.66824123968865
2023-12-30,S003,P0007,124,192.4922608523616,-68.4922608523616
2023-12-30,S003,P0006,230,147.23411120309953,82.76588879690047
2023-12-30,S002,P0013,201,99.1120334155587,101.8879665844413
2023-12-30,S001,P0011,55,59.091586948150564,-4.091586948150564
2023-12-30,S004,P0001,106,237.5195361260769,-131.5195361260769
2023-12-30,S001,P0013,136,82.58793209370577,53.412067906294226
2023-12-30,S005,P0001,92,115.0689249660972,-23.0689249660972
2023-12-30,S001,P0007,368,211.23995332223006,156.76004667776994
2023-12-30,S002,P0006,102,92.14212355531856,9.857876444681438
2023-12-30,S001,P0014,46,223.19023482722002,-177.19023482722002
2023-12-30,S004,P0020,67,98.65613869648206,-31.65613869648206
2023-12-30,S003,P0003,265,192.6085295507172,72.39147044928279
2023-12-30,S002,P0015,18,40.97626221763079,-22.97626221763079
2023-12-30,S002,P0019,53,29.011669319646956,23.988330680353044
2023-12-30,S004,P0002,241,198.96294051395137,42.03705948604863
2023-12-30,S004,P0016,79,85.51640492144617,-6.516404921446167
2023-12-30,S003,P0016,224,154.73813259900408,69.26186740099592
2023-12-30,S001,P0019,94,84.8622892657325,9.1377107342675
2023-12-30,S003,P0012,61,47.995659414965985,13.004340585034015
2023-12-30,S001,P0008,12,34.489780619480655,-22.489780619480655
2023-12-30,S001,P0001,30,102.82640148507232,-72.82640148507232
2023-12-30,S005,P0008,222,157.40975048493038,64.59024951506962
2023-12-30,S001,P0005,132,230.44460438644637,-98.44460438644637
2023-12-30,S003,P0001,31,196.93280450954626,-165.93280450954626
2023-12-30,S002,P0002,40,86.48643396231836,-46.48643396231836
2023-12-30,S004,P0012,262,142.5839310895284,119.41606891047161
2023-12-30,S005,P0018,29,27.94235541006833,1.0576445899316695
2023-12-30,S002,P0010,57,108.99899755748015,-51.99899755748015
2023-12-30,S004,P0013,326,163.90521603277887,162.09478396722113
2023-12-30,S003,P0011,118,107.4873349183714,10.512665081628597
2023-12-30,S001,P0010,331,216.1363217210112,114.8636782789888
2023-12-30,S004,P0005,150,207.37599545966106,-57.375995459661056
2023-12-30,S005,P0015,46,24.00639271408363,21.99360728591637
2023-12-30,S004,P0006,11,114.3337953450939,-103.3337953450939
2023-12-30,S002,P0016,336,194.86089353675078,141.13910646324922
2023-12-30,S003,P0014,81,180.62163661911745,-99.62163661911745
2023-12-30,S002,P0018,359,212.77792284811198,146.22207715188802
2023-12-30,S004,P0008,188,95.679851593747,92.320148406253
2023-12-30,S002,P0001,36,158.03580521253713,-122.03580521253713
2023-12-30,S005,P0014,153,78.04665169593721,74.95334830406279
2023-12-30,S004,P0007,247,134.09582001314766,112.90417998685234
2023-12-30,S004,P0009,116,155.41539479474693,-39.41539479474693
2023-12-30,S001,P0020,53,25.1105948379319,27.8894051620681
2023-12-30,S003,P0015,220,147.0907064648788,72.90929353512121
2023-12-30,S005,P0010,58,50.94990136663091,7.050098633369089
2023-12-30,S002,P0009,179,173.81956062416072,5.180439375839285
2023-12-30,S004,P0010,264,169.22012692550294,94.77987307449706
2023-12-30,S003,P0013,119,153.00547387710765,-34.00547387710765
2023-12-30,S002,P0008,228,114.77544911798611,113.22455088201389
2023-12-30,S004,P0011,291,176.99896835024333,114.00103164975667
2023-12-30,S001,P0002,105,165.64591142134532,-60.64591142134532
2023-12-30,S001,P0018,32,61.46457518383744,-29.46457518383744
2023-12-30,S001,P0009,138,81.15301117491617,56.84698882508383
2023-12-30,S005,P0007,58,233.10569911047918,-175.10569911047918
2023-12-30,S004,P0017,383,192.335453150592,190.664546849408
2023-12-30,S003,P0009,190,108.35705653289193,81.64294346710807
2023-12-30,S004,P0018,171,189.5429066625759,-18.542906662575888
2023-12-30,S003,P0004,157,133.34425707786022,23.65574292213978
2023-12-30,S001,P0016,64,71.54343069242987,-7.543430692429865
2023-12-30,S001,P0015,60,66.89751388455232,-6.897513884552325
2023-12-30,S005,P0011,6,134.60671790066567,-128.60671790066567
2023-12-30,S002,P0012,119,106.87123343620215,12.128766563797853
2023-12-30,S005,P0019,29,242.10690340201592,-213.10690340201592
2023-12-30,S004,P0003,167,168.94800880235783,-1.9480088023578332
2023-12-30,S002,P0020,269,175.06085610013383,93.93914389986617
2023-12-30,S005,P0013,234,140.72238062572922,93.27761937427078
2023-12-30,S003,P0017,37,47.459183618389716,-10.459183618389716
2023-12-30,S003,P0002,174,223.796629934623,-49.79662993462301
2023-12-30,S003,P0010,38,49.79173358693532,-11.791733586935322
2023-12-30,S002,P0014,52,61.76010593313208,-9.760105933132081
2023-12-30,S004,P0015,60,129.4043196646021,-69.4043196646021
2023-12-30,S002,P0011,29,24.435325575392312,4.564674424607688
2023-12-30,S004,P0004,12,29.18340326959435,-17.18340326959435
2023-12-30,S001,P0003,91,161.6035947749403,-70.60359477494029
2023-12-30,S002,P0004,257,152.8986113849166,104.10138861508341
2023-12-30,S003,P0008,160,146.27352417673114,13.726475823268856
2023-12-30,S002,P0003,92,76.75078142908058,15.249218570919425
2023-12-30,S001,P0017,43,59.55153470257204,-16.55153470257204
2023-12-30,S004,P0014,55,194.22418141984753,-139.22418141984753
2023-12-30,S002,P0007,13,61.88986915124224,-48.88986915124224
2023-12-30,S001,P0006,38,146.13313810972016,-108.13313810972016
2023-12-30,S005,P0016,11,31.605158999106152,-20.605158999106152
2023-12-31,S002,P0014,119,144.60270156829574,-25.602701568295743
2023-12-31,S003,P0001,24,94.95558785389034,-70.95558785389034
2023-12-31,S002,P0015,44,134.16184968569422,-90.16184968569422
2023-12-31,S002,P0016,12,164.48823406426487,-152.48823406426487
2023-12-31,S003,P0003,144,110.61126644619799,33.38873355380201
2023-12-31,S002,P0018,101,101.34049685272191,-0.34049685272191255
2023-12-31,S002,P0020,158,220.16510816985493,-62.16510816985493
2023-12-31,S002,P0017,293,237.40290342665173,55.59709657334827
2023-12-31,S002,P0019,284,162.40820125746734,121.59179874253266
2023-12-31,S003,P0004,165,85.93877930625791,79.06122069374209
2023-12-31,S003,P0002,321,179.9456219830913,141.0543780169087
2023-12-31,S005,P0017,162,185.58609888900372,-23.586098889003722
2023-12-31,S004,P0020,139,86.86625360683593,52.133746393164074
2023-12-31,S005,P0007,162,215.0641222843429,-53.064122284342886
2023-12-31,S001,P0018,0,148.5964723310616,-148.5964723310616
2023-12-31,S004,P0004,184,111.78029156790734,72.21970843209266
2023-12-31,S005,P0008,8,124.50307661118802,-116.50307661118802
2023-12-31,S004,P0003,33,83.39391505324141,-50.393915053241415
2023-12-31,S002,P0004,187,228.00844106700117,-41.00844106700117
2023-12-31,S004,P0014,86,221.43120724899683,-135.43120724899683
2023-12-31,S001,P0009,54,73.24048218574421,-19.240482185744213
2023-12-31,S004,P0002,194,150.6442714535852,43.35572854641481
2023-12-31,S005,P0002,271,150.05096072530324,120.94903927469676
2023-12-31,S004,P0001,86,101.61373188545662,-15.613731885456616
2023-12-31,S002,P0005,396,235.11013469591717,160.88986530408283
2023-12-31,S005,P0009,15,69.9043102956399,-54.9043102956399
2023-12-31,S001,P0017,156,112.47715446427293,43.52284553572707
2023-12-31,S003,P0020,17,55.12019593940926,-38.12019593940926
2023-12-31,S001,P0001,26,68.06638706237499,-42.066387062374986
2023-12-31,S005,P0010,217,118.13190374615954,98.86809625384046
2023-12-31,S001,P0013,111,229.36719056089822,-118.36719056089822
2023-12-31,S003,P0019,184,115.08569006495719,68.91430993504281
2023-12-31,S002,P0003,86,58.67534619028362,27.32465380971638
2023-12-31,S003,P0005,6,47.29848468267488,-41.29848468267488
2023-12-31,S005,P0003,155,117.72939807562545,37.270601924374546
2023-12-31,S004,P0005,134,114.14060507658888,19.859394923411116
2023-12-31,S001,P0019,62,204.01278600939122,-142.01278600939122
2023-12-31,S005,P0005,210,221.31200808560874,-11.312008085608738
2023-12-31,S004,P0011,30,33.592565563554274,-3.592565563554274
2023-12-31,S004,P0012,77,72.00681754620291,4.99318245379709
2023-12-31,S004,P0010,47,92.48689330083982,-45.486893300839824
2023-12-31,S001,P0020,37,58.137753365657375,-21.137753365657375
2023-12-31,S001,P0012,25,188.82904464831216,-163.82904464831216
2023-12-31,S004,P0013,37,127.589465549978,-90.589465549978
2023-12-31,S004,P0009,240,139.76533079992572,100.23466920007428
2023-12-31,S004,P0008,55,47.730570124923645,7.269429875076355
2023-12-31,S001,P0011,267,182.81970252512298,84.18029747487702
2023-12-31,S002,P0001,308,228.3720747536152,79.62792524638479
2023-12-31,S005,P0006,299,165.68431009760502,133.31568990239498
2023-12-31,S001,P0002,6,58.41881118017142,-52.41881118017142
2023-12-31,S004,P0007,83,62.47871559634967,20.521284403650327
2023-12-31,S004,P0006,101,58.698931918596884,42.301068081403116
2023-12-31,S002,P0002,28,88.83569269753264,-60.835692697532636
2023-12-31,S001,P0010,58,87.00093222948095,-29.000932229480952
2023-12-31,S001,P0003,143,123.50641486656184,19.49358513343816
2023-12-31,S005,P0019,17,116.42357261808712,-99.42357261808712
2023-12-31,S004,P0015,95,112.85349845109346,-17.853498451093458
2023-12-31,S002,P0006,187,159.88977142873927,27.110228571260734
2023-12-31,S004,P0016,221,166.89865630817127,54.10134369182873
2023-12-31,S003,P0011,290,227.8869335923593,62.1130664076407
2023-12-31,S002,P0011,189,112.41434779553413,76.58565220446587
2023-12-31,S005,P0014,22,151.1348996987128,-129.1348996987128
2023-12-31,S005,P0020,40,30.377154989319706,9.622845010680294
2023-12-31,S004,P0018,213,121.49934312358403,91.50065687641597
2023-12-31,S003,P0010,131,91.48906097760607,39.51093902239393
2023-12-31,S005,P0015,33,94.07169195232291,-61.07169195232291
2023-12-31,S003,P0009,114,199.76166510461013,-85.76166510461013
2023-12-31,S001,P0014,48,27.157676379310146,20.842323620689854
2023-12-31,S002,P0012,194,137.23287746965184,56.76712253034816
2023-12-31,S001,P0005,52,111.11879096306245,-59.11879096306245
2023-12-31,S005,P0016,54,74.47203158816558,-20.472031588165578
2023-12-31,S003,P0008,18,71.8136834689139,-53.813683468913894
2023-12-31,S001,P0015,164,103.31256161954735,60.68743838045265
2023-12-31,S003,P0007,56,96.61896158868939,-40.61896158868939
2023-12-31,S002,P0013,104,164.10147705313,-60.10147705313
2023-12-31,S004,P0019,88,233.74787019261447,-145.74787019261447
2023-12-31,S001,P0004,158,171.63928490171656,-13.639284901716564
2023-12-31,S003,P0006,288,158.48774074299473,129.51225925700527
2023-12-31,S001,P0008,100,72.06837326176822,27.931626738231785
2023-12-31,S005,P0001,39,41.28340214958138,-2.283402149581377
2023-12-31,S001,P0006,146,88.792205407491,57.207794592509
2023-12-31,S003,P0012,44,51.74253262083994,-7.742532620839938
2023-12-31,S005,P0018,111,109.56343372575515,1.4365662742448535
2023-12-31,S003,P0018,2,104.78380657371048,-102.78380657371048
2023-12-31,S005,P0011,13,31.383357566718985,-18.383357566718985
2023-12-31,S003,P0017,132,135.63073310302502,-3.6307331030250225
2023-12-31,S002,P0007,16,71.05701024332268,-55.05701024332268
2023-12-31,S003,P0016,1,30.557619026532393,-29.557619026532393
2023-12-31,S002,P0008,15,126.67776972052133,-111.67776972052133
2023-12-31,S002,P0010,37,191.32264457606863,-154.32264457606863
2023-12-31,S003,P0015,53,127.76046251373242,-74.76046251373242
2023-12-31,S001,P0007,181,163.4483021083044,17.551697891695596
2023-12-31,S003,P0014,125,227.4751464416401,-102.4751464416401
2023-12-31,S002,P0009,57,97.24617324147903,-40.24617324147903
2023-12-31,S001,P0016,61,119.14733643465678,-58.14733643465678
2023-12-31,S005,P0013,160,92.51823193864305,67.48176806135695
2023-12-31,S003,P0013,88,76.81179237810449,11.188207621895515
2023-12-31,S004,P0017,122,202.8595604334484,-80.8595604334484
2023-12-31,S005,P0012,52,64.31070025569409,-12.310700255694087
2023-12-31,S005,P0004,30,44.99272879644502,-14.992728796445022
2024-01-01,S001,P0014,232,147.8804483621962,84.1195516378038
2024-01-01,S005,P0002,97,128.2792250584792,-31.2792250584792
2024-01-01,S001,P0012,51,107.37810826328325,-56.37810826328325
2024-01-01,S005,P0001,201,148.14864733083226,52.85135266916774
2024-01-01,S005,P0003,92,50.92103765534688,41.07896234465312
2024-01-01,S001,P0013,220,178.59015644018058,41.40984355981942
2024-01-01,S003,P0005,291,203.92236288095557,87.07763711904443
2024-01-01,S002,P0017,12,119.19130133788974,-107.19130133788974
2024-01-01,S001,P0004,182,168.7935884550759,13.206411544924094
2024-01-01,S005,P0016,8,48.97613275581227,-40.97613275581227
2024-01-01,S001,P0005,272,237.25565254941637,34.74434745058363
2024-01-01,S005,P0015,323,203.36985480829486,119.63014519170514
2024-01-01,S005,P0014,190,164.07843514699385,25.921564853006146
2024-01-01,S001,P0006,87,152.16727276359063,-65.16727276359063
2024-01-01,S005,P0013,276,195.92667441526527,80.07332558473473
2024-01-01,S005,P0012,324,246.90485883702638,77.09514116297362
2024-01-01,S001,P0007,9,128.56419463449714,-119.56419463449714
2024-01-01,S005,P0011,121,77.21302140354095,43.78697859645905
2024-01-01,S005,P0018,36,140.04899100873018,-104.04899100873018
2024-01-01,S005,P0004,85,78.91805699750489,6.081943002495109
2024-01-01,S001,P0008,233,158.28055349385517,74.71944650614483
2024-01-01,S005,P0009,211,158.1908813760047,52.80911862399529
2024-01-01,S002,P0018,30,76.50696724758586,-46.50696724758586
2024-01-01,S001,P0009,22,84.12065787937331,-62.12065787937331
2024-01-01,S004,P0020,243,127.14920269714145,115.85079730285855
2024-01-01,S005,P0007,4,30.47798368737938,-26.47798368737938
2024-01-01,S001,P0003,64,36.25626572617364,27.743734273826362
2024-01-01,S001,P0010,70,85.14827751174568,-15.148277511745675
2024-01-01,S005,P0006,173,246.0830054780775,-73.0830054780775
2024-01-01,S001,P0011,15,224.29438907661148,-209.29438907661148
2024-01-01,S005,P0005,154,184.9035044157696,-30.90350441576959
2024-01-01,S002,P0019,240,205.2363714231393,34.7636285768607
2024-01-01,S005,P0010,184,156.62897239154148,27.37102760845852
2024-01-01,S005,P0008,292,204.65462927858562,87.34537072141438
2024-01-01,S003,P0001,114,69.51067844705801,44.48932155294199
2024-01-01,S001,P0015,257,178.99022601684658,78.00977398315342
2024-01-01,S002,P0005,200,233.35770921356823,-33.35770921356823
2024-01-01,S003,P0020,277,208.67445233164744,68.32554766835256
2024-01-01,S001,P0001,40,112.45608719540326,-72.45608719540326
2024-01-01,S003,P0019,184,127.58769756165458,56.41230243834542
2024-01-01,S002,P0006,159,81.56452550957516,77.43547449042484
2024-01-01,S003,P0003,9,56.640474727853416,-47.640474727853416
2024-01-01,S002,P0015,167,215.47115562717528,-48.47115562717528
2024-01-01,S003,P0018,219,187.55474766677048,31.44525233322952
2024-01-01,S003,P0017,44,119.59319021366815,-75.59319021366815
2024-01-01,S003,P0016,150,83.85137172486395,66.14862827513605
2024-01-01,S002,P0008,43,108.34902457343333,-65.34902457343333
2024-01-01,S003,P0015,174,134.94720801163794,39.05279198836206
2024-01-01,S003,P0014,74,115.31754913593221,-41.31754913593221
2024-01-01,S004,P0001,496,248.022194273332,247.977805726668
2024-01-01,S002,P0009,31,31.86031750609021,-0.8603175060902117
2024-01-01,S003,P0012,94,53.67410426730976,40.32589573269024
2024-01-01,S002,P0010,347,211.01664025753786,135.98335974246214
2024-01-01,S003,P0011,108,69.9351641743815,38.0648358256185
2024-01-01,S002,P0011,39,78.25974930311514,-39.25974930311514
2024-01-01,S003,P0010,398,205.54833809979692,192.45166190020308
2024-01-01,S003,P0009,14,248.02495329843936,-234.02495329843936
2024-01-01,S003,P0004,36,207.48723310586894,-171.48723310586894
2024-01-01,S002,P0014,327,171.54257522700374,155.45742477299626
2024-01-01,S002,P0012,130,97.74085035434393,32.259149645656066
2024-01-01,S003,P0008,74,51.8517089779408,22.148291022059198
2024-01-01,S003,P0007,97,54.62976181191317,42.37023818808683
2024-01-01,S002,P0013,19,236.2876403267059,-217.2876403267059
2024-01-01,S003,P0006,366,226.32467107521023,139.67532892478977
2024-01-01,S003,P0013,115,194.7225712621916,-79.7225712621916
2024-01-01,S004,P0019,44,32.37740534334796,11.62259465665204
2024-01-01,S004,P0002,180,92.0481293115817,87.9518706884183
2024-01-01,S003,P0002,229,195.77083136860102,33.22916863139898
2024-01-01,S004,P0018,1,42.132374469221304,-41.132374469221304
2024-01-01,S004,P0017,19,51.92222802655499,-32.92222802655499
2024-01-01,S001,P0016,13,38.67350487312041,-25.673504873120407
2024-01-01,S004,P0016,182,159.32052231372984,22.67947768627016
2024-01-01,S002,P0020,225,141.5565526175589,83.4434473824411
2024-01-01,S001,P0017,186,142.02807868622716,43.97192131377284
2024-01-01,S004,P0014,169,192.38549498071518,-23.38549498071518
2024-01-01,S001,P0018,29,95.70796627099833,-66.70796627099833
2024-01-01,S001,P0002,99,109.00450376299318,-10.004503762993181
2024-01-01,S004,P0013,6,56.29736530562559,-50.29736530562559
2024-01-01,S004,P0012,63,43.987050008398114,19.012949991601886
2024-01-01,S001,P0019,145,74.98438300085473,70.01561699914527
2024-01-01,S002,P0016,110,131.29015583238868,-21.290155832388677
2024-01-01,S002,P0004,46,68.23558647413859,-22.235586474138586
2024-01-01,S004,P0011,107,76.26973506964168,30.730264930358317
2024-01-01,S001,P0020,52,123.61310255899451,-71.61310255899451
2024-01-01,S004,P0009,47,60.198033284307485,-13.198033284307485
2024-01-01,S004,P0008,365,195.13600232082734,169.86399767917266
2024-01-01,S005,P0017,51,156.15007551390391,-105.15007551390391
2024-01-01,S002,P0001,18,210.0607244057502,-192.0607244057502
2024-01-01,S004,P0007,117,67.96961982896858,49.030380171031425
2024-01-01,S004,P0006,195,181.8428778314585,13.157122168541491
2024-01-01,S002,P0002,26,180.52615840742237,-154.52615840742237
2024-01-01,S004,P0005,112,107.7707613875703,4.229238612429697
2024-01-01,S005,P0019,264,187.43436162178983,76.56563837821017
2024-01-01,S002,P0003,93,185.6667198621882,-92.66671986218819
2024-01-01,S004,P0004,6,53.088559118819205,-47.088559118819205
2024-01-01,S004,P0003,72,208.53482859866784,-136.53482859866784
2024-01-01,S004,P0010,113,191.724048722472,-78.72404872247199
2024-01-01,S005,P0020,6,58.95375027072271,-52.95375027072271
